"coleta","station_id","num_bikes_available","num_bikes_disabled","num_docks_available","num_docks_disabled","status","is_installed","is_renting","is_returning","tipos_bikes_disponiveis","last_reported","feed_last_updated"
"2026-10-10 00:00:28","1",10,0,7,0,"IN_SERVICE",true,true,true,"FIT:10|BATTLE:0|BOOST:0|MUVO:0|EFIT:0",1791601123,1791601217
"2026-10-10 00:00:28","2",6,0,12,1,"IN_SERVICE",true,true,true,"FIT:5|BATTLE:0|BOOST:0|MUVO:0|EFIT:1",1791601214,1791601217
"2026-10-10 00:00:28","3",1,2,15,0,"IN_SERVICE",true,true,true,"FIT:1|BATTLE:0|BOOST:0|MUVO:0|EFIT:0",1791601203,1791601217
"2026-10-10 00:00:28","4",0,1,15,1,"IN_SERVICE",true,true,true,"FIT:0|BATTLE:0|BOOST:0|MUVO:0|EFIT:0",1791601079,1791601217
"2026-10-10 00:00:28","5",1,0,22,0,"IN_SERVICE",true,true,true,"FIT:1|BATTLE:0|BOOST:0|MUVO:0|EFIT:0",1791601159,1791601217
"2026-10-10 00:00:28","6",9,0,9,1,"IN_SERVICE",true,true,true,"FIT:9|BATTLE:0|BOOST:0|MUVO:0|EFIT:0",1791601196,1791601217
"2026-10-10 00:00:28","7",4,0,15,0,"IN_SERVICE",true,true,true,"FIT:4|BATTLE:0|BOOST:0|MUVO:0|EFIT:0",1791601143,1791601217
"2026-10-10 00:00:28","8",2,0,21,0,"IN_SERVICE",true,true,true,"FIT:2|BATTLE:0|BOOST:0|MUVO:0|EFIT:0",1791601071,1791601217
"2026-10-10 00:00:28","9",16,0,7,0,"IN_SERVICE",true,true,true,"FIT:16|BATTLE:0|BOOST:0|MUVO:0|EFIT:0",1791601083,1791601217
"2026-10-10 00:00:28","10",18,0,1,0,"IN_SERVICE",true,true,true,"FIT:17|BATTLE:0|BOOST:0|MUVO:0|EFIT:1",1791601122,1791601217
"2026-10-10 00:00:28","11",16,0,1,0,"IN_SERVICE",true,true,true,"FIT:16|BATTLE:0|BOOST:0|MUVO:0|EFIT:0",1791601040,1791601217
"2026-10-10 00:00:28","12",15,0,4,0,"IN_SERVICE",true,true,true,"FIT:14|BATTLE:0|BOOST:0|MUVO:0|EFIT:1",1791601124,1791601217
"2026-10-10 00:00:28","14",10,0,13,0,"IN_SERVICE",true,true,true,"FIT:4|BATTLE:0|BOOST:0|MUVO:0|EFIT:6",1791601044,1791601217
"2026-10-10 00:00:28","15",12,0,3,0,"IN_SERVICE",true,true,true,"FIT:0|BATTLE:0|BOOST:0|MUVO:0|EFIT:12",1791601088,1791601217
"2026-10-10 00:00:28","16",17,0,6,0,"IN_SERVICE",true,true,true,"FIT:1|BATTLE:0|BOOST:0|MUVO:0|EFIT:16",1791601201,1791601217
"2026-10-10 00:00:28","17",13,0,6,0,"IN_SERVICE",true,true,true,"FIT:11|BATTLE:0|BOOST:0|MUVO:0|EFIT:2",1791601096,1791601217
"2026-10-10 00:00:28","18",8,0,7,0,"IN_SERVICE",true,true,true,"FIT:6|BATTLE:0|BOOST:0|MUVO:0|EFIT:2",1791601069,1791601217
"2026-10-10 00:00:28","19",1,0,9,1,"IN_SERVICE",true,true,true,"FIT:1|BATTLE:0|BOOST:0|MUVO:0|EFIT:0",1791601159,1791601217
"2026-10-10 00:00:28","20",4,3,15,1,"IN_SERVICE",true,true,true,"FIT:4|BATTLE:0|BOOST:0|MUVO:0|EFIT:0",1791601216,1791601217
"2026-10-10 00:00:28","21",5,1,10,0,"IN_SERVICE",true,true,true,"FIT:5|BATTLE:0|BOOST:0|MUVO:0|EFIT:0",1791601180,1791601217
"2026-10-10 00:00:28","22",5,0,10,0,"IN_SERVICE",true,true,true,"FIT:4|BATTLE:0|BOOST:0|MUVO:0|EFIT:1",1791601039,1791601217
"2026-10-10 00:00:28","23",10,4,6,0,"IN_SERVICE",true,true,true,"FIT:9|BATTLE:0|BOOST:0|MUVO:0|EFIT:1",1791601166,1791601217
"2026-10-10 00:00:28","24",5,2,16,0,"IN_SERVICE",true,true,true,"FIT:2|BATTLE:0|BOOST:0|MUVO:0|EFIT:3",1791601050,1791601217
"2026-10-10 00:00:28","25",3,0,16,0,"IN_SERVICE",true,true,true,"FIT:3|BATTLE:0|BOOST:0|MUVO:0|EFIT:0",1791601039,1791601217
"2026-10-10 00:00:28","26",1,1,21,0,"IN_SERVICE",true,true,true,"FIT:1|BATTLE:0|BOOST:0|MUVO:0|EFIT:0",1791601213,1791601217
"2026-10-10 00:00:28","27",7,1,23,0,"IN_SERVICE",true,true,true,"FIT:5|BATTLE:0|BOOST:0|MUVO:0|EFIT:2",1791601063,1791601217
"2026-10-10 00:00:28","28",24,2,2,1,"IN_SERVICE",true,true,true,"FIT:22|BATTLE:0|BOOST:0|MUVO:0|EFIT:2",1791601041,1791601217
"2026-10-10 00:00:28","30",17,0,0,0,"IN_SERVICE",true,true,true,"FIT:7|BATTLE:0|BOOST:0|MUVO:0|EFIT:10",1791601170,1791601217
"2026-10-10 00:00:28","31",25,0,5,0,"IN_SERVICE",true,true,true,"FIT:15|BATTLE:0|BOOST:0|MUVO:0|EFIT:10",1791601104,1791601217
"2026-10-10 00:00:28","32",17,0,10,0,"IN_SERVICE",true,true,true,"FIT:11|BATTLE:0|BOOST:0|MUVO:0|EFIT:6",1791601077,1791601217
"2026-10-10 00:00:28","33",9,2,2,0,"IN_SERVICE",true,true,true,"FIT:9|BATTLE:0|BOOST:0|MUVO:0|EFIT:0",1791601103,1791601217
"2026-10-10 00:00:28","34",8,5,17,1,"IN_SERVICE",true,true,true,"FIT:8|BATTLE:0|BOOST:0|MUVO:0|EFIT:0",1791601088,1791601217
"2026-10-10 00:00:28","35",5,1,29,0,"IN_SERVICE",true,true,true,"FIT:5|BATTLE:0|BOOST:0|MUVO:0|EFIT:0",1791601119,1791601217
"2026-10-10 00:00:28","36",4,0,11,0,"IN_SERVICE",true,true,true,"FIT:4|BATTLE:0|BOOST:0|MUVO:0|EFIT:0",1791601142,1791601217
"2026-10-10 00:00:28","37",1,0,13,0,"IN_SERVICE",true,true,true,"FIT:1|BATTLE:0|BOOST:0|MUVO:0|EFIT:0",1791601151,1791601217
"2026-10-10 00:00:28","38",1,2,29,0,"IN_SERVICE",true,true,true,"FIT:1|BATTLE:0|BOOST:0|MUVO:0|EFIT:0",1791601158,1791601217
"2026-10-10 00:00:28","39",1,2,9,0,"IN_SERVICE",true,true,true,"FIT:1|BATTLE:0|BOOST:0|MUVO:0|EFIT:0",1791601141,1791601217
"2026-10-10 00:00:28","40",8,1,10,0,"IN_SERVICE",true,true,true,"FIT:6|BATTLE:0|BOOST:0|MUVO:0|EFIT:2",1791601184,1791601217
"2026-10-10 00:00:28","41",1,1,16,0,"IN_SERVICE",true,true,true,"FIT:1|BATTLE:0|BOOST:0|MUVO:0|EFIT:0",1791601147,1791601217
"2026-10-10 00:00:28","42",4,0,15,0,"IN_SERVICE",true,true,true,"FIT:4|BATTLE:0|BOOST:0|MUVO:0|EFIT:0",1791601200,1791601217
"2026-10-10 00:00:28","43",6,2,9,0,"IN_SERVICE",true,true,true,"FIT:5|BATTLE:0|BOOST:0|MUVO:0|EFIT:1",1791601167,1791601217
"2026-10-10 00:00:28","44",14,1,4,0,"IN_SERVICE",true,true,true,"FIT:11|BATTLE:0|BOOST:0|MUVO:0|EFIT:3",1791601060,1791601217
"2026-10-10 00:00:28","45",15,1,3,0,"IN_SERVICE",true,true,true,"FIT:15|BATTLE:0|BOOST:0|MUVO:0|EFIT:0",1791601121,1791601217
"2026-10-10 00:00:28","46",9,3,12,0,"IN_SERVICE",true,true,true,"FIT:8|BATTLE:0|BOOST:0|MUVO:0|EFIT:1",1791601099,1791601217
"2026-10-10 00:00:28","47",5,1,9,0,"IN_SERVICE",true,true,true,"FIT:5|BATTLE:0|BOOST:0|MUVO:0|EFIT:0",1791601049,1791601217
"2026-10-10 00:00:28","48",0,1,18,0,"IN_SERVICE",true,true,true,"FIT:0|BATTLE:0|BOOST:0|MUVO:0|EFIT:0",1791601074,1791601217
"2026-10-10 00:00:28","49",0,1,12,1,"IN_SERVICE",true,true,true,"FIT:0|BATTLE:0|BOOST:0|MUVO:0|EFIT:0",1791601065,1791601217
"2026-10-10 00:00:28","50",5,3,14,1,"IN_SERVICE",true,true,true,"FIT:4|BATTLE:0|BOOST:0|MUVO:0|EFIT:1",1791601138,1791601217
"2026-10-10 00:00:28","51",1,1,14,1,"IN_SERVICE",true,true,true,"FIT:1|BATTLE:0|BOOST:0|MUVO:0|EFIT:0",1791601119,1791601217
"2026-10-10 00:00:28","52",11,0,3,1,"IN_SERVICE",true,true,true,"FIT:10|BATTLE:0|BOOST:0|MUVO:0|EFIT:1",1791601139,1791601217
"2026-10-10 00:00:28","53",9,0,2,0,"IN_SERVICE",true,true,true,"FIT:9|BATTLE:0|BOOST:0|MUVO:0|EFIT:0",1791601112,1791601217
"2026-10-10 00:00:28","54",7,0,12,0,"IN_SERVICE",true,true,true,"FIT:7|BATTLE:0|BOOST:0|MUVO:0|EFIT:0",1791601101,1791601217
"2026-10-10 00:00:28","55",4,0,13,0,"IN_SERVICE",true,true,true,"FIT:4|BATTLE:0|BOOST:0|MUVO:0|EFIT:0",1791601140,1791601217
"2026-10-10 00:00:28","56",20,0,3,0,"IN_SERVICE",true,true,true,"FIT:20|BATTLE:0|BOOST:0|MUVO:0|EFIT:0",1791601166,1791601217
"2026-10-10 00:00:28","57",4,0,11,0,"IN_SERVICE",true,true,true,"FIT:4|BATTLE:0|BOOST:0|MUVO:0|EFIT:0",1791601204,1791601217
"2026-10-10 00:00:28","58",19,0,3,1,"IN_SERVICE",true,true,true,"FIT:19|BATTLE:0|BOOST:0|MUVO:0|EFIT:0",1791601126,1791601217
"2026-10-10 00:00:28","59",4,0,7,0,"IN_SERVICE",true,true,true,"FIT:4|BATTLE:0|BOOST:0|MUVO:0|EFIT:0",1791601203,1791601217
"2026-10-10 00:00:28","60",9,0,6,0,"IN_SERVICE",true,true,true,"FIT:9|BATTLE:0|BOOST:0|MUVO:0|EFIT:0",1791601047,1791601217
"2026-10-10 00:00:28","61",9,0,8,0,"IN_SERVICE",true,true,true,"FIT:9|BATTLE:0|BOOST:0|MUVO:0|EFIT:0",1791601119,1791601217
"2026-10-10 00:00:28","62",9,0,6,0,"IN_SERVICE",true,true,true,"FIT:9|BATTLE:0|BOOST:0|MUVO:0|EFIT:0",1791601186,1791601217
"2026-10-10 00:00:28","63",1,0,13,0,"IN_SERVICE",true,true,true,"FIT:1|BATTLE:0|BOOST:0|MUVO:0|EFIT:0",1791601168,1791601217
"2026-10-10 00:00:28","64",11,0,8,0,"IN_SERVICE",true,true,true,"FIT:11|BATTLE:0|BOOST:0|MUVO:0|EFIT:0",1791601153,1791601217
"2026-10-10 00:00:28","65",0,1,22,0,"IN_SERVICE",true,true,true,"FIT:0|BATTLE:0|BOOST:0|MUVO:0|EFIT:0",1791601198,1791601217
"2026-10-10 00:00:28","66",1,0,7,1,"IN_SERVICE",true,true,true,"FIT:0|BATTLE:0|BOOST:0|MUVO:0|EFIT:1",1791601205,1791601217
"2026-10-10 00:00:28","67",11,1,3,0,"IN_SERVICE",true,true,true,"FIT:11|BATTLE:0|BOOST:0|MUVO:0|EFIT:0",1791601038,1791601217
"2026-10-10 00:00:28","68",21,0,2,0,"IN_SERVICE",true,true,true,"FIT:21|BATTLE:0|BOOST:0|MUVO:0|EFIT:0",1791601171,1791601217
"2026-10-10 00:00:28","69",23,0,0,0,"IN_SERVICE",true,true,true,"FIT:22|BATTLE:0|BOOST:0|MUVO:0|EFIT:1",1791601112,1791601217
"2026-10-10 00:00:28","70",21,0,2,0,"IN_SERVICE",true,true,true,"FIT:19|BATTLE:0|BOOST:0|MUVO:0|EFIT:2",1791601077,1791601217
"2026-10-10 00:00:28","71",17,0,2,0,"IN_SERVICE",true,true,true,"FIT:10|BATTLE:0|BOOST:0|MUVO:0|EFIT:7",1791601211,1791601217
"2026-10-10 00:00:28","73",0,2,21,0,"IN_SERVICE",true,true,true,"FIT:0|BATTLE:0|BOOST:0|MUVO:0|EFIT:0",1791601163,1791601217
"2026-10-10 00:00:28","74",1,0,18,0,"IN_SERVICE",true,true,true,"FIT:0|BATTLE:0|BOOST:0|MUVO:0|EFIT:1",1791601202,1791601217
"2026-10-10 00:00:28","75",2,0,13,0,"IN_SERVICE",true,true,true,"FIT:0|BATTLE:0|BOOST:0|MUVO:0|EFIT:2",1791601133,1791601217
"2026-10-10 00:00:28","76",3,1,15,0,"IN_SERVICE",true,true,true,"FIT:3|BATTLE:0|BOOST:0|MUVO:0|EFIT:0",1791601163,1791601217
"2026-10-10 00:00:28","77",2,1,15,0,"IN_SERVICE",true,true,true,"FIT:2|BATTLE:0|BOOST:0|MUVO:0|EFIT:0",1791601197,1791601217
"2026-10-10 00:00:28","78",10,0,1,0,"IN_SERVICE",true,true,true,"FIT:9|BATTLE:0|BOOST:0|MUVO:0|EFIT:1",1791601177,1791601217
"2026-10-10 00:00:28","79",11,0,0,0,"IN_SERVICE",true,true,true,"FIT:11|BATTLE:0|BOOST:0|MUVO:0|EFIT:0",1791601216,1791601217
"2026-10-10 00:00:28","80",11,0,6,1,"IN_SERVICE",true,true,true,"FIT:9|BATTLE:0|BOOST:0|MUVO:0|EFIT:2",1791601094,1791601217
"2026-10-10 00:00:28","81",3,1,11,0,"IN_SERVICE",true,true,true,"FIT:3|BATTLE:0|BOOST:0|MUVO:0|EFIT:0",1791601087,1791601217
"2026-10-10 00:00:28","82",9,2,18,0,"IN_SERVICE",true,true,true,"FIT:4|BATTLE:0|BOOST:0|MUVO:0|EFIT:5",1791601118,1791601217
"2026-10-10 00:00:28","83",7,0,21,3,"IN_SERVICE",true,true,true,"FIT:7|BATTLE:0|BOOST:0|MUVO:0|EFIT:0",1791601139,1791601217
"2026-10-10 00:00:28","84",0,0,15,0,"IN_SERVICE",true,true,true,"FIT:0|BATTLE:0|BOOST:0|MUVO:0|EFIT:0",1791601134,1791601217
"2026-10-10 00:00:28","85",3,1,19,0,"IN_SERVICE",true,true,true,"FIT:3|BATTLE:0|BOOST:0|MUVO:0|EFIT:0",1791601160,1791601217
"2026-10-10 00:00:28","86",10,0,24,1,"IN_SERVICE",true,true,true,"FIT:10|BATTLE:0|BOOST:0|MUVO:0|EFIT:0",1791601216,1791601217
"2026-10-10 00:00:28","87",0,0,19,0,"IN_SERVICE",true,true,true,"FIT:0|BATTLE:0|BOOST:0|MUVO:0|EFIT:0",1791601119,1791601217
"2026-10-10 00:00:28","88",16,0,3,0,"IN_SERVICE",true,true,true,"FIT:16|BATTLE:0|BOOST:0|MUVO:0|EFIT:0",1791601119,1791601217
"2026-10-10 00:00:28","89",2,1,11,1,"IN_SERVICE",true,true,true,"FIT:2|BATTLE:0|BOOST:0|MUVO:0|EFIT:0",1791601197,1791601217
"2026-10-10 00:00:28","90",1,1,10,0,"IN_SERVICE",true,true,true,"FIT:1|BATTLE:0|BOOST:0|MUVO:0|EFIT:0",1791601098,1791601217
"2026-10-10 00:00:28","91",2,0,9,0,"IN_SERVICE",true,true,true,"FIT:1|BATTLE:0|BOOST:0|MUVO:0|EFIT:1",1791601138,1791601217
"2026-10-10 00:00:28","92",1,0,14,0,"IN_SERVICE",true,true,true,"FIT:0|BATTLE:0|BOOST:0|MUVO:0|EFIT:1",1791601111,1791601217
"2026-10-10 00:00:28","93",5,1,9,0,"IN_SERVICE",true,true,true,"FIT:5|BATTLE:0|BOOST:0|MUVO:0|EFIT:0",1791601181,1791601217
"2026-10-10 00:00:28","94",5,1,9,0,"IN_SERVICE",true,true,true,"FIT:4|BATTLE:0|BOOST:0|MUVO:0|EFIT:1",1791601147,1791601217
"2026-10-10 00:00:28","95",6,0,11,0,"IN_SERVICE",true,true,true,"FIT:6|BATTLE:0|BOOST:0|MUVO:0|EFIT:0",1791601144,1791601217
"2026-10-10 00:00:28","96",4,3,13,0,"IN_SERVICE",true,true,true,"FIT:4|BATTLE:0|BOOST:0|MUVO:0|EFIT:0",1791601064,1791601217
"2026-10-10 00:00:28","97",0,1,14,0,"IN_SERVICE",true,true,true,"FIT:0|BATTLE:0|BOOST:0|MUVO:0|EFIT:0",1791601195,1791601217
"2026-10-10 00:00:28","98",1,0,11,2,"IN_SERVICE",true,true,true,"FIT:0|BATTLE:0|BOOST:0|MUVO:0|EFIT:1",1791601112,1791601217
"2026-10-10 00:00:28","99",2,1,8,0,"IN_SERVICE",true,true,true,"FIT:2|BATTLE:0|BOOST:0|MUVO:0|EFIT:0",1791601132,1791601217
"2026-10-10 00:00:28","100",7,4,3,0,"IN_SERVICE",true,true,true,"FIT:7|BATTLE:0|BOOST:0|MUVO:0|EFIT:0",1791601152,1791601217
"2026-10-10 00:00:28","101",8,1,10,0,"IN_SERVICE",true,true,true,"FIT:6|BATTLE:0|BOOST:0|MUVO:0|EFIT:2",1791601081,1791601217
"2026-10-10 00:00:28","102",4,1,22,0,"IN_SERVICE",true,true,true,"FIT:1|BATTLE:0|BOOST:0|MUVO:0|EFIT:3",1791601100,1791601217
"2026-10-10 00:00:28","103",5,2,8,0,"IN_SERVICE",true,true,true,"FIT:5|BATTLE:0|BOOST:0|MUVO:0|EFIT:0",1791601201,1791601217
"2026-10-10 00:00:28","104",3,1,7,0,"IN_SERVICE",true,true,true,"FIT:2|BATTLE:0|BOOST:0|MUVO:0|EFIT:1",1791601207,1791601217
"2026-10-10 00:00:28","105",2,1,13,0,"IN_SERVICE",true,true,true,"FIT:2|BATTLE:0|BOOST:0|MUVO:0|EFIT:0",1791601179,1791601217
"2026-10-10 00:00:28","107",18,0,1,0,"IN_SERVICE",true,true,true,"FIT:6|BATTLE:0|BOOST:0|MUVO:0|EFIT:12",1791601115,1791601217
"2026-10-10 00:00:28","109",30,1,4,0,"IN_SERVICE",true,true,true,"FIT:25|BATTLE:0|BOOST:0|MUVO:0|EFIT:5",1791601045,1791601217
"2026-10-10 00:00:28","111",14,1,3,0,"IN_SERVICE",true,true,true,"FIT:12|BATTLE:0|BOOST:0|MUVO:0|EFIT:2",1791601082,1791601217
"2026-10-10 00:00:28","112",6,1,12,0,"IN_SERVICE",true,true,true,"FIT:5|BATTLE:0|BOOST:0|MUVO:0|EFIT:1",1791601069,1791601217
"2026-10-10 00:00:28","113",14,0,1,0,"IN_SERVICE",true,true,true,"FIT:8|BATTLE:0|BOOST:0|MUVO:0|EFIT:6",1791601157,1791601217
"2026-10-10 00:00:28","114",18,3,2,0,"IN_SERVICE",true,true,true,"FIT:15|BATTLE:0|BOOST:0|MUVO:0|EFIT:3",1791601205,1791601217
"2026-10-10 00:00:28","116",14,5,0,0,"IN_SERVICE",true,true,true,"FIT:11|BATTLE:0|BOOST:0|MUVO:0|EFIT:3",1791601139,1791601217
"2026-10-10 00:00:28","117",23,4,0,0,"IN_SERVICE",true,true,true,"FIT:22|BATTLE:0|BOOST:0|MUVO:0|EFIT:1",1791601044,1791601217
"2026-10-10 00:00:28","118",12,3,0,0,"IN_SERVICE",true,true,true,"FIT:7|BATTLE:0|BOOST:0|MUVO:0|EFIT:5",1791601138,1791601217
"2026-10-10 00:00:28","119",7,0,4,0,"IN_SERVICE",true,true,true,"FIT:7|BATTLE:0|BOOST:0|MUVO:0|EFIT:0",1791601104,1791601217
"2026-10-10 00:00:28","120",13,1,9,0,"IN_SERVICE",true,true,true,"FIT:9|BATTLE:0|BOOST:0|MUVO:0|EFIT:4",1791601077,1791601217
"2026-10-10 00:00:28","121",7,3,13,0,"IN_SERVICE",true,true,true,"FIT:5|BATTLE:0|BOOST:0|MUVO:0|EFIT:2",1791601212,1791601217
"2026-10-10 00:00:28","122",14,0,9,0,"IN_SERVICE",true,true,true,"FIT:9|BATTLE:0|BOOST:0|MUVO:0|EFIT:5",1791601063,1791601217
"2026-10-10 00:00:28","123",3,0,11,0,"IN_SERVICE",true,true,true,"FIT:3|BATTLE:0|BOOST:0|MUVO:0|EFIT:0",1791601084,1791601217
"2026-10-10 00:00:28","124",0,0,15,0,"IN_SERVICE",true,true,true,"FIT:0|BATTLE:0|BOOST:0|MUVO:0|EFIT:0",1791601176,1791601217
"2026-10-10 00:00:28","125",0,0,19,0,"IN_SERVICE",true,true,true,"FIT:0|BATTLE:0|BOOST:0|MUVO:0|EFIT:0",1791601131,1791601217
"2026-10-10 00:00:28","126",8,0,7,0,"IN_SERVICE",true,true,true,"FIT:5|BATTLE:0|BOOST:0|MUVO:0|EFIT:3",1791601044,1791601217
"2026-10-10 00:00:28","127",2,0,13,0,"IN_SERVICE",true,true,true,"FIT:2|BATTLE:0|BOOST:0|MUVO:0|EFIT:0",1791601169,1791601217
"2026-10-10 00:00:28","128",10,2,7,0,"IN_SERVICE",true,true,true,"FIT:10|BATTLE:0|BOOST:0|MUVO:0|EFIT:0",1791601143,1791601217
"2026-10-10 00:00:28","129",4,3,4,0,"IN_SERVICE",true,true,true,"FIT:3|BATTLE:0|BOOST:0|MUVO:0|EFIT:1",1791601131,1791601217
"2026-10-10 00:00:28","131",8,3,12,0,"IN_SERVICE",true,true,true,"FIT:4|BATTLE:0|BOOST:0|MUVO:0|EFIT:4",1791601136,1791601217
"2026-10-10 00:00:28","132",11,0,8,0,"IN_SERVICE",true,true,true,"FIT:9|BATTLE:0|BOOST:0|MUVO:0|EFIT:2",1791601119,1791601217
"2026-10-10 00:00:28","133",0,0,15,0,"IN_SERVICE",true,true,true,"FIT:0|BATTLE:0|BOOST:0|MUVO:0|EFIT:0",1791601120,1791601217
"2026-10-10 00:00:28","134",7,0,16,0,"IN_SERVICE",true,true,true,"FIT:6|BATTLE:0|BOOST:0|MUVO:0|EFIT:1",1791601078,1791601217
"2026-10-10 00:00:28","136",5,0,9,1,"IN_SERVICE",true,true,true,"FIT:5|BATTLE:0|BOOST:0|MUVO:0|EFIT:0",1791601037,1791601217
"2026-10-10 00:00:28","137",13,0,6,0,"IN_SERVICE",true,true,true,"FIT:13|BATTLE:0|BOOST:0|MUVO:0|EFIT:0",1791601068,1791601217
"2026-10-10 00:00:28","138",11,0,3,1,"IN_SERVICE",true,true,true,"FIT:10|BATTLE:0|BOOST:0|MUVO:0|EFIT:1",1791601043,1791601217
"2026-10-10 00:00:28","139",21,0,2,0,"IN_SERVICE",true,true,true,"FIT:21|BATTLE:0|BOOST:0|MUVO:0|EFIT:0",1791601146,1791601217
"2026-10-10 00:00:28","140",25,0,4,0,"IN_SERVICE",true,true,true,"FIT:25|BATTLE:0|BOOST:0|MUVO:0|EFIT:0",1791601159,1791601217
"2026-10-10 00:00:28","141",5,0,10,0,"IN_SERVICE",true,true,true,"FIT:4|BATTLE:0|BOOST:0|MUVO:0|EFIT:1",1791601131,1791601217
"2026-10-10 00:00:28","142",14,0,5,0,"IN_SERVICE",true,true,true,"FIT:13|BATTLE:0|BOOST:0|MUVO:0|EFIT:1",1791601059,1791601217
"2026-10-10 00:00:28","143",2,0,12,1,"IN_SERVICE",true,true,true,"FIT:2|BATTLE:0|BOOST:0|MUVO:0|EFIT:0",1791601195,1791601217
"2026-10-10 00:00:28","145",13,0,6,0,"IN_SERVICE",true,true,true,"FIT:9|BATTLE:0|BOOST:0|MUVO:0|EFIT:4",1791601062,1791601217
"2026-10-10 00:00:28","146",2,2,11,0,"IN_SERVICE",true,true,true,"FIT:1|BATTLE:0|BOOST:0|MUVO:0|EFIT:1",1791601095,1791601217
"2026-10-10 00:00:28","148",5,1,9,0,"IN_SERVICE",true,true,true,"FIT:2|BATTLE:0|BOOST:0|MUVO:0|EFIT:3",1791601103,1791601217
"2026-10-10 00:00:28","149",1,0,14,0,"IN_SERVICE",true,true,true,"FIT:0|BATTLE:0|BOOST:0|MUVO:0|EFIT:1",1791601202,1791601217
"2026-10-10 00:00:28","150",6,2,7,1,"IN_SERVICE",true,true,true,"FIT:6|BATTLE:0|BOOST:0|MUVO:0|EFIT:0",1791601210,1791601217
"2026-10-10 00:00:28","152",1,1,9,0,"IN_SERVICE",true,true,true,"FIT:1|BATTLE:0|BOOST:0|MUVO:0|EFIT:0",1791601043,1791601217
"2026-10-10 00:00:28","153",2,0,17,0,"IN_SERVICE",true,true,true,"FIT:2|BATTLE:0|BOOST:0|MUVO:0|EFIT:0",1791601083,1791601217
"2026-10-10 00:00:28","154",13,1,3,0,"IN_SERVICE",true,true,true,"FIT:11|BATTLE:0|BOOST:0|MUVO:0|EFIT:2",1791601065,1791601217
"2026-10-10 00:00:28","155",15,2,2,0,"IN_SERVICE",true,true,true,"FIT:14|BATTLE:0|BOOST:0|MUVO:0|EFIT:1",1791601145,1791601217
"2026-10-10 00:00:28","157",16,3,0,0,"IN_SERVICE",true,true,true,"FIT:14|BATTLE:0|BOOST:0|MUVO:0|EFIT:2",1791601054,1791601217
"2026-10-10 00:00:28","158",18,1,0,0,"IN_SERVICE",true,true,true,"FIT:15|BATTLE:0|BOOST:0|MUVO:0|EFIT:3",1791601137,1791601217
"2026-10-10 00:00:28","159",1,2,12,0,"IN_SERVICE",true,true,true,"FIT:1|BATTLE:0|BOOST:0|MUVO:0|EFIT:0",1791601057,1791601217
"2026-10-10 00:00:28","160",5,0,8,0,"IN_SERVICE",true,true,true,"FIT:5|BATTLE:0|BOOST:0|MUVO:0|EFIT:0",1791601169,1791601217
"2026-10-10 00:00:28","161",2,1,8,0,"IN_SERVICE",true,true,true,"FIT:1|BATTLE:0|BOOST:0|MUVO:0|EFIT:1",1791601061,1791601217
"2026-10-10 00:00:28","162",1,0,16,0,"IN_SERVICE",true,true,true,"FIT:1|BATTLE:0|BOOST:0|MUVO:0|EFIT:0",1791601138,1791601217
"2026-10-10 00:00:28","163",1,2,14,0,"IN_SERVICE",true,true,true,"FIT:1|BATTLE:0|BOOST:0|MUVO:0|EFIT:0",1791601147,1791601217
"2026-10-10 00:00:28","164",1,0,16,0,"IN_SERVICE",true,true,true,"FIT:1|BATTLE:0|BOOST:0|MUVO:0|EFIT:0",1791601154,1791601217
"2026-10-10 00:00:28","165",3,0,12,0,"IN_SERVICE",true,true,true,"FIT:3|BATTLE:0|BOOST:0|MUVO:0|EFIT:0",1791601083,1791601217
"2026-10-10 00:00:28","166",2,0,9,0,"IN_SERVICE",true,true,true,"FIT:2|BATTLE:0|BOOST:0|MUVO:0|EFIT:0",1791601106,1791601217
"2026-10-10 00:00:28","167",6,0,25,0,"IN_SERVICE",true,true,true,"FIT:6|BATTLE:0|BOOST:0|MUVO:0|EFIT:0",1791601054,1791601217
"2026-10-10 00:00:28","168",3,0,16,0,"IN_SERVICE",true,true,true,"FIT:3|BATTLE:0|BOOST:0|MUVO:0|EFIT:0",1791601050,1791601217
"2026-10-10 00:00:28","169",2,1,12,0,"IN_SERVICE",true,true,true,"FIT:2|BATTLE:0|BOOST:0|MUVO:0|EFIT:0",1791601203,1791601217
"2026-10-10 00:00:28","170",7,0,7,0,"IN_SERVICE",true,true,true,"FIT:7|BATTLE:0|BOOST:0|MUVO:0|EFIT:0",1791601121,1791601217
"2026-10-10 00:00:28","171",3,0,8,0,"IN_SERVICE",true,true,true,"FIT:3|BATTLE:0|BOOST:0|MUVO:0|EFIT:0",1791601117,1791601217
"2026-10-10 00:00:28","172",10,0,1,0,"IN_SERVICE",true,true,true,"FIT:10|BATTLE:0|BOOST:0|MUVO:0|EFIT:0",1791601170,1791601217
"2026-10-10 00:00:28","173",13,0,2,0,"IN_SERVICE",true,true,true,"FIT:13|BATTLE:0|BOOST:0|MUVO:0|EFIT:0",1791601112,1791601217
"2026-10-10 00:00:28","174",13,0,2,0,"IN_SERVICE",true,true,true,"FIT:13|BATTLE:0|BOOST:0|MUVO:0|EFIT:0",1791601197,1791601217
"2026-10-10 00:00:28","175",16,0,6,0,"IN_SERVICE",true,true,true,"FIT:16|BATTLE:0|BOOST:0|MUVO:0|EFIT:0",1791601105,1791601217
"2026-10-10 00:00:28","176",15,0,0,0,"IN_SERVICE",true,true,true,"FIT:15|BATTLE:0|BOOST:0|MUVO:0|EFIT:0",1791601049,1791601217
"2026-10-10 00:00:28","177",11,0,4,0,"IN_SERVICE",true,true,true,"FIT:11|BATTLE:0|BOOST:0|MUVO:0|EFIT:0",1791601153,1791601217
"2026-10-10 00:00:28","178",14,0,4,1,"IN_SERVICE",true,true,true,"FIT:14|BATTLE:0|BOOST:0|MUVO:0|EFIT:0",1791601186,1791601217
"2026-10-10 00:00:28","179",11,0,8,0,"IN_SERVICE",true,true,true,"FIT:11|BATTLE:0|BOOST:0|MUVO:0|EFIT:0",1791601100,1791601217
"2026-10-10 00:00:28","180",15,0,0,0,"IN_SERVICE",true,true,true,"FIT:15|BATTLE:0|BOOST:0|MUVO:0|EFIT:0",1791601111,1791601217
"2026-10-10 00:00:28","181",9,0,6,0,"IN_SERVICE",true,true,true,"FIT:9|BATTLE:0|BOOST:0|MUVO:0|EFIT:0",1791601215,1791601217
"2026-10-10 00:00:28","182",11,0,8,0,"IN_SERVICE",true,true,true,"FIT:11|BATTLE:0|BOOST:0|MUVO:0|EFIT:0",1791601037,1791601217
"2026-10-10 00:00:28","183",1,0,18,0,"IN_SERVICE",true,true,true,"FIT:1|BATTLE:0|BOOST:0|MUVO:0|EFIT:0",1791601037,1791601217
"2026-10-10 00:00:28","184",0,0,19,0,"IN_SERVICE",true,true,true,"FIT:0|BATTLE:0|BOOST:0|MUVO:0|EFIT:0",1791601147,1791601217
"2026-10-10 00:00:28","185",16,2,0,0,"IN_SERVICE",true,true,true,"FIT:14|BATTLE:0|BOOST:0|MUVO:0|EFIT:2",1791601086,1791601217
"2026-10-10 00:00:28","186",3,0,8,0,"IN_SERVICE",true,true,true,"FIT:3|BATTLE:0|BOOST:0|MUVO:0|EFIT:0",1791601088,1791601217
"2026-10-10 00:00:28","187",12,0,5,0,"IN_SERVICE",true,true,true,"FIT:11|BATTLE:0|BOOST:0|MUVO:0|EFIT:1",1791601101,1791601217
"2026-10-10 00:00:28","188",14,0,2,1,"IN_SERVICE",true,true,true,"FIT:14|BATTLE:0|BOOST:0|MUVO:0|EFIT:0",1791601036,1791601217
"2026-10-10 00:00:28","189",4,0,11,0,"IN_SERVICE",true,true,true,"FIT:4|BATTLE:0|BOOST:0|MUVO:0|EFIT:0",1791601140,1791601217
"2026-10-10 00:00:28","190",15,0,14,2,"IN_SERVICE",true,true,true,"FIT:15|BATTLE:0|BOOST:0|MUVO:0|EFIT:0",1791601051,1791601217
"2026-10-10 00:00:28","192",9,0,1,0,"IN_SERVICE",true,true,true,"FIT:9|BATTLE:0|BOOST:0|MUVO:0|EFIT:0",1791601085,1791601217
"2026-10-10 00:00:28","193",3,0,12,0,"IN_SERVICE",true,true,true,"FIT:3|BATTLE:0|BOOST:0|MUVO:0|EFIT:0",1791601084,1791601217
"2026-10-10 00:00:28","194",4,0,13,0,"IN_SERVICE",true,true,true,"FIT:4|BATTLE:0|BOOST:0|MUVO:0|EFIT:0",1791601060,1791601217
"2026-10-10 00:00:28","195",9,0,6,0,"IN_SERVICE",true,true,true,"FIT:9|BATTLE:0|BOOST:0|MUVO:0|EFIT:0",1791601177,1791601217
"2026-10-10 00:00:28","196",5,0,10,0,"IN_SERVICE",true,true,true,"FIT:5|BATTLE:0|BOOST:0|MUVO:0|EFIT:0",1791601186,1791601217
"2026-10-10 00:00:28","197",5,0,9,1,"IN_SERVICE",true,true,true,"FIT:5|BATTLE:0|BOOST:0|MUVO:0|EFIT:0",1791601075,1791601217
"2026-10-10 00:00:28","198",13,0,2,0,"IN_SERVICE",true,true,true,"FIT:13|BATTLE:0|BOOST:0|MUVO:0|EFIT:0",1791601142,1791601217
"2026-10-10 00:00:28","199",18,0,9,0,"IN_SERVICE",true,true,true,"FIT:18|BATTLE:0|BOOST:0|MUVO:0|EFIT:0",1791601116,1791601217
"2026-10-10 00:00:28","200",15,0,0,0,"IN_SERVICE",true,true,true,"FIT:15|BATTLE:0|BOOST:0|MUVO:0|EFIT:0",1791601129,1791601217
"2026-10-10 00:00:28","201",6,0,9,0,"IN_SERVICE",true,true,true,"FIT:6|BATTLE:0|BOOST:0|MUVO:0|EFIT:0",1791601187,1791601217
"2026-10-10 00:00:28","202",5,0,14,0,"IN_SERVICE",true,true,true,"FIT:5|BATTLE:0|BOOST:0|MUVO:0|EFIT:0",1791601165,1791601217
"2026-10-10 00:00:28","203",2,0,16,1,"IN_SERVICE",true,true,true,"FIT:2|BATTLE:0|BOOST:0|MUVO:0|EFIT:0",1791601197,1791601217
"2026-10-10 00:00:28","204",3,0,14,0,"IN_SERVICE",true,true,true,"FIT:3|BATTLE:0|BOOST:0|MUVO:0|EFIT:0",1791601200,1791601217
"2026-10-10 00:00:28","205",0,0,17,0,"IN_SERVICE",true,true,true,"FIT:0|BATTLE:0|BOOST:0|MUVO:0|EFIT:0",1791601084,1791601217
"2026-10-10 00:00:28","206",0,0,15,0,"IN_SERVICE",true,true,true,"FIT:0|BATTLE:0|BOOST:0|MUVO:0|EFIT:0",1791601074,1791601217
"2026-10-10 00:00:28","207",2,1,21,0,"IN_SERVICE",true,true,true,"FIT:2|BATTLE:0|BOOST:0|MUVO:0|EFIT:0",1791601134,1791601217
"2026-10-10 00:00:28","208",4,1,12,0,"IN_SERVICE",true,true,true,"FIT:4|BATTLE:0|BOOST:0|MUVO:0|EFIT:0",1791601083,1791601217
"2026-10-10 00:00:28","209",3,0,16,0,"IN_SERVICE",true,true,true,"FIT:3|BATTLE:0|BOOST:0|MUVO:0|EFIT:0",1791601074,1791601217
"2026-10-10 00:00:28","210",14,2,13,0,"IN_SERVICE",true,true,true,"FIT:12|BATTLE:0|BOOST:0|MUVO:0|EFIT:2",1791601210,1791601217
"2026-10-10 00:00:28","212",0,0,14,1,"IN_SERVICE",true,true,true,"FIT:0|BATTLE:0|BOOST:0|MUVO:0|EFIT:0",1791601182,1791601217
"2026-10-10 00:00:28","213",1,0,18,0,"IN_SERVICE",true,true,true,"FIT:1|BATTLE:0|BOOST:0|MUVO:0|EFIT:0",1791601170,1791601217
"2026-10-10 00:00:28","214",2,0,19,0,"IN_SERVICE",true,true,true,"FIT:2|BATTLE:0|BOOST:0|MUVO:0|EFIT:0",1791601093,1791601217
"2026-10-10 00:00:28","215",0,0,22,1,"IN_SERVICE",true,true,true,"FIT:0|BATTLE:0|BOOST:0|MUVO:0|EFIT:0",1791601115,1791601217
"2026-10-10 00:00:28","217",14,1,0,0,"IN_SERVICE",true,true,true,"FIT:13|BATTLE:0|BOOST:0|MUVO:0|EFIT:1",1791601185,1791601217
"2026-10-10 00:00:28","220",17,0,2,0,"IN_SERVICE",true,true,true,"FIT:16|BATTLE:0|BOOST:0|MUVO:0|EFIT:1",1791601195,1791601217
"2026-10-10 00:00:28","221",13,0,2,0,"IN_SERVICE",true,true,true,"FIT:13|BATTLE:0|BOOST:0|MUVO:0|EFIT:0",1791601172,1791601217
"2026-10-10 00:00:28","222",6,2,9,0,"IN_SERVICE",true,true,true,"FIT:6|BATTLE:0|BOOST:0|MUVO:0|EFIT:0",1791601176,1791601217
"2026-10-10 00:00:28","223",16,0,1,0,"IN_SERVICE",true,true,true,"FIT:15|BATTLE:0|BOOST:0|MUVO:0|EFIT:1",1791601095,1791601217
"2026-10-10 00:00:28","224",0,0,15,0,"IN_SERVICE",true,true,true,"FIT:0|BATTLE:0|BOOST:0|MUVO:0|EFIT:0",1791601185,1791601217
"2026-10-10 00:00:28","225",7,1,3,0,"IN_SERVICE",true,true,true,"FIT:6|BATTLE:0|BOOST:0|MUVO:0|EFIT:1",1791601061,1791601217
"2026-10-10 00:00:28","226",23,0,0,0,"IN_SERVICE",true,true,true,"FIT:21|BATTLE:0|BOOST:0|MUVO:0|EFIT:2",1791601101,1791601217
"2026-10-10 00:00:28","228",11,0,6,2,"IN_SERVICE",true,true,true,"FIT:11|BATTLE:0|BOOST:0|MUVO:0|EFIT:0",1791601126,1791601217
"2026-10-10 00:00:28","229",12,1,4,1,"IN_SERVICE",true,true,true,"FIT:10|BATTLE:0|BOOST:0|MUVO:0|EFIT:2",1791601142,1791601217
"2026-10-10 00:00:28","230",16,0,3,0,"IN_SERVICE",true,true,true,"FIT:11|BATTLE:0|BOOST:0|MUVO:0|EFIT:5",1791601178,1791601217
"2026-10-10 00:00:28","231",14,0,1,0,"IN_SERVICE",true,true,true,"FIT:11|BATTLE:0|BOOST:0|MUVO:0|EFIT:3",1791601035,1791601217
"2026-10-10 00:00:28","232",22,4,3,0,"IN_SERVICE",true,true,true,"FIT:22|BATTLE:0|BOOST:0|MUVO:0|EFIT:0",1791601080,1791601217
"2026-10-10 00:00:28","233",6,1,24,0,"IN_SERVICE",true,true,true,"FIT:6|BATTLE:0|BOOST:0|MUVO:0|EFIT:0",1791601106,1791601217
"2026-10-10 00:00:28","234",7,1,7,0,"IN_SERVICE",true,true,true,"FIT:5|BATTLE:0|BOOST:0|MUVO:0|EFIT:2",1791601129,1791601217
"2026-10-10 00:00:28","235",5,1,8,1,"IN_SERVICE",true,true,true,"FIT:3|BATTLE:0|BOOST:0|MUVO:0|EFIT:2",1791601187,1791601217
"2026-10-10 00:00:28","236",2,3,10,0,"IN_SERVICE",true,true,true,"FIT:2|BATTLE:0|BOOST:0|MUVO:0|EFIT:0",1791601111,1791601217
"2026-10-10 00:00:28","237",1,0,13,0,"IN_SERVICE",true,true,true,"FIT:1|BATTLE:0|BOOST:0|MUVO:0|EFIT:0",1791601172,1791601217
"2026-10-10 00:00:28","238",2,1,11,0,"IN_SERVICE",true,true,true,"FIT:2|BATTLE:0|BOOST:0|MUVO:0|EFIT:0",1791601105,1791601217
"2026-10-10 00:00:28","239",0,0,15,0,"IN_SERVICE",true,true,true,"FIT:0|BATTLE:0|BOOST:0|MUVO:0|EFIT:0",1791601085,1791601217
"2026-10-10 00:00:28","240",0,4,10,0,"IN_SERVICE",true,true,true,"FIT:0|BATTLE:0|BOOST:0|MUVO:0|EFIT:0",1791601165,1791601217
"2026-10-10 00:00:28","241",4,0,11,0,"IN_SERVICE",true,true,true,"FIT:4|BATTLE:0|BOOST:0|MUVO:0|EFIT:0",1791601056,1791601217
"2026-10-10 00:00:28","242",2,2,10,0,"IN_SERVICE",true,true,true,"FIT:2|BATTLE:0|BOOST:0|MUVO:0|EFIT:0",1791601106,1791601217
"2026-10-10 00:00:28","244",9,0,2,0,"IN_SERVICE",true,true,true,"FIT:9|BATTLE:0|BOOST:0|MUVO:0|EFIT:0",1791601184,1791601217
"2026-10-10 00:00:28","246",3,1,11,0,"IN_SERVICE",true,true,true,"FIT:3|BATTLE:0|BOOST:0|MUVO:0|EFIT:0",1791601128,1791601217
"2026-10-10 00:00:28","247",2,0,15,1,"IN_SERVICE",true,true,true,"FIT:2|BATTLE:0|BOOST:0|MUVO:0|EFIT:0",1791601214,1791601217
"2026-10-10 00:00:28","248",2,0,13,0,"IN_SERVICE",true,true,true,"FIT:2|BATTLE:0|BOOST:0|MUVO:0|EFIT:0",1791601123,1791601217
"2026-10-10 00:00:28","250",1,0,10,0,"IN_SERVICE",true,true,true,"FIT:1|BATTLE:0|BOOST:0|MUVO:0|EFIT:0",1791601045,1791601217
"2026-10-10 00:00:28","252",1,0,18,0,"IN_SERVICE",true,true,true,"FIT:1|BATTLE:0|BOOST:0|MUVO:0|EFIT:0",1791601213,1791601217
"2026-10-10 00:00:28","253",5,0,6,0,"IN_SERVICE",true,true,true,"FIT:5|BATTLE:0|BOOST:0|MUVO:0|EFIT:0",1791601120,1791601217
"2026-10-10 00:00:28","254",1,0,10,0,"IN_SERVICE",true,true,true,"FIT:0|BATTLE:0|BOOST:0|MUVO:0|EFIT:1",1791601035,1791601217
"2026-10-10 00:00:28","255",7,1,3,0,"IN_SERVICE",true,true,true,"FIT:7|BATTLE:0|BOOST:0|MUVO:0|EFIT:0",1791601039,1791601217
"2026-10-10 00:00:28","256",13,2,0,0,"IN_SERVICE",true,true,true,"FIT:13|BATTLE:0|BOOST:0|MUVO:0|EFIT:0",1791601204,1791601217
"2026-10-10 00:00:28","257",20,2,2,0,"IN_SERVICE",true,true,true,"FIT:20|BATTLE:0|BOOST:0|MUVO:0|EFIT:0",1791601120,1791601217
"2026-10-10 00:00:28","259",2,3,12,0,"IN_SERVICE",true,true,true,"FIT:2|BATTLE:0|BOOST:0|MUVO:0|EFIT:0",1791601125,1791601217
"2026-10-10 00:00:28","260",4,1,22,0,"IN_SERVICE",true,true,true,"FIT:4|BATTLE:0|BOOST:0|MUVO:0|EFIT:0",1791601072,1791601217
"2026-10-10 00:00:28","261",2,0,13,0,"IN_SERVICE",true,true,true,"FIT:0|BATTLE:0|BOOST:0|MUVO:0|EFIT:2",1791601193,1791601217
"2026-10-10 00:00:28","262",0,2,12,1,"IN_SERVICE",true,true,true,"FIT:0|BATTLE:0|BOOST:0|MUVO:0|EFIT:0",1791601094,1791601217
"2026-10-10 00:00:28","263",0,0,11,0,"IN_SERVICE",true,true,true,"FIT:0|BATTLE:0|BOOST:0|MUVO:0|EFIT:0",1791601034,1791601217
"2026-10-10 00:00:28","271",9,1,1,0,"IN_SERVICE",true,true,true,"FIT:9|BATTLE:0|BOOST:0|MUVO:0|EFIT:0",1791601184,1791601217
"2026-10-10 00:00:28","273",9,0,7,1,"IN_SERVICE",true,true,true,"FIT:9|BATTLE:0|BOOST:0|MUVO:0|EFIT:0",1791601085,1791601217
"2026-10-10 00:00:28","285",9,0,2,0,"IN_SERVICE",true,true,true,"FIT:9|BATTLE:0|BOOST:0|MUVO:0|EFIT:0",1791601151,1791601217
"2026-10-10 00:00:28","287",8,0,3,0,"IN_SERVICE",true,true,true,"FIT:8|BATTLE:0|BOOST:0|MUVO:0|EFIT:0",1791601171,1791601217
"2026-10-10 00:00:28","290",0,0,11,0,"IN_SERVICE",true,true,true,"FIT:0|BATTLE:0|BOOST:0|MUVO:0|EFIT:0",1791601203,1791601217
"2026-10-10 00:00:28","293",8,1,9,1,"IN_SERVICE",true,true,true,"FIT:8|BATTLE:0|BOOST:0|MUVO:0|EFIT:0",1791601100,1791601217
"2026-10-10 00:00:28","295",1,0,18,0,"IN_SERVICE",true,true,true,"FIT:1|BATTLE:0|BOOST:0|MUVO:0|EFIT:0",1791601181,1791601217
"2026-10-10 00:00:28","299",0,0,11,0,"IN_SERVICE",true,true,true,"FIT:0|BATTLE:0|BOOST:0|MUVO:0|EFIT:0",1791601166,1791601217
"2026-10-10 00:00:28","304",2,1,8,0,"IN_SERVICE",true,true,true,"FIT:2|BATTLE:0|BOOST:0|MUVO:0|EFIT:0",1791601166,1791601217
"2026-10-10 00:00:28","305",2,0,21,0,"IN_SERVICE",true,true,true,"FIT:2|BATTLE:0|BOOST:0|MUVO:0|EFIT:0",1791601163,1791601217
"2026-10-10 00:00:28","313",3,0,8,0,"IN_SERVICE",true,true,true,"FIT:3|BATTLE:0|BOOST:0|MUVO:0|EFIT:0",1791601173,1791601217
"2026-10-10 00:00:28","314",9,0,8,0,"IN_SERVICE",true,true,true,"FIT:9|BATTLE:0|BOOST:0|MUVO:0|EFIT:0",1791601079,1791601217
"2026-10-10 00:00:28","329",10,0,7,0,"IN_SERVICE",true,true,true,"FIT:8|BATTLE:0|BOOST:0|MUVO:0|EFIT:2",1791601072,1791601217
"2026-10-10 00:00:28","330",1,1,10,0,"IN_SERVICE",true,true,true,"FIT:1|BATTLE:0|BOOST:0|MUVO:0|EFIT:0",1791601122,1791601217
"2026-10-10 00:00:28","336",13,0,4,0,"IN_SERVICE",true,true,true,"FIT:13|BATTLE:0|BOOST:0|MUVO:0|EFIT:0",1791601135,1791601217
"2026-10-10 00:00:28","337",13,0,6,0,"IN_SERVICE",true,true,true,"FIT:13|BATTLE:0|BOOST:0|MUVO:0|EFIT:0",1791601164,1791601217
"2026-10-10 00:00:28","338",21,0,2,0,"IN_SERVICE",true,true,true,"FIT:21|BATTLE:0|BOOST:0|MUVO:0|EFIT:0",1791601165,1791601217
"2026-10-10 00:00:28","339",13,1,2,1,"IN_SERVICE",true,true,true,"FIT:13|BATTLE:0|BOOST:0|MUVO:0|EFIT:0",1791601140,1791601217
"2026-10-10 00:00:28","340",13,0,2,0,"IN_SERVICE",true,true,true,"FIT:13|BATTLE:0|BOOST:0|MUVO:0|EFIT:0",1791601148,1791601217
"2026-10-10 00:00:28","342",7,0,4,0,"IN_SERVICE",true,true,true,"FIT:6|BATTLE:0|BOOST:0|MUVO:0|EFIT:1",1791601128,1791601217
"2026-10-10 00:00:28","343",15,0,0,0,"IN_SERVICE",true,true,true,"FIT:15|BATTLE:0|BOOST:0|MUVO:0|EFIT:0",1791601076,1791601217
"2026-10-10 00:00:28","344",8,0,7,0,"IN_SERVICE",true,true,true,"FIT:7|BATTLE:0|BOOST:0|MUVO:0|EFIT:1",1791601076,1791601217
"2026-10-10 00:00:28","345",9,1,17,0,"IN_SERVICE",true,true,true,"FIT:9|BATTLE:0|BOOST:0|MUVO:0|EFIT:0",1791601131,1791601217
"2026-10-10 00:00:28","346",25,1,3,2,"IN_SERVICE",true,true,true,"FIT:23|BATTLE:0|BOOST:0|MUVO:0|EFIT:2",1791601159,1791601217
"2026-10-10 00:00:28","347",6,0,21,0,"IN_SERVICE",true,true,true,"FIT:3|BATTLE:0|BOOST:0|MUVO:0|EFIT:3",1791601077,1791601217
"2026-10-10 00:00:28","349",15,0,0,0,"IN_SERVICE",true,true,true,"FIT:3|BATTLE:0|BOOST:0|MUVO:0|EFIT:12",1791601184,1791601217
"2026-10-10 00:00:28","350",22,0,1,0,"IN_SERVICE",true,true,true,"FIT:20|BATTLE:0|BOOST:0|MUVO:0|EFIT:2",1791592614,1791601217
"2026-10-10 00:00:28","351",10,1,8,0,"IN_SERVICE",true,true,true,"FIT:9|BATTLE:0|BOOST:0|MUVO:0|EFIT:1",1791601205,1791601217
"2026-10-10 00:00:28","352",10,0,1,0,"IN_SERVICE",true,true,true,"FIT:10|BATTLE:0|BOOST:0|MUVO:0|EFIT:0",1791601116,1791601217
"2026-10-10 00:00:28","353",11,0,4,0,"IN_SERVICE",true,true,true,"FIT:11|BATTLE:0|BOOST:0|MUVO:0|EFIT:0",1791601105,1791601217
"2026-10-10 00:00:28","354",7,1,2,1,"IN_SERVICE",true,true,true,"FIT:7|BATTLE:0|BOOST:0|MUVO:0|EFIT:0",1791601094,1791601217
"2026-10-10 00:00:28","355",11,0,0,0,"IN_SERVICE",true,true,true,"FIT:11|BATTLE:0|BOOST:0|MUVO:0|EFIT:0",1791601043,1791601217
"2026-10-10 00:00:28","356",11,0,4,0,"IN_SERVICE",true,true,true,"FIT:10|BATTLE:0|BOOST:0|MUVO:0|EFIT:1",1791601116,1791601217
"2026-10-10 00:00:28","357",11,1,5,0,"IN_SERVICE",true,true,true,"FIT:11|BATTLE:0|BOOST:0|MUVO:0|EFIT:0",1791601180,1791601217
"2026-10-10 00:00:28","358",3,0,12,0,"IN_SERVICE",true,true,true,"FIT:3|BATTLE:0|BOOST:0|MUVO:0|EFIT:0",1791601077,1791601217
"2026-10-10 00:00:28","360",8,0,3,0,"IN_SERVICE",true,true,true,"FIT:8|BATTLE:0|BOOST:0|MUVO:0|EFIT:0",1791601204,1791601217
"2026-10-10 00:00:28","361",2,0,17,0,"IN_SERVICE",true,true,true,"FIT:2|BATTLE:0|BOOST:0|MUVO:0|EFIT:0",1791601077,1791601217
"2026-10-10 00:00:28","362",6,0,17,0,"IN_SERVICE",true,true,true,"FIT:4|BATTLE:0|BOOST:0|MUVO:0|EFIT:2",1791601159,1791601217
"2026-10-10 00:00:28","363",9,1,1,0,"IN_SERVICE",true,true,true,"FIT:9|BATTLE:0|BOOST:0|MUVO:0|EFIT:0",1791601036,1791601217
"2026-10-10 00:00:28","364",13,0,10,0,"IN_SERVICE",true,true,true,"FIT:13|BATTLE:0|BOOST:0|MUVO:0|EFIT:0",1791601194,1791601217
"2026-10-10 00:00:28","365",4,0,7,0,"IN_SERVICE",true,true,true,"FIT:4|BATTLE:0|BOOST:0|MUVO:0|EFIT:0",1791601040,1791601217
"2026-10-10 00:00:28","366",15,1,11,0,"IN_SERVICE",true,true,true,"FIT:15|BATTLE:0|BOOST:0|MUVO:0|EFIT:0",1791601145,1791601217
"2026-10-10 00:00:28","367",13,0,18,0,"IN_SERVICE",true,true,true,"FIT:13|BATTLE:0|BOOST:0|MUVO:0|EFIT:0",1791601083,1791601217
"2026-10-10 00:00:28","370",17,0,0,0,"IN_SERVICE",true,true,true,"FIT:13|BATTLE:0|BOOST:0|MUVO:0|EFIT:4",1791601148,1791601217
"2026-10-10 00:00:28","371",15,0,0,0,"IN_SERVICE",true,true,true,"FIT:12|BATTLE:0|BOOST:0|MUVO:0|EFIT:3",1791601190,1791601217
"2026-10-10 00:00:28","372",3,0,12,0,"IN_SERVICE",true,true,true,"FIT:2|BATTLE:0|BOOST:0|MUVO:0|EFIT:1",1791601144,1791601217
"2026-10-10 00:00:28","373",11,0,3,0,"IN_SERVICE",true,true,true,"FIT:10|BATTLE:0|BOOST:0|MUVO:0|EFIT:1",1791601172,1791601217
"2026-10-10 00:00:28","374",8,3,8,0,"IN_SERVICE",true,true,true,"FIT:7|BATTLE:0|BOOST:0|MUVO:0|EFIT:1",1791601103,1791601217
"2026-10-10 00:00:28","375",7,0,7,1,"IN_SERVICE",true,true,true,"FIT:7|BATTLE:0|BOOST:0|MUVO:0|EFIT:0",1791601120,1791601217
"2026-10-10 00:00:28","376",5,0,6,0,"IN_SERVICE",true,true,true,"FIT:5|BATTLE:0|BOOST:0|MUVO:0|EFIT:0",1791601156,1791601217
"2026-10-10 00:00:28","377",16,2,1,0,"IN_SERVICE",true,true,true,"FIT:16|BATTLE:0|BOOST:0|MUVO:0|EFIT:0",1791601119,1791601217
"2026-10-10 00:00:28","378",15,0,0,0,"IN_SERVICE",true,true,true,"FIT:15|BATTLE:0|BOOST:0|MUVO:0|EFIT:0",1791601214,1791601217
"2026-10-10 00:00:28","379",2,0,15,0,"IN_SERVICE",true,true,true,"FIT:2|BATTLE:0|BOOST:0|MUVO:0|EFIT:0",1791601194,1791601217
"2026-10-10 00:00:28","381",15,0,0,0,"IN_SERVICE",true,true,true,"FIT:15|BATTLE:0|BOOST:0|MUVO:0|EFIT:0",1791601086,1791601217
"2026-10-10 00:00:28","382",8,0,11,0,"IN_SERVICE",true,true,true,"FIT:8|BATTLE:0|BOOST:0|MUVO:0|EFIT:0",1791601204,1791601217
"2026-10-10 00:00:28","383",6,0,5,0,"IN_SERVICE",true,true,true,"FIT:5|BATTLE:0|BOOST:0|MUVO:0|EFIT:1",1791601128,1791601217
"2026-10-10 00:00:28","384",14,0,1,0,"IN_SERVICE",true,true,true,"FIT:14|BATTLE:0|BOOST:0|MUVO:0|EFIT:0",1791601214,1791601217
"2026-10-10 00:00:28","389",3,0,8,0,"IN_SERVICE",true,true,true,"FIT:3|BATTLE:0|BOOST:0|MUVO:0|EFIT:0",1791601193,1791601217
"2026-10-10 00:00:28","391",7,0,10,0,"IN_SERVICE",true,true,true,"FIT:7|BATTLE:0|BOOST:0|MUVO:0|EFIT:0",1791601194,1791601217
"2026-10-10 00:00:28","404",16,1,10,0,"IN_SERVICE",true,true,true,"FIT:15|BATTLE:0|BOOST:0|MUVO:0|EFIT:1",1791601145,1791601217
"2026-10-10 00:00:28","416",13,0,2,0,"IN_SERVICE",true,true,true,"FIT:13|BATTLE:0|BOOST:0|MUVO:0|EFIT:0",1791598629,1791601217
"2026-10-10 00:00:28","417",14,0,1,0,"IN_SERVICE",true,true,true,"FIT:14|BATTLE:0|BOOST:0|MUVO:0|EFIT:0",1791601044,1791601217
"2026-10-10 00:00:28","418",15,2,2,0,"IN_SERVICE",true,true,true,"FIT:9|BATTLE:0|BOOST:0|MUVO:0|EFIT:6",1791601177,1791601217
"2026-10-10 00:00:28","419",1,3,12,3,"IN_SERVICE",true,true,true,"FIT:0|BATTLE:0|BOOST:0|MUVO:0|EFIT:1",1791601065,1791601217
"2026-10-10 00:00:28","421",15,0,7,1,"IN_SERVICE",true,true,true,"FIT:6|BATTLE:0|BOOST:0|MUVO:0|EFIT:9",1791601067,1791601217
"2026-10-10 00:00:28","422",4,0,7,0,"IN_SERVICE",true,true,true,"FIT:4|BATTLE:0|BOOST:0|MUVO:0|EFIT:0",1791601041,1791601217
"2026-10-10 00:00:28","424",13,4,2,0,"IN_SERVICE",true,true,true,"FIT:13|BATTLE:0|BOOST:0|MUVO:0|EFIT:0",1791601209,1791601217
"2026-10-10 00:00:28","425",1,2,24,0,"IN_SERVICE",true,true,true,"FIT:1|BATTLE:0|BOOST:0|MUVO:0|EFIT:0",1791601090,1791601217
"2026-10-10 00:00:28","426",5,1,9,0,"IN_SERVICE",true,true,true,"FIT:3|BATTLE:0|BOOST:0|MUVO:0|EFIT:2",1791601173,1791601217
"2026-10-10 00:00:28","427",15,0,0,0,"IN_SERVICE",true,true,true,"FIT:15|BATTLE:0|BOOST:0|MUVO:0|EFIT:0",1791601113,1791601217
"2026-10-10 00:00:28","429",1,0,14,0,"IN_SERVICE",true,true,true,"FIT:1|BATTLE:0|BOOST:0|MUVO:0|EFIT:0",1791601102,1791601217
"2026-10-10 00:00:28","430",13,0,2,0,"IN_SERVICE",true,true,true,"FIT:4|BATTLE:0|BOOST:0|MUVO:0|EFIT:9",1791601068,1791601217
"2026-10-10 00:00:28","431",3,0,8,0,"IN_SERVICE",true,true,true,"FIT:3|BATTLE:0|BOOST:0|MUVO:0|EFIT:0",1791601160,1791601217
"2026-10-10 00:00:28","432",2,1,8,0,"IN_SERVICE",true,true,true,"FIT:1|BATTLE:0|BOOST:0|MUVO:0|EFIT:1",1791601152,1791601217
"2026-10-10 00:00:28","433",1,0,10,0,"IN_SERVICE",true,true,true,"FIT:1|BATTLE:0|BOOST:0|MUVO:0|EFIT:0",1791601174,1791601217
"2026-10-10 00:00:28","434",1,0,21,1,"IN_SERVICE",true,true,true,"FIT:1|BATTLE:0|BOOST:0|MUVO:0|EFIT:0",1791601060,1791601217
"2026-10-10 00:00:28","435",18,0,1,0,"IN_SERVICE",true,true,true,"FIT:16|BATTLE:0|BOOST:0|MUVO:0|EFIT:2",1791601110,1791601217
"2026-10-10 00:00:28","436",11,0,0,0,"IN_SERVICE",true,true,true,"FIT:10|BATTLE:0|BOOST:0|MUVO:0|EFIT:1",1791601206,1791601217
"2026-10-10 00:00:28","437",4,0,7,0,"IN_SERVICE",true,true,true,"FIT:4|BATTLE:0|BOOST:0|MUVO:0|EFIT:0",1791601204,1791601217
"2026-10-10 00:00:28","438",3,0,7,1,"IN_SERVICE",true,true,true,"FIT:3|BATTLE:0|BOOST:0|MUVO:0|EFIT:0",1791601138,1791601217
"2026-10-10 00:00:28","439",7,0,8,0,"IN_SERVICE",true,true,true,"FIT:7|BATTLE:0|BOOST:0|MUVO:0|EFIT:0",1791601091,1791601217
"2026-10-10 00:00:28","440",0,0,11,0,"IN_SERVICE",true,true,true,"FIT:0|BATTLE:0|BOOST:0|MUVO:0|EFIT:0",1791601047,1791601217
"2026-10-10 00:00:28","442",0,0,11,0,"IN_SERVICE",true,true,true,"FIT:0|BATTLE:0|BOOST:0|MUVO:0|EFIT:0",1791601100,1791601217
"2026-10-10 00:00:28","443",9,0,17,1,"IN_SERVICE",true,true,true,"FIT:8|BATTLE:0|BOOST:0|MUVO:0|EFIT:1",1791601037,1791601217
"2026-10-10 00:00:28","446",15,0,2,0,"IN_SERVICE",true,true,true,"FIT:9|BATTLE:0|BOOST:0|MUVO:0|EFIT:6",1791601101,1791601217
"2026-10-10 00:00:28","448",0,1,9,1,"IN_SERVICE",true,true,true,"FIT:0|BATTLE:0|BOOST:0|MUVO:0|EFIT:0",1791601149,1791601217
"2026-10-10 00:00:28","451",2,0,8,1,"IN_SERVICE",true,true,true,"FIT:2|BATTLE:0|BOOST:0|MUVO:0|EFIT:0",1791601160,1791601217
"2026-10-10 00:00:28","452",18,1,0,0,"IN_SERVICE",true,true,true,"FIT:18|BATTLE:0|BOOST:0|MUVO:0|EFIT:0",1791601062,1791601217
"2026-10-10 00:00:28","454",13,1,1,0,"IN_SERVICE",true,true,true,"FIT:13|BATTLE:0|BOOST:0|MUVO:0|EFIT:0",1791601138,1791601217
"2026-10-10 00:00:28","455",3,0,8,0,"IN_SERVICE",true,true,true,"FIT:3|BATTLE:0|BOOST:0|MUVO:0|EFIT:0",1791601209,1791601217
"2026-10-10 00:00:28","459",14,2,1,0,"IN_SERVICE",true,true,true,"FIT:10|BATTLE:0|BOOST:0|MUVO:0|EFIT:4",1791601101,1791601217
"2026-10-10 00:00:28","460",5,0,18,0,"IN_SERVICE",true,true,true,"FIT:3|BATTLE:0|BOOST:0|MUVO:0|EFIT:2",1791601132,1791601217
"2026-10-10 00:00:28","461",9,0,6,0,"IN_SERVICE",true,true,true,"FIT:6|BATTLE:0|BOOST:0|MUVO:0|EFIT:3",1791601128,1791601217
"2026-10-10 00:00:28","462",2,0,13,0,"IN_SERVICE",true,true,true,"FIT:2|BATTLE:0|BOOST:0|MUVO:0|EFIT:0",1791601187,1791601217
"2026-10-10 00:00:28","463",14,1,0,0,"IN_SERVICE",true,true,true,"FIT:11|BATTLE:0|BOOST:0|MUVO:0|EFIT:3",1791601100,1791601217
"2026-10-10 00:00:28","464",5,0,6,0,"IN_SERVICE",true,true,true,"FIT:5|BATTLE:0|BOOST:0|MUVO:0|EFIT:0",1791601061,1791601217
"2026-10-10 00:00:28","466",17,0,2,0,"IN_SERVICE",true,true,true,"FIT:15|BATTLE:0|BOOST:0|MUVO:0|EFIT:2",1791601183,1791601217
"2026-10-10 00:00:28","467",3,0,12,0,"IN_SERVICE",true,true,true,"FIT:3|BATTLE:0|BOOST:0|MUVO:0|EFIT:0",1791601046,1791601217
"2026-10-10 00:00:28","468",17,1,0,0,"IN_SERVICE",true,true,true,"FIT:8|BATTLE:0|BOOST:0|MUVO:0|EFIT:9",1791601099,1791601217
"2026-10-10 00:00:28","469",18,0,1,0,"IN_SERVICE",true,true,true,"FIT:17|BATTLE:0|BOOST:0|MUVO:0|EFIT:1",1791601168,1791601217
"2026-10-10 00:00:28","470",11,1,7,0,"IN_SERVICE",true,true,true,"FIT:11|BATTLE:0|BOOST:0|MUVO:0|EFIT:0",1791601061,1791601217
"2026-10-10 00:00:28","471",4,1,14,0,"IN_SERVICE",true,true,true,"FIT:3|BATTLE:0|BOOST:0|MUVO:0|EFIT:1",1791601111,1791601217
"2026-10-10 00:00:28","473",10,0,1,0,"IN_SERVICE",true,true,true,"FIT:10|BATTLE:0|BOOST:0|MUVO:0|EFIT:0",1791601115,1791601217
"2026-10-10 00:00:28","474",8,0,7,0,"IN_SERVICE",true,true,true,"FIT:7|BATTLE:0|BOOST:0|MUVO:0|EFIT:1",1791601146,1791601217
"2026-10-10 00:00:28","477",2,1,13,0,"IN_SERVICE",true,true,true,"FIT:2|BATTLE:0|BOOST:0|MUVO:0|EFIT:0",1791601102,1791601217
"2026-10-10 00:00:28","479",17,1,1,0,"IN_SERVICE",true,true,true,"FIT:16|BATTLE:0|BOOST:0|MUVO:0|EFIT:1",1791601130,1791601217
"2026-10-10 00:00:28","487",11,0,0,0,"IN_SERVICE",true,true,true,"FIT:11|BATTLE:0|BOOST:0|MUVO:0|EFIT:0",1791601057,1791601217
"2026-10-10 00:00:28","488",1,0,14,0,"IN_SERVICE",true,true,true,"FIT:1|BATTLE:0|BOOST:0|MUVO:0|EFIT:0",1791601160,1791601217
"2026-10-10 00:00:28","489",12,1,9,1,"IN_SERVICE",true,true,true,"FIT:4|BATTLE:0|BOOST:0|MUVO:0|EFIT:8",1791601177,1791601217
"2026-10-10 00:00:28","490",4,6,1,0,"IN_SERVICE",true,true,true,"FIT:2|BATTLE:0|BOOST:0|MUVO:0|EFIT:2",1791601161,1791601217
"2026-10-10 00:00:28","491",5,0,8,4,"IN_SERVICE",true,true,true,"FIT:5|BATTLE:0|BOOST:0|MUVO:0|EFIT:0",1791601086,1791601217
"2026-10-10 00:00:28","492",10,0,5,0,"IN_SERVICE",true,true,true,"FIT:10|BATTLE:0|BOOST:0|MUVO:0|EFIT:0",1791601148,1791601217
"2026-10-10 00:00:28","493",9,0,9,1,"IN_SERVICE",true,true,true,"FIT:9|BATTLE:0|BOOST:0|MUVO:0|EFIT:0",1791601172,1791601217
"2026-10-10 00:00:28","494",8,0,11,0,"IN_SERVICE",true,true,true,"FIT:8|BATTLE:0|BOOST:0|MUVO:0|EFIT:0",1791601148,1791601217
"2026-10-10 00:00:28","495",18,0,1,0,"IN_SERVICE",true,true,true,"FIT:16|BATTLE:0|BOOST:0|MUVO:0|EFIT:2",1791601125,1791601217
"2026-10-10 00:00:28","497",4,0,11,0,"IN_SERVICE",true,true,true,"FIT:1|BATTLE:0|BOOST:0|MUVO:0|EFIT:3",1791601102,1791601217
"2026-10-10 00:00:28","498",2,0,17,0,"IN_SERVICE",true,true,true,"FIT:2|BATTLE:0|BOOST:0|MUVO:0|EFIT:0",1791601169,1791601217
"2026-10-10 00:00:28","499",1,1,9,0,"IN_SERVICE",true,true,true,"FIT:1|BATTLE:0|BOOST:0|MUVO:0|EFIT:0",1791601132,1791601217
"2026-10-10 00:00:28","500",10,1,0,0,"IN_SERVICE",true,true,true,"FIT:8|BATTLE:0|BOOST:0|MUVO:0|EFIT:2",1791601210,1791601217
"2026-10-10 00:00:28","501",22,0,0,0,"IN_SERVICE",true,true,true,"FIT:17|BATTLE:0|BOOST:0|MUVO:0|EFIT:5",1791601205,1791601217
"2026-10-10 00:00:28","503",7,2,18,0,"IN_SERVICE",true,true,true,"FIT:2|BATTLE:0|BOOST:0|MUVO:0|EFIT:5",1791601138,1791601217
"2026-10-10 00:00:28","504",2,1,8,0,"IN_SERVICE",true,true,true,"FIT:0|BATTLE:0|BOOST:0|MUVO:0|EFIT:2",1791601085,1791601217
"2026-10-10 00:00:28","505",2,0,17,0,"IN_SERVICE",true,true,true,"FIT:2|BATTLE:0|BOOST:0|MUVO:0|EFIT:0",1791601076,1791601217
"2026-10-10 00:00:28","506",1,0,26,0,"IN_SERVICE",true,true,true,"FIT:1|BATTLE:0|BOOST:0|MUVO:0|EFIT:0",1791601130,1791601217
"2026-10-10 00:00:28","508",3,2,14,0,"IN_SERVICE",true,true,true,"FIT:3|BATTLE:0|BOOST:0|MUVO:0|EFIT:0",1791601194,1791601217
"2026-10-10 00:00:28","509",13,0,6,0,"IN_SERVICE",true,true,true,"FIT:13|BATTLE:0|BOOST:0|MUVO:0|EFIT:0",1791601174,1791601217
"2026-10-10 00:00:28","518",2,1,8,0,"IN_SERVICE",true,true,true,"FIT:2|BATTLE:0|BOOST:0|MUVO:0|EFIT:0",1791601035,1791601217
"2026-10-10 00:00:28","519",5,0,10,0,"IN_SERVICE",true,true,true,"FIT:0|BATTLE:0|BOOST:0|MUVO:0|EFIT:5",1791601169,1791601217
"2026-10-10 00:00:28","520",4,0,7,0,"IN_SERVICE",true,true,true,"FIT:1|BATTLE:0|BOOST:0|MUVO:0|EFIT:3",1791601150,1791601217
"2026-10-10 00:00:28","521",13,4,0,0,"IN_SERVICE",true,true,true,"FIT:13|BATTLE:0|BOOST:0|MUVO:0|EFIT:0",1791601216,1791601217
"2026-10-10 00:00:28","522",7,0,12,0,"IN_SERVICE",true,true,true,"FIT:7|BATTLE:0|BOOST:0|MUVO:0|EFIT:0",1791584924,1791601217
"2026-10-10 00:00:28","523",17,0,2,0,"IN_SERVICE",true,true,true,"FIT:17|BATTLE:0|BOOST:0|MUVO:0|EFIT:0",1791601099,1791601217
"2026-10-10 00:00:28","524",13,1,2,0,"IN_SERVICE",true,true,true,"FIT:13|BATTLE:0|BOOST:0|MUVO:0|EFIT:0",1791601165,1791601217
"2026-10-10 00:00:28","525",7,0,12,0,"IN_SERVICE",true,true,true,"FIT:7|BATTLE:0|BOOST:0|MUVO:0|EFIT:0",1791601156,1791601217
"2026-10-10 00:00:28","526",4,0,11,0,"IN_SERVICE",true,true,true,"FIT:4|BATTLE:0|BOOST:0|MUVO:0|EFIT:0",1791601104,1791601217
"2026-10-10 00:00:28","528",11,0,3,1,"IN_SERVICE",true,true,true,"FIT:11|BATTLE:0|BOOST:0|MUVO:0|EFIT:0",1791601134,1791601217
"2026-10-10 00:00:28","529",2,0,13,0,"IN_SERVICE",true,true,true,"FIT:2|BATTLE:0|BOOST:0|MUVO:0|EFIT:0",1791601042,1791601217
"2026-10-10 00:00:28","530",2,0,17,0,"IN_SERVICE",true,true,true,"FIT:2|BATTLE:0|BOOST:0|MUVO:0|EFIT:0",1791601079,1791601217
"2026-10-10 00:00:28","531",3,0,14,0,"IN_SERVICE",true,true,true,"FIT:3|BATTLE:0|BOOST:0|MUVO:0|EFIT:0",1791601148,1791601217
"2026-10-10 00:00:28","536",6,0,5,0,"IN_SERVICE",true,true,true,"FIT:4|BATTLE:0|BOOST:0|MUVO:0|EFIT:2",1791601189,1791601217
"2026-10-10 00:00:28","538",9,0,2,0,"IN_SERVICE",true,true,true,"FIT:9|BATTLE:0|BOOST:0|MUVO:0|EFIT:0",1791601038,1791601217
"2026-10-10 00:00:28","539",13,0,2,0,"IN_SERVICE",true,true,true,"FIT:13|BATTLE:0|BOOST:0|MUVO:0|EFIT:0",1791601138,1791601217
"2026-10-10 00:00:28","540",1,0,14,0,"IN_SERVICE",true,true,true,"FIT:1|BATTLE:0|BOOST:0|MUVO:0|EFIT:0",1791601075,1791601217
"2026-10-10 00:00:28","541",0,0,15,0,"IN_SERVICE",true,true,true,"FIT:0|BATTLE:0|BOOST:0|MUVO:0|EFIT:0",1791601080,1791601217
"2026-10-10 00:00:28","542",6,0,9,0,"IN_SERVICE",true,true,true,"FIT:6|BATTLE:0|BOOST:0|MUVO:0|EFIT:0",1791601062,1791601217
"2026-10-10 00:00:28","543",0,0,15,0,"IN_SERVICE",true,true,true,"FIT:0|BATTLE:0|BOOST:0|MUVO:0|EFIT:0",1791601043,1791601217
"2026-10-10 00:00:28","548",15,0,0,0,"IN_SERVICE",true,true,true,"FIT:14|BATTLE:0|BOOST:0|MUVO:0|EFIT:1",1791601178,1791601217
"2026-10-10 00:00:28","549",14,0,1,0,"IN_SERVICE",true,true,true,"FIT:7|BATTLE:0|BOOST:0|MUVO:0|EFIT:7",1791601201,1791601217
"2026-10-10 00:00:28","551",11,0,4,0,"IN_SERVICE",true,true,true,"FIT:9|BATTLE:0|BOOST:0|MUVO:0|EFIT:2",1791601134,1791601217
"2026-10-10 00:00:28","555",13,0,2,0,"IN_SERVICE",true,true,true,"FIT:13|BATTLE:0|BOOST:0|MUVO:0|EFIT:0",1791601128,1791601217
"2026-10-10 00:00:28","559",16,2,9,0,"IN_SERVICE",true,true,true,"FIT:15|BATTLE:0|BOOST:0|MUVO:0|EFIT:1",1791601149,1791601217
"2026-10-10 00:00:28","565",1,0,14,0,"IN_SERVICE",true,true,true,"FIT:1|BATTLE:0|BOOST:0|MUVO:0|EFIT:0",1791601101,1791601217
"2026-10-10 00:00:28","566",16,1,0,0,"IN_SERVICE",true,true,true,"FIT:16|BATTLE:0|BOOST:0|MUVO:0|EFIT:0",1791601091,1791601217
"2026-10-10 00:00:28","567",0,0,17,0,"IN_SERVICE",true,true,true,"FIT:0|BATTLE:0|BOOST:0|MUVO:0|EFIT:0",1791601164,1791601217
"2026-10-10 00:00:28","570",0,0,11,0,"IN_SERVICE",true,true,true,"FIT:0|BATTLE:0|BOOST:0|MUVO:0|EFIT:0",1791601146,1791601217
"2026-10-10 00:00:28","572",9,0,14,0,"IN_SERVICE",true,true,true,"FIT:9|BATTLE:0|BOOST:0|MUVO:0|EFIT:0",1791601053,1791601217
"2026-10-10 00:00:28","576",11,0,12,0,"IN_SERVICE",true,true,true,"FIT:0|BATTLE:0|BOOST:0|MUVO:0|EFIT:11",1791601105,1791601217
"2026-10-10 00:00:28","577",13,0,2,0,"IN_SERVICE",true,true,true,"FIT:8|BATTLE:0|BOOST:0|MUVO:0|EFIT:5",1791601132,1791601217
"2026-10-10 00:00:28","590",1,0,9,0,"IN_SERVICE",true,true,true,"FIT:1|BATTLE:0|BOOST:0|MUVO:0|EFIT:0",1791601060,1791601217
"2026-10-10 00:00:28","593",14,0,1,0,"IN_SERVICE",true,true,true,"FIT:13|BATTLE:0|BOOST:0|MUVO:0|EFIT:1",1791601095,1791601217
"2026-10-10 00:00:28","594",8,0,11,0,"IN_SERVICE",true,true,true,"FIT:8|BATTLE:0|BOOST:0|MUVO:0|EFIT:0",1791601091,1791601217
"2026-10-10 00:00:28","595",0,0,14,1,"IN_SERVICE",true,true,true,"FIT:0|BATTLE:0|BOOST:0|MUVO:0|EFIT:0",1791601158,1791601217
"2026-10-10 00:00:28","597",9,0,8,2,"IN_SERVICE",true,true,true,"FIT:6|BATTLE:0|BOOST:0|MUVO:0|EFIT:3",1791601213,1791601217
"2026-10-10 00:00:28","598",0,0,9,0,"IN_SERVICE",true,true,true,"FIT:0|BATTLE:0|BOOST:0|MUVO:0|EFIT:0",1791601210,1791601217
"2026-10-10 00:15:18","1",10,0,7,0,"IN_SERVICE",true,true,true,"FIT:10|BATTLE:0|BOOST:0|MUVO:0|EFIT:0",1791602032,1791602101
"2026-10-10 00:15:18","2",6,0,12,1,"IN_SERVICE",true,true,true,"FIT:5|BATTLE:0|BOOST:0|MUVO:0|EFIT:1",1791601944,1791602101
"2026-10-10 00:15:18","3",2,2,14,0,"IN_SERVICE",true,true,true,"FIT:2|BATTLE:0|BOOST:0|MUVO:0|EFIT:0",1791601941,1791602101
"2026-10-10 00:15:18","4",0,1,15,1,"IN_SERVICE",true,true,true,"FIT:0|BATTLE:0|BOOST:0|MUVO:0|EFIT:0",1791601984,1791602101
"2026-10-10 00:15:18","5",1,0,22,0,"IN_SERVICE",true,true,true,"FIT:1|BATTLE:0|BOOST:0|MUVO:0|EFIT:0",1791602077,1791602101
"2026-10-10 00:15:18","6",9,0,9,1,"IN_SERVICE",true,true,true,"FIT:9|BATTLE:0|BOOST:0|MUVO:0|EFIT:0",1791601920,1791602101
"2026-10-10 00:15:18","7",4,0,15,0,"IN_SERVICE",true,true,true,"FIT:4|BATTLE:0|BOOST:0|MUVO:0|EFIT:0",1791602065,1791602101
"2026-10-10 00:15:18","8",2,0,21,0,"IN_SERVICE",true,true,true,"FIT:2|BATTLE:0|BOOST:0|MUVO:0|EFIT:0",1791601994,1791602101
"2026-10-10 00:15:18","9",16,0,7,0,"IN_SERVICE",true,true,true,"FIT:16|BATTLE:0|BOOST:0|MUVO:0|EFIT:0",1791601992,1791602101
"2026-10-10 00:15:18","10",18,0,1,0,"IN_SERVICE",true,true,true,"FIT:17|BATTLE:0|BOOST:0|MUVO:0|EFIT:1",1791602027,1791602101
"2026-10-10 00:15:18","11",16,0,1,0,"IN_SERVICE",true,true,true,"FIT:16|BATTLE:0|BOOST:0|MUVO:0|EFIT:0",1791601950,1791602101
"2026-10-10 00:15:18","12",15,0,4,0,"IN_SERVICE",true,true,true,"FIT:14|BATTLE:0|BOOST:0|MUVO:0|EFIT:1",1791602039,1791602101
"2026-10-10 00:15:18","14",11,0,12,0,"IN_SERVICE",true,true,true,"FIT:5|BATTLE:0|BOOST:0|MUVO:0|EFIT:6",1791601949,1791602101
"2026-10-10 00:15:18","15",12,0,3,0,"IN_SERVICE",true,true,true,"FIT:0|BATTLE:0|BOOST:0|MUVO:0|EFIT:12",1791601999,1791602101
"2026-10-10 00:15:18","16",17,0,6,0,"IN_SERVICE",true,true,true,"FIT:1|BATTLE:0|BOOST:0|MUVO:0|EFIT:16",1791601935,1791602101
"2026-10-10 00:15:18","17",13,0,6,0,"IN_SERVICE",true,true,true,"FIT:11|BATTLE:0|BOOST:0|MUVO:0|EFIT:2",1791602001,1791602101
"2026-10-10 00:15:18","18",8,0,7,0,"IN_SERVICE",true,true,true,"FIT:6|BATTLE:0|BOOST:0|MUVO:0|EFIT:2",1791601983,1791602101
"2026-10-10 00:15:18","19",4,0,6,1,"IN_SERVICE",true,true,true,"FIT:4|BATTLE:0|BOOST:0|MUVO:0|EFIT:0",1791602063,1791602101
"2026-10-10 00:15:18","20",3,3,16,1,"IN_SERVICE",true,true,true,"FIT:3|BATTLE:0|BOOST:0|MUVO:0|EFIT:0",1791601940,1791602101
"2026-10-10 00:15:18","21",5,1,10,0,"IN_SERVICE",true,true,true,"FIT:5|BATTLE:0|BOOST:0|MUVO:0|EFIT:0",1791602099,1791602101
"2026-10-10 00:15:18","22",5,0,10,0,"IN_SERVICE",true,true,true,"FIT:4|BATTLE:0|BOOST:0|MUVO:0|EFIT:1",1791601958,1791602101
"2026-10-10 00:15:18","23",10,4,6,0,"IN_SERVICE",true,true,true,"FIT:9|BATTLE:0|BOOST:0|MUVO:0|EFIT:1",1791602075,1791602101
"2026-10-10 00:15:18","24",4,2,17,0,"IN_SERVICE",true,true,true,"FIT:1|BATTLE:0|BOOST:0|MUVO:0|EFIT:3",1791601956,1791602101
"2026-10-10 00:15:18","25",3,0,16,0,"IN_SERVICE",true,true,true,"FIT:3|BATTLE:0|BOOST:0|MUVO:0|EFIT:0",1791601944,1791602101
"2026-10-10 00:15:18","26",1,1,21,0,"IN_SERVICE",true,true,true,"FIT:1|BATTLE:0|BOOST:0|MUVO:0|EFIT:0",1791601936,1791602101
"2026-10-10 00:15:18","27",7,1,23,0,"IN_SERVICE",true,true,true,"FIT:5|BATTLE:0|BOOST:0|MUVO:0|EFIT:2",1791601968,1791602101
"2026-10-10 00:15:18","28",25,2,1,1,"IN_SERVICE",true,true,true,"FIT:23|BATTLE:0|BOOST:0|MUVO:0|EFIT:2",1791601946,1791602101
"2026-10-10 00:15:18","30",17,0,0,0,"IN_SERVICE",true,true,true,"FIT:7|BATTLE:0|BOOST:0|MUVO:0|EFIT:10",1791602077,1791602101
"2026-10-10 00:15:18","31",25,0,5,0,"IN_SERVICE",true,true,true,"FIT:15|BATTLE:0|BOOST:0|MUVO:0|EFIT:10",1791602038,1791602101
"2026-10-10 00:15:18","32",15,0,12,0,"IN_SERVICE",true,true,true,"FIT:9|BATTLE:0|BOOST:0|MUVO:0|EFIT:6",1791601982,1791602101
"2026-10-10 00:15:18","33",9,2,2,0,"IN_SERVICE",true,true,true,"FIT:9|BATTLE:0|BOOST:0|MUVO:0|EFIT:0",1791602012,1791602101
"2026-10-10 00:15:18","34",8,0,22,1,"IN_SERVICE",true,true,true,"FIT:8|BATTLE:0|BOOST:0|MUVO:0|EFIT:0",1791601999,1791602101
"2026-10-10 00:15:18","35",5,1,29,0,"IN_SERVICE",true,true,true,"FIT:5|BATTLE:0|BOOST:0|MUVO:0|EFIT:0",1791602027,1791602101
"2026-10-10 00:15:18","36",4,0,11,0,"IN_SERVICE",true,true,true,"FIT:4|BATTLE:0|BOOST:0|MUVO:0|EFIT:0",1791602056,1791602101
"2026-10-10 00:15:18","37",1,0,13,0,"IN_SERVICE",true,true,true,"FIT:1|BATTLE:0|BOOST:0|MUVO:0|EFIT:0",1791602085,1791602101
"2026-10-10 00:15:18","38",0,0,31,0,"IN_SERVICE",true,true,true,"FIT:0|BATTLE:0|BOOST:0|MUVO:0|EFIT:0",1791602062,1791602101
"2026-10-10 00:15:18","39",0,0,11,0,"IN_SERVICE",true,true,true,"FIT:0|BATTLE:0|BOOST:0|MUVO:0|EFIT:0",1791602054,1791602101
"2026-10-10 00:15:18","40",8,1,10,0,"IN_SERVICE",true,true,true,"FIT:6|BATTLE:0|BOOST:0|MUVO:0|EFIT:2",1791601917,1791602101
"2026-10-10 00:15:18","41",1,1,16,0,"IN_SERVICE",true,true,true,"FIT:1|BATTLE:0|BOOST:0|MUVO:0|EFIT:0",1791602061,1791602101
"2026-10-10 00:15:18","42",4,0,15,0,"IN_SERVICE",true,true,true,"FIT:4|BATTLE:0|BOOST:0|MUVO:0|EFIT:0",1791601924,1791602101
"2026-10-10 00:15:18","43",6,2,9,0,"IN_SERVICE",true,true,true,"FIT:5|BATTLE:0|BOOST:0|MUVO:0|EFIT:1",1791602081,1791602101
"2026-10-10 00:15:18","44",14,1,4,0,"IN_SERVICE",true,true,true,"FIT:11|BATTLE:0|BOOST:0|MUVO:0|EFIT:3",1791601965,1791602101
"2026-10-10 00:15:18","45",15,1,3,0,"IN_SERVICE",true,true,true,"FIT:15|BATTLE:0|BOOST:0|MUVO:0|EFIT:0",1791602026,1791602101
"2026-10-10 00:15:18","46",8,3,13,0,"IN_SERVICE",true,true,true,"FIT:7|BATTLE:0|BOOST:0|MUVO:0|EFIT:1",1791602013,1791602101
"2026-10-10 00:15:18","47",5,1,9,0,"IN_SERVICE",true,true,true,"FIT:5|BATTLE:0|BOOST:0|MUVO:0|EFIT:0",1791601955,1791602101
"2026-10-10 00:15:18","48",0,1,18,0,"IN_SERVICE",true,true,true,"FIT:0|BATTLE:0|BOOST:0|MUVO:0|EFIT:0",1791601986,1791602101
"2026-10-10 00:15:18","49",0,1,12,1,"IN_SERVICE",true,true,true,"FIT:0|BATTLE:0|BOOST:0|MUVO:0|EFIT:0",1791601970,1791602101
"2026-10-10 00:15:18","50",5,3,14,1,"IN_SERVICE",true,true,true,"FIT:4|BATTLE:0|BOOST:0|MUVO:0|EFIT:1",1791602052,1791602101
"2026-10-10 00:15:18","51",1,1,14,1,"IN_SERVICE",true,true,true,"FIT:1|BATTLE:0|BOOST:0|MUVO:0|EFIT:0",1791602048,1791602101
"2026-10-10 00:15:18","52",11,0,3,1,"IN_SERVICE",true,true,true,"FIT:10|BATTLE:0|BOOST:0|MUVO:0|EFIT:1",1791602047,1791602101
"2026-10-10 00:15:18","53",9,0,2,0,"IN_SERVICE",true,true,true,"FIT:9|BATTLE:0|BOOST:0|MUVO:0|EFIT:0",1791602018,1791602101
"2026-10-10 00:15:18","54",7,0,12,0,"IN_SERVICE",true,true,true,"FIT:7|BATTLE:0|BOOST:0|MUVO:0|EFIT:0",1791602011,1791602101
"2026-10-10 00:15:18","55",4,0,13,0,"IN_SERVICE",true,true,true,"FIT:4|BATTLE:0|BOOST:0|MUVO:0|EFIT:0",1791602047,1791602101
"2026-10-10 00:15:18","56",19,0,4,0,"IN_SERVICE",true,true,true,"FIT:19|BATTLE:0|BOOST:0|MUVO:0|EFIT:0",1791602087,1791602101
"2026-10-10 00:15:18","57",4,0,11,0,"IN_SERVICE",true,true,true,"FIT:4|BATTLE:0|BOOST:0|MUVO:0|EFIT:0",1791601928,1791602101
"2026-10-10 00:15:18","58",19,0,3,1,"IN_SERVICE",true,true,true,"FIT:19|BATTLE:0|BOOST:0|MUVO:0|EFIT:0",1791602042,1791602101
"2026-10-10 00:15:18","59",4,0,7,0,"IN_SERVICE",true,true,true,"FIT:4|BATTLE:0|BOOST:0|MUVO:0|EFIT:0",1791601937,1791602101
"2026-10-10 00:15:18","60",9,0,6,0,"IN_SERVICE",true,true,true,"FIT:9|BATTLE:0|BOOST:0|MUVO:0|EFIT:0",1791601964,1791602101
"2026-10-10 00:15:18","61",10,0,7,0,"IN_SERVICE",true,true,true,"FIT:10|BATTLE:0|BOOST:0|MUVO:0|EFIT:0",1791602036,1791602101
"2026-10-10 00:15:18","62",9,0,6,0,"IN_SERVICE",true,true,true,"FIT:9|BATTLE:0|BOOST:0|MUVO:0|EFIT:0",1791602091,1791602101
"2026-10-10 00:15:18","63",1,0,13,0,"IN_SERVICE",true,true,true,"FIT:1|BATTLE:0|BOOST:0|MUVO:0|EFIT:0",1791602081,1791602101
"2026-10-10 00:15:18","64",10,0,9,0,"IN_SERVICE",true,true,true,"FIT:10|BATTLE:0|BOOST:0|MUVO:0|EFIT:0",1791602060,1791602101
"2026-10-10 00:15:18","65",1,0,22,0,"IN_SERVICE",true,true,true,"FIT:1|BATTLE:0|BOOST:0|MUVO:0|EFIT:0",1791601927,1791602101
"2026-10-10 00:15:18","66",1,0,7,1,"IN_SERVICE",true,true,true,"FIT:0|BATTLE:0|BOOST:0|MUVO:0|EFIT:1",1791601927,1791602101
"2026-10-10 00:15:18","67",12,1,2,0,"IN_SERVICE",true,true,true,"FIT:12|BATTLE:0|BOOST:0|MUVO:0|EFIT:0",1791601947,1791602101
"2026-10-10 00:15:18","68",21,0,2,0,"IN_SERVICE",true,true,true,"FIT:21|BATTLE:0|BOOST:0|MUVO:0|EFIT:0",1791602076,1791602101
"2026-10-10 00:15:18","69",23,0,0,0,"IN_SERVICE",true,true,true,"FIT:22|BATTLE:0|BOOST:0|MUVO:0|EFIT:1",1791602017,1791602101
"2026-10-10 00:15:18","70",21,0,2,0,"IN_SERVICE",true,true,true,"FIT:19|BATTLE:0|BOOST:0|MUVO:0|EFIT:2",1791601986,1791602101
"2026-10-10 00:15:18","71",17,0,2,0,"IN_SERVICE",true,true,true,"FIT:10|BATTLE:0|BOOST:0|MUVO:0|EFIT:7",1791601946,1791602101
"2026-10-10 00:15:18","73",0,2,21,0,"IN_SERVICE",true,true,true,"FIT:0|BATTLE:0|BOOST:0|MUVO:0|EFIT:0",1791602080,1791602101
"2026-10-10 00:15:18","74",2,0,17,0,"IN_SERVICE",true,true,true,"FIT:1|BATTLE:0|BOOST:0|MUVO:0|EFIT:1",1791601930,1791602101
"2026-10-10 00:15:18","75",2,0,13,0,"IN_SERVICE",true,true,true,"FIT:0|BATTLE:0|BOOST:0|MUVO:0|EFIT:2",1791602040,1791602101
"2026-10-10 00:15:18","76",3,1,15,0,"IN_SERVICE",true,true,true,"FIT:3|BATTLE:0|BOOST:0|MUVO:0|EFIT:0",1791602068,1791602101
"2026-10-10 00:15:18","77",2,1,15,0,"IN_SERVICE",true,true,true,"FIT:2|BATTLE:0|BOOST:0|MUVO:0|EFIT:0",1791601926,1791602101
"2026-10-10 00:15:18","78",10,0,1,0,"IN_SERVICE",true,true,true,"FIT:9|BATTLE:0|BOOST:0|MUVO:0|EFIT:1",1791602095,1791602101
"2026-10-10 00:15:18","79",11,0,0,0,"IN_SERVICE",true,true,true,"FIT:11|BATTLE:0|BOOST:0|MUVO:0|EFIT:0",1791601948,1791602101
"2026-10-10 00:15:18","80",11,0,6,1,"IN_SERVICE",true,true,true,"FIT:9|BATTLE:0|BOOST:0|MUVO:0|EFIT:2",1791602008,1791602101
"2026-10-10 00:15:18","81",3,1,11,0,"IN_SERVICE",true,true,true,"FIT:3|BATTLE:0|BOOST:0|MUVO:0|EFIT:0",1791601998,1791602101
"2026-10-10 00:15:18","82",10,2,17,0,"IN_SERVICE",true,true,true,"FIT:5|BATTLE:0|BOOST:0|MUVO:0|EFIT:5",1791602023,1791602101
"2026-10-10 00:15:18","83",7,0,21,3,"IN_SERVICE",true,true,true,"FIT:7|BATTLE:0|BOOST:0|MUVO:0|EFIT:0",1791602057,1791602101
"2026-10-10 00:15:18","84",0,0,15,0,"IN_SERVICE",true,true,true,"FIT:0|BATTLE:0|BOOST:0|MUVO:0|EFIT:0",1791602049,1791602101
"2026-10-10 00:15:18","85",3,1,19,0,"IN_SERVICE",true,true,true,"FIT:3|BATTLE:0|BOOST:0|MUVO:0|EFIT:0",1791602076,1791602101
"2026-10-10 00:15:18","86",10,0,24,1,"IN_SERVICE",true,true,true,"FIT:10|BATTLE:0|BOOST:0|MUVO:0|EFIT:0",1791601948,1791602101
"2026-10-10 00:15:18","87",0,0,19,0,"IN_SERVICE",true,true,true,"FIT:0|BATTLE:0|BOOST:0|MUVO:0|EFIT:0",1791602029,1791602101
"2026-10-10 00:15:18","88",16,0,3,0,"IN_SERVICE",true,true,true,"FIT:16|BATTLE:0|BOOST:0|MUVO:0|EFIT:0",1791602024,1791602101
"2026-10-10 00:15:18","89",2,0,12,1,"IN_SERVICE",true,true,true,"FIT:2|BATTLE:0|BOOST:0|MUVO:0|EFIT:0",1791601922,1791602101
"2026-10-10 00:15:18","90",1,1,10,0,"IN_SERVICE",true,true,true,"FIT:1|BATTLE:0|BOOST:0|MUVO:0|EFIT:0",1791602014,1791602101
"2026-10-10 00:15:18","91",2,0,9,0,"IN_SERVICE",true,true,true,"FIT:1|BATTLE:0|BOOST:0|MUVO:0|EFIT:1",1791602046,1791602101
"2026-10-10 00:15:18","92",1,0,14,0,"IN_SERVICE",true,true,true,"FIT:0|BATTLE:0|BOOST:0|MUVO:0|EFIT:1",1791602028,1791602101
"2026-10-10 00:15:18","93",5,1,9,0,"IN_SERVICE",true,true,true,"FIT:5|BATTLE:0|BOOST:0|MUVO:0|EFIT:0",1791602090,1791602101
"2026-10-10 00:15:18","94",5,1,9,0,"IN_SERVICE",true,true,true,"FIT:4|BATTLE:0|BOOST:0|MUVO:0|EFIT:1",1791602053,1791602101
"2026-10-10 00:15:18","95",6,0,11,0,"IN_SERVICE",true,true,true,"FIT:6|BATTLE:0|BOOST:0|MUVO:0|EFIT:0",1791602050,1791602101
"2026-10-10 00:15:18","96",4,3,13,0,"IN_SERVICE",true,true,true,"FIT:4|BATTLE:0|BOOST:0|MUVO:0|EFIT:0",1791601981,1791602101
"2026-10-10 00:15:18","97",0,1,14,0,"IN_SERVICE",true,true,true,"FIT:0|BATTLE:0|BOOST:0|MUVO:0|EFIT:0",1791601924,1791602101
"2026-10-10 00:15:18","98",1,0,11,2,"IN_SERVICE",true,true,true,"FIT:0|BATTLE:0|BOOST:0|MUVO:0|EFIT:1",1791602028,1791602101
"2026-10-10 00:15:18","99",2,0,9,0,"IN_SERVICE",true,true,true,"FIT:2|BATTLE:0|BOOST:0|MUVO:0|EFIT:0",1791602037,1791602101
"2026-10-10 00:15:18","100",7,4,3,0,"IN_SERVICE",true,true,true,"FIT:7|BATTLE:0|BOOST:0|MUVO:0|EFIT:0",1791602057,1791602101
"2026-10-10 00:15:18","101",8,1,10,0,"IN_SERVICE",true,true,true,"FIT:6|BATTLE:0|BOOST:0|MUVO:0|EFIT:2",1791601985,1791602101
"2026-10-10 00:15:18","102",4,1,22,0,"IN_SERVICE",true,true,true,"FIT:1|BATTLE:0|BOOST:0|MUVO:0|EFIT:3",1791602015,1791602101
"2026-10-10 00:15:18","103",5,2,8,0,"IN_SERVICE",true,true,true,"FIT:5|BATTLE:0|BOOST:0|MUVO:0|EFIT:0",1791601925,1791602101
"2026-10-10 00:15:18","104",3,0,8,0,"IN_SERVICE",true,true,true,"FIT:2|BATTLE:0|BOOST:0|MUVO:0|EFIT:1",1791601937,1791602101
"2026-10-10 00:15:18","105",2,1,13,0,"IN_SERVICE",true,true,true,"FIT:2|BATTLE:0|BOOST:0|MUVO:0|EFIT:0",1791602093,1791602101
"2026-10-10 00:15:18","107",17,0,2,0,"IN_SERVICE",true,true,true,"FIT:5|BATTLE:0|BOOST:0|MUVO:0|EFIT:12",1791602020,1791602101
"2026-10-10 00:15:18","109",32,1,2,0,"IN_SERVICE",true,true,true,"FIT:27|BATTLE:0|BOOST:0|MUVO:0|EFIT:5",1791601950,1791602101
"2026-10-10 00:15:18","111",14,1,3,0,"IN_SERVICE",true,true,true,"FIT:12|BATTLE:0|BOOST:0|MUVO:0|EFIT:2",1791601987,1791602101
"2026-10-10 00:15:18","112",6,1,12,0,"IN_SERVICE",true,true,true,"FIT:5|BATTLE:0|BOOST:0|MUVO:0|EFIT:1",1791601975,1791602101
"2026-10-10 00:15:18","113",14,0,1,0,"IN_SERVICE",true,true,true,"FIT:8|BATTLE:0|BOOST:0|MUVO:0|EFIT:6",1791602064,1791602101
"2026-10-10 00:15:18","114",0,0,0,0,"IN_SERVICE",true,true,true,"FIT:0|BATTLE:0|BOOST:0|MUVO:0|EFIT:0",1791602011,1791602101
"2026-10-10 00:15:18","116",14,5,0,0,"IN_SERVICE",true,true,true,"FIT:11|BATTLE:0|BOOST:0|MUVO:0|EFIT:3",1791602052,1791602101
"2026-10-10 00:15:18","117",23,4,0,0,"IN_SERVICE",true,true,true,"FIT:22|BATTLE:0|BOOST:0|MUVO:0|EFIT:1",1791601949,1791602101
"2026-10-10 00:15:18","118",12,3,0,0,"IN_SERVICE",true,true,true,"FIT:7|BATTLE:0|BOOST:0|MUVO:0|EFIT:5",1791602044,1791602101
"2026-10-10 00:15:18","119",7,0,4,0,"IN_SERVICE",true,true,true,"FIT:7|BATTLE:0|BOOST:0|MUVO:0|EFIT:0",1791602022,1791602101
"2026-10-10 00:15:18","120",13,1,9,0,"IN_SERVICE",true,true,true,"FIT:9|BATTLE:0|BOOST:0|MUVO:0|EFIT:4",1791601988,1791602101
"2026-10-10 00:15:18","121",7,3,13,0,"IN_SERVICE",true,true,true,"FIT:5|BATTLE:0|BOOST:0|MUVO:0|EFIT:2",1791601936,1791602101
"2026-10-10 00:15:18","122",14,0,9,0,"IN_SERVICE",true,true,true,"FIT:9|BATTLE:0|BOOST:0|MUVO:0|EFIT:5",1791601990,1791602101
"2026-10-10 00:15:18","123",3,0,11,0,"IN_SERVICE",true,true,true,"FIT:3|BATTLE:0|BOOST:0|MUVO:0|EFIT:0",1791601999,1791602101
"2026-10-10 00:15:18","124",0,0,15,0,"IN_SERVICE",true,true,true,"FIT:0|BATTLE:0|BOOST:0|MUVO:0|EFIT:0",1791602081,1791602101
"2026-10-10 00:15:18","125",0,0,19,0,"IN_SERVICE",true,true,true,"FIT:0|BATTLE:0|BOOST:0|MUVO:0|EFIT:0",1791602042,1791602101
"2026-10-10 00:15:18","126",8,0,7,0,"IN_SERVICE",true,true,true,"FIT:5|BATTLE:0|BOOST:0|MUVO:0|EFIT:3",1791601954,1791602101
"2026-10-10 00:15:18","127",2,0,13,0,"IN_SERVICE",true,true,true,"FIT:2|BATTLE:0|BOOST:0|MUVO:0|EFIT:0",1791602075,1791602101
"2026-10-10 00:15:18","128",10,0,9,0,"IN_SERVICE",true,true,true,"FIT:10|BATTLE:0|BOOST:0|MUVO:0|EFIT:0",1791602048,1791602101
"2026-10-10 00:15:18","129",4,3,4,0,"IN_SERVICE",true,true,true,"FIT:3|BATTLE:0|BOOST:0|MUVO:0|EFIT:1",1791602036,1791602101
"2026-10-10 00:15:18","131",8,3,12,0,"IN_SERVICE",true,true,true,"FIT:4|BATTLE:0|BOOST:0|MUVO:0|EFIT:4",1791602041,1791602101
"2026-10-10 00:15:18","132",11,0,8,0,"IN_SERVICE",true,true,true,"FIT:9|BATTLE:0|BOOST:0|MUVO:0|EFIT:2",1791602045,1791602101
"2026-10-10 00:15:18","133",0,0,15,0,"IN_SERVICE",true,true,true,"FIT:0|BATTLE:0|BOOST:0|MUVO:0|EFIT:0",1791602029,1791602101
"2026-10-10 00:15:18","134",7,0,16,0,"IN_SERVICE",true,true,true,"FIT:6|BATTLE:0|BOOST:0|MUVO:0|EFIT:1",1791602011,1791602101
"2026-10-10 00:15:18","136",5,0,9,1,"IN_SERVICE",true,true,true,"FIT:5|BATTLE:0|BOOST:0|MUVO:0|EFIT:0",1791601943,1791602101
"2026-10-10 00:15:18","137",13,0,6,0,"IN_SERVICE",true,true,true,"FIT:13|BATTLE:0|BOOST:0|MUVO:0|EFIT:0",1791601973,1791602101
"2026-10-10 00:15:18","138",11,0,3,1,"IN_SERVICE",true,true,true,"FIT:10|BATTLE:0|BOOST:0|MUVO:0|EFIT:1",1791601955,1791602101
"2026-10-10 00:15:18","139",21,0,2,0,"IN_SERVICE",true,true,true,"FIT:21|BATTLE:0|BOOST:0|MUVO:0|EFIT:0",1791602051,1791602101
"2026-10-10 00:15:18","140",25,0,4,0,"IN_SERVICE",true,true,true,"FIT:25|BATTLE:0|BOOST:0|MUVO:0|EFIT:0",1791602064,1791602101
"2026-10-10 00:15:18","141",5,0,10,0,"IN_SERVICE",true,true,true,"FIT:4|BATTLE:0|BOOST:0|MUVO:0|EFIT:1",1791602048,1791602101
"2026-10-10 00:15:18","142",14,0,5,0,"IN_SERVICE",true,true,true,"FIT:13|BATTLE:0|BOOST:0|MUVO:0|EFIT:1",1791601974,1791602101
"2026-10-10 00:15:18","143",2,0,12,1,"IN_SERVICE",true,true,true,"FIT:2|BATTLE:0|BOOST:0|MUVO:0|EFIT:0",1791602101,1791602101
"2026-10-10 00:15:18","145",13,0,6,0,"IN_SERVICE",true,true,true,"FIT:9|BATTLE:0|BOOST:0|MUVO:0|EFIT:4",1791601971,1791602101
"2026-10-10 00:15:18","146",2,2,11,0,"IN_SERVICE",true,true,true,"FIT:1|BATTLE:0|BOOST:0|MUVO:0|EFIT:1",1791602011,1791602101
"2026-10-10 00:15:18","148",5,1,9,0,"IN_SERVICE",true,true,true,"FIT:2|BATTLE:0|BOOST:0|MUVO:0|EFIT:3",1791602018,1791602101
"2026-10-10 00:15:18","149",1,0,14,0,"IN_SERVICE",true,true,true,"FIT:0|BATTLE:0|BOOST:0|MUVO:0|EFIT:1",1791601936,1791602101
"2026-10-10 00:15:18","150",7,0,7,1,"IN_SERVICE",true,true,true,"FIT:6|BATTLE:0|BOOST:0|MUVO:0|EFIT:1",1791601936,1791602101
"2026-10-10 00:15:18","152",1,1,9,0,"IN_SERVICE",true,true,true,"FIT:1|BATTLE:0|BOOST:0|MUVO:0|EFIT:0",1791601960,1791602101
"2026-10-10 00:15:18","153",2,0,17,0,"IN_SERVICE",true,true,true,"FIT:2|BATTLE:0|BOOST:0|MUVO:0|EFIT:0",1791602002,1791602101
"2026-10-10 00:15:18","154",13,1,3,0,"IN_SERVICE",true,true,true,"FIT:11|BATTLE:0|BOOST:0|MUVO:0|EFIT:2",1791601981,1791602101
"2026-10-10 00:15:18","155",15,2,2,0,"IN_SERVICE",true,true,true,"FIT:14|BATTLE:0|BOOST:0|MUVO:0|EFIT:1",1791602053,1791602101
"2026-10-10 00:15:18","157",16,3,0,0,"IN_SERVICE",true,true,true,"FIT:14|BATTLE:0|BOOST:0|MUVO:0|EFIT:2",1791601959,1791602101
"2026-10-10 00:15:18","158",18,1,0,0,"IN_SERVICE",true,true,true,"FIT:15|BATTLE:0|BOOST:0|MUVO:0|EFIT:3",1791602051,1791602101
"2026-10-10 00:15:18","159",1,2,12,0,"IN_SERVICE",true,true,true,"FIT:1|BATTLE:0|BOOST:0|MUVO:0|EFIT:0",1791601969,1791602101
"2026-10-10 00:15:18","160",5,0,8,0,"IN_SERVICE",true,true,true,"FIT:5|BATTLE:0|BOOST:0|MUVO:0|EFIT:0",1791602079,1791602101
"2026-10-10 00:15:18","161",2,1,8,0,"IN_SERVICE",true,true,true,"FIT:1|BATTLE:0|BOOST:0|MUVO:0|EFIT:1",1791601966,1791602101
"2026-10-10 00:15:18","162",1,0,16,0,"IN_SERVICE",true,true,true,"FIT:1|BATTLE:0|BOOST:0|MUVO:0|EFIT:0",1791602054,1791602101
"2026-10-10 00:15:18","163",1,2,14,0,"IN_SERVICE",true,true,true,"FIT:1|BATTLE:0|BOOST:0|MUVO:0|EFIT:0",1791602053,1791602101
"2026-10-10 00:15:18","164",1,0,16,0,"IN_SERVICE",true,true,true,"FIT:1|BATTLE:0|BOOST:0|MUVO:0|EFIT:0",1791602077,1791602101
"2026-10-10 00:15:18","165",4,0,10,1,"IN_SERVICE",true,true,true,"FIT:4|BATTLE:0|BOOST:0|MUVO:0|EFIT:0",1791601988,1791602101
"2026-10-10 00:15:18","166",2,0,9,0,"IN_SERVICE",true,true,true,"FIT:2|BATTLE:0|BOOST:0|MUVO:0|EFIT:0",1791602011,1791602101
"2026-10-10 00:15:18","167",6,0,25,0,"IN_SERVICE",true,true,true,"FIT:6|BATTLE:0|BOOST:0|MUVO:0|EFIT:0",1791601959,1791602101
"2026-10-10 00:15:18","168",3,0,16,0,"IN_SERVICE",true,true,true,"FIT:3|BATTLE:0|BOOST:0|MUVO:0|EFIT:0",1791601968,1791602101
"2026-10-10 00:15:18","169",2,1,12,0,"IN_SERVICE",true,true,true,"FIT:2|BATTLE:0|BOOST:0|MUVO:0|EFIT:0",1791601929,1791602101
"2026-10-10 00:15:18","170",7,0,7,0,"IN_SERVICE",true,true,true,"FIT:7|BATTLE:0|BOOST:0|MUVO:0|EFIT:0",1791602050,1791602101
"2026-10-10 00:15:18","171",3,0,8,0,"IN_SERVICE",true,true,true,"FIT:3|BATTLE:0|BOOST:0|MUVO:0|EFIT:0",1791602032,1791602101
"2026-10-10 00:15:18","172",10,0,1,0,"IN_SERVICE",true,true,true,"FIT:10|BATTLE:0|BOOST:0|MUVO:0|EFIT:0",1791602075,1791602101
"2026-10-10 00:15:18","173",13,0,2,0,"IN_SERVICE",true,true,true,"FIT:13|BATTLE:0|BOOST:0|MUVO:0|EFIT:0",1791602028,1791602101
"2026-10-10 00:15:18","174",13,0,2,0,"IN_SERVICE",true,true,true,"FIT:13|BATTLE:0|BOOST:0|MUVO:0|EFIT:0",1791601931,1791602101
"2026-10-10 00:15:18","175",16,0,6,0,"IN_SERVICE",true,true,true,"FIT:16|BATTLE:0|BOOST:0|MUVO:0|EFIT:0",1791602013,1791602101
"2026-10-10 00:15:18","176",15,0,0,0,"IN_SERVICE",true,true,true,"FIT:15|BATTLE:0|BOOST:0|MUVO:0|EFIT:0",1791601964,1791602101
"2026-10-10 00:15:18","177",11,0,4,0,"IN_SERVICE",true,true,true,"FIT:11|BATTLE:0|BOOST:0|MUVO:0|EFIT:0",1791602072,1791602101
"2026-10-10 00:15:18","178",14,0,4,1,"IN_SERVICE",true,true,true,"FIT:14|BATTLE:0|BOOST:0|MUVO:0|EFIT:0",1791601925,1791602101
"2026-10-10 00:15:18","179",11,0,8,0,"IN_SERVICE",true,true,true,"FIT:11|BATTLE:0|BOOST:0|MUVO:0|EFIT:0",1791602019,1791602101
"2026-10-10 00:15:18","180",15,0,0,0,"IN_SERVICE",true,true,true,"FIT:15|BATTLE:0|BOOST:0|MUVO:0|EFIT:0",1791602025,1791602101
"2026-10-10 00:15:18","181",9,0,6,0,"IN_SERVICE",true,true,true,"FIT:9|BATTLE:0|BOOST:0|MUVO:0|EFIT:0",1791601942,1791602101
"2026-10-10 00:15:18","182",11,0,8,0,"IN_SERVICE",true,true,true,"FIT:11|BATTLE:0|BOOST:0|MUVO:0|EFIT:0",1791601947,1791602101
"2026-10-10 00:15:18","183",1,0,18,0,"IN_SERVICE",true,true,true,"FIT:1|BATTLE:0|BOOST:0|MUVO:0|EFIT:0",1791601946,1791602101
"2026-10-10 00:15:18","184",0,0,19,0,"IN_SERVICE",true,true,true,"FIT:0|BATTLE:0|BOOST:0|MUVO:0|EFIT:0",1791602056,1791602101
"2026-10-10 00:15:18","185",15,2,1,0,"IN_SERVICE",true,true,true,"FIT:13|BATTLE:0|BOOST:0|MUVO:0|EFIT:2",1791602026,1791602101
"2026-10-10 00:15:18","186",3,0,8,0,"IN_SERVICE",true,true,true,"FIT:3|BATTLE:0|BOOST:0|MUVO:0|EFIT:0",1791602001,1791602101
"2026-10-10 00:15:18","187",12,0,5,0,"IN_SERVICE",true,true,true,"FIT:11|BATTLE:0|BOOST:0|MUVO:0|EFIT:1",1791602021,1791602101
"2026-10-10 00:15:18","188",14,0,2,1,"IN_SERVICE",true,true,true,"FIT:14|BATTLE:0|BOOST:0|MUVO:0|EFIT:0",1791601952,1791602101
"2026-10-10 00:15:18","189",4,0,11,0,"IN_SERVICE",true,true,true,"FIT:4|BATTLE:0|BOOST:0|MUVO:0|EFIT:0",1791602045,1791602101
"2026-10-10 00:15:18","190",15,0,14,2,"IN_SERVICE",true,true,true,"FIT:15|BATTLE:0|BOOST:0|MUVO:0|EFIT:0",1791601967,1791602101
"2026-10-10 00:15:18","192",9,0,1,0,"IN_SERVICE",true,true,true,"FIT:9|BATTLE:0|BOOST:0|MUVO:0|EFIT:0",1791601990,1791602101
"2026-10-10 00:15:18","193",2,0,13,0,"IN_SERVICE",true,true,true,"FIT:2|BATTLE:0|BOOST:0|MUVO:0|EFIT:0",1791601994,1791602101
"2026-10-10 00:15:18","194",4,0,13,0,"IN_SERVICE",true,true,true,"FIT:4|BATTLE:0|BOOST:0|MUVO:0|EFIT:0",1791601969,1791602101
"2026-10-10 00:15:18","195",9,0,6,0,"IN_SERVICE",true,true,true,"FIT:9|BATTLE:0|BOOST:0|MUVO:0|EFIT:0",1791602094,1791602101
"2026-10-10 00:15:18","196",5,0,10,0,"IN_SERVICE",true,true,true,"FIT:5|BATTLE:0|BOOST:0|MUVO:0|EFIT:0",1791602096,1791602101
"2026-10-10 00:15:18","197",5,0,9,1,"IN_SERVICE",true,true,true,"FIT:5|BATTLE:0|BOOST:0|MUVO:0|EFIT:0",1791601981,1791602101
"2026-10-10 00:15:18","198",13,0,2,0,"IN_SERVICE",true,true,true,"FIT:13|BATTLE:0|BOOST:0|MUVO:0|EFIT:0",1791602060,1791602101
"2026-10-10 00:15:18","199",18,0,9,0,"IN_SERVICE",true,true,true,"FIT:18|BATTLE:0|BOOST:0|MUVO:0|EFIT:0",1791602025,1791602101
"2026-10-10 00:15:18","200",15,0,0,0,"IN_SERVICE",true,true,true,"FIT:15|BATTLE:0|BOOST:0|MUVO:0|EFIT:0",1791602044,1791602101
"2026-10-10 00:15:18","201",6,0,9,0,"IN_SERVICE",true,true,true,"FIT:6|BATTLE:0|BOOST:0|MUVO:0|EFIT:0",1791601921,1791602101
"2026-10-10 00:15:18","202",5,0,14,0,"IN_SERVICE",true,true,true,"FIT:5|BATTLE:0|BOOST:0|MUVO:0|EFIT:0",1791602077,1791602101
"2026-10-10 00:15:18","203",2,0,16,1,"IN_SERVICE",true,true,true,"FIT:2|BATTLE:0|BOOST:0|MUVO:0|EFIT:0",1791601927,1791602101
"2026-10-10 00:15:18","204",3,0,14,0,"IN_SERVICE",true,true,true,"FIT:3|BATTLE:0|BOOST:0|MUVO:0|EFIT:0",1791601928,1791602101
"2026-10-10 00:15:18","205",0,0,17,0,"IN_SERVICE",true,true,true,"FIT:0|BATTLE:0|BOOST:0|MUVO:0|EFIT:0",1791601999,1791602101
"2026-10-10 00:15:18","206",0,0,15,0,"IN_SERVICE",true,true,true,"FIT:0|BATTLE:0|BOOST:0|MUVO:0|EFIT:0",1791601995,1791602101
"2026-10-10 00:15:18","207",2,1,21,0,"IN_SERVICE",true,true,true,"FIT:2|BATTLE:0|BOOST:0|MUVO:0|EFIT:0",1791602039,1791602101
"2026-10-10 00:15:18","208",4,0,13,0,"IN_SERVICE",true,true,true,"FIT:4|BATTLE:0|BOOST:0|MUVO:0|EFIT:0",1791601989,1791602101
"2026-10-10 00:15:18","209",3,0,16,0,"IN_SERVICE",true,true,true,"FIT:3|BATTLE:0|BOOST:0|MUVO:0|EFIT:0",1791601979,1791602101
"2026-10-10 00:15:18","210",13,0,16,0,"IN_SERVICE",true,true,true,"FIT:11|BATTLE:0|BOOST:0|MUVO:0|EFIT:2",1791601934,1791602101
"2026-10-10 00:15:18","212",0,0,14,1,"IN_SERVICE",true,true,true,"FIT:0|BATTLE:0|BOOST:0|MUVO:0|EFIT:0",1791602094,1791602101
"2026-10-10 00:15:18","213",1,0,18,0,"IN_SERVICE",true,true,true,"FIT:1|BATTLE:0|BOOST:0|MUVO:0|EFIT:0",1791602075,1791602101
"2026-10-10 00:15:18","214",2,0,19,0,"IN_SERVICE",true,true,true,"FIT:2|BATTLE:0|BOOST:0|MUVO:0|EFIT:0",1791601998,1791602101
"2026-10-10 00:15:18","215",0,0,22,1,"IN_SERVICE",true,true,true,"FIT:0|BATTLE:0|BOOST:0|MUVO:0|EFIT:0",1791602031,1791602101
"2026-10-10 00:15:18","217",14,1,0,0,"IN_SERVICE",true,true,true,"FIT:13|BATTLE:0|BOOST:0|MUVO:0|EFIT:1",1791602096,1791602101
"2026-10-10 00:15:18","220",17,0,2,0,"IN_SERVICE",true,true,true,"FIT:16|BATTLE:0|BOOST:0|MUVO:0|EFIT:1",1791601929,1791602101
"2026-10-10 00:15:18","221",14,0,1,0,"IN_SERVICE",true,true,true,"FIT:14|BATTLE:0|BOOST:0|MUVO:0|EFIT:0",1791602077,1791602101
"2026-10-10 00:15:18","222",6,2,9,0,"IN_SERVICE",true,true,true,"FIT:6|BATTLE:0|BOOST:0|MUVO:0|EFIT:0",1791602089,1791602101
"2026-10-10 00:15:18","223",16,0,1,0,"IN_SERVICE",true,true,true,"FIT:15|BATTLE:0|BOOST:0|MUVO:0|EFIT:1",1791602011,1791602101
"2026-10-10 00:15:18","224",0,0,15,0,"IN_SERVICE",true,true,true,"FIT:0|BATTLE:0|BOOST:0|MUVO:0|EFIT:0",1791602092,1791602101
"2026-10-10 00:15:18","225",7,1,3,0,"IN_SERVICE",true,true,true,"FIT:6|BATTLE:0|BOOST:0|MUVO:0|EFIT:1",1791601970,1791602101
"2026-10-10 00:15:18","226",22,0,1,0,"IN_SERVICE",true,true,true,"FIT:20|BATTLE:0|BOOST:0|MUVO:0|EFIT:2",1791602009,1791602101
"2026-10-10 00:15:18","228",11,0,6,2,"IN_SERVICE",true,true,true,"FIT:11|BATTLE:0|BOOST:0|MUVO:0|EFIT:0",1791602041,1791602101
"2026-10-10 00:15:18","229",10,1,6,1,"IN_SERVICE",true,true,true,"FIT:8|BATTLE:0|BOOST:0|MUVO:0|EFIT:2",1791602064,1791602101
"2026-10-10 00:15:18","230",16,0,3,0,"IN_SERVICE",true,true,true,"FIT:11|BATTLE:0|BOOST:0|MUVO:0|EFIT:5",1791602089,1791602101
"2026-10-10 00:15:18","231",14,0,1,0,"IN_SERVICE",true,true,true,"FIT:11|BATTLE:0|BOOST:0|MUVO:0|EFIT:3",1791601953,1791602101
"2026-10-10 00:15:18","232",22,4,3,0,"IN_SERVICE",true,true,true,"FIT:22|BATTLE:0|BOOST:0|MUVO:0|EFIT:0",1791601996,1791602101
"2026-10-10 00:15:18","233",6,1,24,0,"IN_SERVICE",true,true,true,"FIT:6|BATTLE:0|BOOST:0|MUVO:0|EFIT:0",1791602011,1791602101
"2026-10-10 00:15:18","234",7,1,7,0,"IN_SERVICE",true,true,true,"FIT:5|BATTLE:0|BOOST:0|MUVO:0|EFIT:2",1791602048,1791602101
"2026-10-10 00:15:18","235",5,1,8,1,"IN_SERVICE",true,true,true,"FIT:3|BATTLE:0|BOOST:0|MUVO:0|EFIT:2",1791601927,1791602101
"2026-10-10 00:15:18","236",3,3,9,0,"IN_SERVICE",true,true,true,"FIT:3|BATTLE:0|BOOST:0|MUVO:0|EFIT:0",1791602030,1791602101
"2026-10-10 00:15:18","237",1,0,13,0,"IN_SERVICE",true,true,true,"FIT:1|BATTLE:0|BOOST:0|MUVO:0|EFIT:0",1791602088,1791602101
"2026-10-10 00:15:18","238",2,1,11,0,"IN_SERVICE",true,true,true,"FIT:2|BATTLE:0|BOOST:0|MUVO:0|EFIT:0",1791602020,1791602101
"2026-10-10 00:15:18","239",0,0,15,0,"IN_SERVICE",true,true,true,"FIT:0|BATTLE:0|BOOST:0|MUVO:0|EFIT:0",1791601989,1791602101
"2026-10-10 00:15:18","240",0,4,10,0,"IN_SERVICE",true,true,true,"FIT:0|BATTLE:0|BOOST:0|MUVO:0|EFIT:0",1791602081,1791602101
"2026-10-10 00:15:18","241",4,0,11,0,"IN_SERVICE",true,true,true,"FIT:4|BATTLE:0|BOOST:0|MUVO:0|EFIT:0",1791601974,1791602101
"2026-10-10 00:15:18","242",2,2,10,0,"IN_SERVICE",true,true,true,"FIT:2|BATTLE:0|BOOST:0|MUVO:0|EFIT:0",1791602011,1791602101
"2026-10-10 00:15:18","244",9,0,2,0,"IN_SERVICE",true,true,true,"FIT:9|BATTLE:0|BOOST:0|MUVO:0|EFIT:0",1791601920,1791602101
"2026-10-10 00:15:18","246",3,1,11,0,"IN_SERVICE",true,true,true,"FIT:3|BATTLE:0|BOOST:0|MUVO:0|EFIT:0",1791602042,1791602101
"2026-10-10 00:15:18","247",2,0,15,1,"IN_SERVICE",true,true,true,"FIT:2|BATTLE:0|BOOST:0|MUVO:0|EFIT:0",1791601979,1791602101
"2026-10-10 00:15:18","248",2,0,13,0,"IN_SERVICE",true,true,true,"FIT:2|BATTLE:0|BOOST:0|MUVO:0|EFIT:0",1791602028,1791602101
"2026-10-10 00:15:18","250",1,0,10,0,"IN_SERVICE",true,true,true,"FIT:1|BATTLE:0|BOOST:0|MUVO:0|EFIT:0",1791601962,1791602101
"2026-10-10 00:15:18","252",1,0,18,0,"IN_SERVICE",true,true,true,"FIT:1|BATTLE:0|BOOST:0|MUVO:0|EFIT:0",1791601947,1791602101
"2026-10-10 00:15:18","253",6,0,5,0,"IN_SERVICE",true,true,true,"FIT:6|BATTLE:0|BOOST:0|MUVO:0|EFIT:0",1791602038,1791602101
"2026-10-10 00:15:18","254",1,0,10,0,"IN_SERVICE",true,true,true,"FIT:0|BATTLE:0|BOOST:0|MUVO:0|EFIT:1",1791601943,1791602101
"2026-10-10 00:15:18","255",7,1,3,0,"IN_SERVICE",true,true,true,"FIT:7|BATTLE:0|BOOST:0|MUVO:0|EFIT:0",1791601958,1791602101
"2026-10-10 00:15:18","256",13,2,0,0,"IN_SERVICE",true,true,true,"FIT:13|BATTLE:0|BOOST:0|MUVO:0|EFIT:0",1791601937,1791602101
"2026-10-10 00:15:18","257",20,2,2,0,"IN_SERVICE",true,true,true,"FIT:20|BATTLE:0|BOOST:0|MUVO:0|EFIT:0",1791602037,1791602101
"2026-10-10 00:15:18","259",1,3,13,0,"IN_SERVICE",true,true,true,"FIT:1|BATTLE:0|BOOST:0|MUVO:0|EFIT:0",1791602034,1791602101
"2026-10-10 00:15:18","260",4,1,22,0,"IN_SERVICE",true,true,true,"FIT:4|BATTLE:0|BOOST:0|MUVO:0|EFIT:0",1791602002,1791602101
"2026-10-10 00:15:18","261",2,0,13,0,"IN_SERVICE",true,true,true,"FIT:0|BATTLE:0|BOOST:0|MUVO:0|EFIT:2",1791601931,1791602101
"2026-10-10 00:15:18","262",0,2,12,1,"IN_SERVICE",true,true,true,"FIT:0|BATTLE:0|BOOST:0|MUVO:0|EFIT:0",1791602008,1791602101
"2026-10-10 00:15:18","263",0,0,11,0,"IN_SERVICE",true,true,true,"FIT:0|BATTLE:0|BOOST:0|MUVO:0|EFIT:0",1791601951,1791602101
"2026-10-10 00:15:18","271",9,1,1,0,"IN_SERVICE",true,true,true,"FIT:9|BATTLE:0|BOOST:0|MUVO:0|EFIT:0",1791601919,1791602101
"2026-10-10 00:15:18","273",9,0,7,1,"IN_SERVICE",true,true,true,"FIT:9|BATTLE:0|BOOST:0|MUVO:0|EFIT:0",1791601990,1791602101
"2026-10-10 00:15:18","285",9,0,2,0,"IN_SERVICE",true,true,true,"FIT:9|BATTLE:0|BOOST:0|MUVO:0|EFIT:0",1791602068,1791602101
"2026-10-10 00:15:18","287",8,0,3,0,"IN_SERVICE",true,true,true,"FIT:8|BATTLE:0|BOOST:0|MUVO:0|EFIT:0",1791602085,1791602101
"2026-10-10 00:15:18","290",0,0,11,0,"IN_SERVICE",true,true,true,"FIT:0|BATTLE:0|BOOST:0|MUVO:0|EFIT:0",1791601938,1791602101
"2026-10-10 00:15:18","293",8,1,9,1,"IN_SERVICE",true,true,true,"FIT:8|BATTLE:0|BOOST:0|MUVO:0|EFIT:0",1791602017,1791602101
"2026-10-10 00:15:18","295",1,0,18,0,"IN_SERVICE",true,true,true,"FIT:1|BATTLE:0|BOOST:0|MUVO:0|EFIT:0",1791602098,1791602101
"2026-10-10 00:15:18","299",0,0,11,0,"IN_SERVICE",true,true,true,"FIT:0|BATTLE:0|BOOST:0|MUVO:0|EFIT:0",1791602083,1791602101
"2026-10-10 00:15:18","304",2,1,8,0,"IN_SERVICE",true,true,true,"FIT:2|BATTLE:0|BOOST:0|MUVO:0|EFIT:0",1791602080,1791602101
"2026-10-10 00:15:18","305",2,0,21,0,"IN_SERVICE",true,true,true,"FIT:2|BATTLE:0|BOOST:0|MUVO:0|EFIT:0",1791602078,1791602101
"2026-10-10 00:15:18","313",3,0,8,0,"IN_SERVICE",true,true,true,"FIT:3|BATTLE:0|BOOST:0|MUVO:0|EFIT:0",1791602079,1791602101
"2026-10-10 00:15:18","314",9,0,8,0,"IN_SERVICE",true,true,true,"FIT:9|BATTLE:0|BOOST:0|MUVO:0|EFIT:0",1791601984,1791602101
"2026-10-10 00:15:18","329",11,0,6,0,"IN_SERVICE",true,true,true,"FIT:9|BATTLE:0|BOOST:0|MUVO:0|EFIT:2",1791601977,1791602101
"2026-10-10 00:15:18","330",1,1,10,0,"IN_SERVICE",true,true,true,"FIT:1|BATTLE:0|BOOST:0|MUVO:0|EFIT:0",1791602032,1791602101
"2026-10-10 00:15:18","336",13,0,4,0,"IN_SERVICE",true,true,true,"FIT:13|BATTLE:0|BOOST:0|MUVO:0|EFIT:0",1791602053,1791602101
"2026-10-10 00:15:18","337",13,0,6,0,"IN_SERVICE",true,true,true,"FIT:13|BATTLE:0|BOOST:0|MUVO:0|EFIT:0",1791602068,1791602101
"2026-10-10 00:15:18","338",21,0,2,0,"IN_SERVICE",true,true,true,"FIT:21|BATTLE:0|BOOST:0|MUVO:0|EFIT:0",1791602069,1791602101
"2026-10-10 00:15:18","339",13,1,2,1,"IN_SERVICE",true,true,true,"FIT:13|BATTLE:0|BOOST:0|MUVO:0|EFIT:0",1791602047,1791602101
"2026-10-10 00:15:18","340",13,0,2,0,"IN_SERVICE",true,true,true,"FIT:13|BATTLE:0|BOOST:0|MUVO:0|EFIT:0",1791602064,1791602101
"2026-10-10 00:15:18","342",7,0,4,0,"IN_SERVICE",true,true,true,"FIT:6|BATTLE:0|BOOST:0|MUVO:0|EFIT:1",1791602044,1791602101
"2026-10-10 00:15:18","343",15,0,0,0,"IN_SERVICE",true,true,true,"FIT:15|BATTLE:0|BOOST:0|MUVO:0|EFIT:0",1791601981,1791602101
"2026-10-10 00:15:18","344",8,0,7,0,"IN_SERVICE",true,true,true,"FIT:7|BATTLE:0|BOOST:0|MUVO:0|EFIT:1",1791601995,1791602101
"2026-10-10 00:15:18","345",8,1,18,0,"IN_SERVICE",true,true,true,"FIT:8|BATTLE:0|BOOST:0|MUVO:0|EFIT:0",1791602039,1791602101
"2026-10-10 00:15:18","346",25,1,3,2,"IN_SERVICE",true,true,true,"FIT:23|BATTLE:0|BOOST:0|MUVO:0|EFIT:2",1791602077,1791602101
"2026-10-10 00:15:18","347",6,0,21,0,"IN_SERVICE",true,true,true,"FIT:3|BATTLE:0|BOOST:0|MUVO:0|EFIT:3",1791601991,1791602101
"2026-10-10 00:15:18","349",15,0,0,0,"IN_SERVICE",true,true,true,"FIT:3|BATTLE:0|BOOST:0|MUVO:0|EFIT:12",1791602098,1791602101
"2026-10-10 00:15:18","350",22,0,1,0,"IN_SERVICE",true,true,true,"FIT:20|BATTLE:0|BOOST:0|MUVO:0|EFIT:2",1791592614,1791602101
"2026-10-10 00:15:18","351",10,1,8,0,"IN_SERVICE",true,true,true,"FIT:9|BATTLE:0|BOOST:0|MUVO:0|EFIT:1",1791601929,1791602101
"2026-10-10 00:15:18","352",10,0,1,0,"IN_SERVICE",true,true,true,"FIT:10|BATTLE:0|BOOST:0|MUVO:0|EFIT:0",1791602035,1791602101
"2026-10-10 00:15:18","353",11,0,4,0,"IN_SERVICE",true,true,true,"FIT:11|BATTLE:0|BOOST:0|MUVO:0|EFIT:0",1791602020,1791602101
"2026-10-10 00:15:18","354",7,0,3,1,"IN_SERVICE",true,true,true,"FIT:7|BATTLE:0|BOOST:0|MUVO:0|EFIT:0",1791602039,1791602101
"2026-10-10 00:15:18","355",11,0,0,0,"IN_SERVICE",true,true,true,"FIT:11|BATTLE:0|BOOST:0|MUVO:0|EFIT:0",1791601951,1791602101
"2026-10-10 00:15:18","356",11,0,4,0,"IN_SERVICE",true,true,true,"FIT:10|BATTLE:0|BOOST:0|MUVO:0|EFIT:1",1791602029,1791602101
"2026-10-10 00:15:18","357",11,1,5,0,"IN_SERVICE",true,true,true,"FIT:11|BATTLE:0|BOOST:0|MUVO:0|EFIT:0",1791602089,1791602101
"2026-10-10 00:15:18","358",3,0,12,0,"IN_SERVICE",true,true,true,"FIT:3|BATTLE:0|BOOST:0|MUVO:0|EFIT:0",1791601986,1791602101
"2026-10-10 00:15:18","360",8,0,3,0,"IN_SERVICE",true,true,true,"FIT:8|BATTLE:0|BOOST:0|MUVO:0|EFIT:0",1791601931,1791602101
"2026-10-10 00:15:18","361",2,0,17,0,"IN_SERVICE",true,true,true,"FIT:2|BATTLE:0|BOOST:0|MUVO:0|EFIT:0",1791601982,1791602101
"2026-10-10 00:15:18","362",6,0,17,0,"IN_SERVICE",true,true,true,"FIT:4|BATTLE:0|BOOST:0|MUVO:0|EFIT:2",1791602064,1791602101
"2026-10-10 00:15:18","363",9,1,1,0,"IN_SERVICE",true,true,true,"FIT:9|BATTLE:0|BOOST:0|MUVO:0|EFIT:0",1791601953,1791602101
"2026-10-10 00:15:18","364",13,0,10,0,"IN_SERVICE",true,true,true,"FIT:13|BATTLE:0|BOOST:0|MUVO:0|EFIT:0",1791601922,1791602101
"2026-10-10 00:15:18","365",4,0,7,0,"IN_SERVICE",true,true,true,"FIT:4|BATTLE:0|BOOST:0|MUVO:0|EFIT:0",1791601953,1791602101
"2026-10-10 00:15:18","366",15,1,11,0,"IN_SERVICE",true,true,true,"FIT:15|BATTLE:0|BOOST:0|MUVO:0|EFIT:0",1791602048,1791602101
"2026-10-10 00:15:18","367",12,0,19,0,"IN_SERVICE",true,true,true,"FIT:12|BATTLE:0|BOOST:0|MUVO:0|EFIT:0",1791601992,1791602101
"2026-10-10 00:15:18","370",17,0,0,0,"IN_SERVICE",true,true,true,"FIT:13|BATTLE:0|BOOST:0|MUVO:0|EFIT:4",1791602057,1791602101
"2026-10-10 00:15:18","371",15,0,0,0,"IN_SERVICE",true,true,true,"FIT:12|BATTLE:0|BOOST:0|MUVO:0|EFIT:3",1791602100,1791602101
"2026-10-10 00:15:18","372",3,0,12,0,"IN_SERVICE",true,true,true,"FIT:2|BATTLE:0|BOOST:0|MUVO:0|EFIT:1",1791602059,1791602101
"2026-10-10 00:15:18","373",11,0,3,0,"IN_SERVICE",true,true,true,"FIT:10|BATTLE:0|BOOST:0|MUVO:0|EFIT:1",1791602083,1791602101
"2026-10-10 00:15:18","374",8,3,8,0,"IN_SERVICE",true,true,true,"FIT:7|BATTLE:0|BOOST:0|MUVO:0|EFIT:1",1791602012,1791602101
"2026-10-10 00:15:18","375",7,0,7,1,"IN_SERVICE",true,true,true,"FIT:7|BATTLE:0|BOOST:0|MUVO:0|EFIT:0",1791602035,1791602101
"2026-10-10 00:15:18","376",5,0,6,0,"IN_SERVICE",true,true,true,"FIT:5|BATTLE:0|BOOST:0|MUVO:0|EFIT:0",1791602065,1791602101
"2026-10-10 00:15:18","377",16,2,1,0,"IN_SERVICE",true,true,true,"FIT:16|BATTLE:0|BOOST:0|MUVO:0|EFIT:0",1791602038,1791602101
"2026-10-10 00:15:18","378",15,0,0,0,"IN_SERVICE",true,true,true,"FIT:15|BATTLE:0|BOOST:0|MUVO:0|EFIT:0",1791601945,1791602101
"2026-10-10 00:15:18","379",2,0,15,0,"IN_SERVICE",true,true,true,"FIT:2|BATTLE:0|BOOST:0|MUVO:0|EFIT:0",1791601922,1791602101
"2026-10-10 00:15:18","381",15,0,0,0,"IN_SERVICE",true,true,true,"FIT:15|BATTLE:0|BOOST:0|MUVO:0|EFIT:0",1791601995,1791602101
"2026-10-10 00:15:18","382",8,0,11,0,"IN_SERVICE",true,true,true,"FIT:8|BATTLE:0|BOOST:0|MUVO:0|EFIT:0",1791601932,1791602101
"2026-10-10 00:15:18","383",6,0,5,0,"IN_SERVICE",true,true,true,"FIT:5|BATTLE:0|BOOST:0|MUVO:0|EFIT:1",1791602044,1791602101
"2026-10-10 00:15:18","384",14,0,1,0,"IN_SERVICE",true,true,true,"FIT:14|BATTLE:0|BOOST:0|MUVO:0|EFIT:0",1791601948,1791602101
"2026-10-10 00:15:18","389",3,0,8,0,"IN_SERVICE",true,true,true,"FIT:3|BATTLE:0|BOOST:0|MUVO:0|EFIT:0",1791601929,1791602101
"2026-10-10 00:15:18","391",4,0,13,0,"IN_SERVICE",true,true,true,"FIT:4|BATTLE:0|BOOST:0|MUVO:0|EFIT:0",1791601933,1791602101
"2026-10-10 00:15:18","404",16,1,10,0,"IN_SERVICE",true,true,true,"FIT:15|BATTLE:0|BOOST:0|MUVO:0|EFIT:1",1791602050,1791602101
"2026-10-10 00:15:18","416",13,0,2,0,"IN_SERVICE",true,true,true,"FIT:13|BATTLE:0|BOOST:0|MUVO:0|EFIT:0",1791598629,1791602101
"2026-10-10 00:15:18","417",14,0,1,0,"IN_SERVICE",true,true,true,"FIT:14|BATTLE:0|BOOST:0|MUVO:0|EFIT:0",1791601956,1791602101
"2026-10-10 00:15:18","418",17,2,0,0,"IN_SERVICE",true,true,true,"FIT:11|BATTLE:0|BOOST:0|MUVO:0|EFIT:6",1791602081,1791602101
"2026-10-10 00:15:18","419",1,3,12,3,"IN_SERVICE",true,true,true,"FIT:0|BATTLE:0|BOOST:0|MUVO:0|EFIT:1",1791601983,1791602101
"2026-10-10 00:15:18","421",15,0,7,1,"IN_SERVICE",true,true,true,"FIT:6|BATTLE:0|BOOST:0|MUVO:0|EFIT:9",1791601976,1791602101
"2026-10-10 00:15:18","422",4,0,7,0,"IN_SERVICE",true,true,true,"FIT:4|BATTLE:0|BOOST:0|MUVO:0|EFIT:0",1791601958,1791602101
"2026-10-10 00:15:18","424",13,4,2,0,"IN_SERVICE",true,true,true,"FIT:13|BATTLE:0|BOOST:0|MUVO:0|EFIT:0",1791601942,1791602101
"2026-10-10 00:15:18","425",1,2,24,0,"IN_SERVICE",true,true,true,"FIT:1|BATTLE:0|BOOST:0|MUVO:0|EFIT:0",1791602010,1791602101
"2026-10-10 00:15:18","426",5,1,9,0,"IN_SERVICE",true,true,true,"FIT:3|BATTLE:0|BOOST:0|MUVO:0|EFIT:2",1791602089,1791602101
"2026-10-10 00:15:18","427",15,0,0,0,"IN_SERVICE",true,true,true,"FIT:15|BATTLE:0|BOOST:0|MUVO:0|EFIT:0",1791602022,1791602101
"2026-10-10 00:15:18","429",1,0,14,0,"IN_SERVICE",true,true,true,"FIT:1|BATTLE:0|BOOST:0|MUVO:0|EFIT:0",1791602006,1791602101
"2026-10-10 00:15:18","430",15,0,0,0,"IN_SERVICE",true,true,true,"FIT:6|BATTLE:0|BOOST:0|MUVO:0|EFIT:9",1791601984,1791602101
"2026-10-10 00:15:18","431",3,0,8,0,"IN_SERVICE",true,true,true,"FIT:3|BATTLE:0|BOOST:0|MUVO:0|EFIT:0",1791602065,1791602101
"2026-10-10 00:15:18","432",2,1,8,0,"IN_SERVICE",true,true,true,"FIT:1|BATTLE:0|BOOST:0|MUVO:0|EFIT:1",1791602064,1791602101
"2026-10-10 00:15:18","433",1,0,10,0,"IN_SERVICE",true,true,true,"FIT:1|BATTLE:0|BOOST:0|MUVO:0|EFIT:0",1791602090,1791602101
"2026-10-10 00:15:18","434",1,0,21,1,"IN_SERVICE",true,true,true,"FIT:1|BATTLE:0|BOOST:0|MUVO:0|EFIT:0",1791601976,1791602101
"2026-10-10 00:15:18","435",18,0,1,0,"IN_SERVICE",true,true,true,"FIT:16|BATTLE:0|BOOST:0|MUVO:0|EFIT:2",1791602014,1791602101
"2026-10-10 00:15:18","436",11,0,0,0,"IN_SERVICE",true,true,true,"FIT:10|BATTLE:0|BOOST:0|MUVO:0|EFIT:1",1791601939,1791602101
"2026-10-10 00:15:18","437",4,0,7,0,"IN_SERVICE",true,true,true,"FIT:4|BATTLE:0|BOOST:0|MUVO:0|EFIT:0",1791601935,1791602101
"2026-10-10 00:15:18","438",3,0,7,1,"IN_SERVICE",true,true,true,"FIT:3|BATTLE:0|BOOST:0|MUVO:0|EFIT:0",1791602056,1791602101
"2026-10-10 00:15:18","439",7,0,8,0,"IN_SERVICE",true,true,true,"FIT:7|BATTLE:0|BOOST:0|MUVO:0|EFIT:0",1791602017,1791602101
"2026-10-10 00:15:18","440",0,0,11,0,"IN_SERVICE",true,true,true,"FIT:0|BATTLE:0|BOOST:0|MUVO:0|EFIT:0",1791601955,1791602101
"2026-10-10 00:15:18","442",0,0,11,0,"IN_SERVICE",true,true,true,"FIT:0|BATTLE:0|BOOST:0|MUVO:0|EFIT:0",1791602017,1791602101
"2026-10-10 00:15:18","443",9,0,17,1,"IN_SERVICE",true,true,true,"FIT:8|BATTLE:0|BOOST:0|MUVO:0|EFIT:1",1791601942,1791602101
"2026-10-10 00:15:18","446",15,0,2,0,"IN_SERVICE",true,true,true,"FIT:9|BATTLE:0|BOOST:0|MUVO:0|EFIT:6",1791602017,1791602101
"2026-10-10 00:15:18","448",0,1,9,1,"IN_SERVICE",true,true,true,"FIT:0|BATTLE:0|BOOST:0|MUVO:0|EFIT:0",1791602065,1791602101
"2026-10-10 00:15:18","451",2,0,8,1,"IN_SERVICE",true,true,true,"FIT:2|BATTLE:0|BOOST:0|MUVO:0|EFIT:0",1791602075,1791602101
"2026-10-10 00:15:18","452",18,1,0,0,"IN_SERVICE",true,true,true,"FIT:18|BATTLE:0|BOOST:0|MUVO:0|EFIT:0",1791601983,1791602101
"2026-10-10 00:15:18","454",13,1,1,0,"IN_SERVICE",true,true,true,"FIT:13|BATTLE:0|BOOST:0|MUVO:0|EFIT:0",1791602051,1791602101
"2026-10-10 00:15:18","455",3,0,8,0,"IN_SERVICE",true,true,true,"FIT:3|BATTLE:0|BOOST:0|MUVO:0|EFIT:0",1791601933,1791602101
"2026-10-10 00:15:18","459",13,2,2,0,"IN_SERVICE",true,true,true,"FIT:9|BATTLE:0|BOOST:0|MUVO:0|EFIT:4",1791602026,1791602101
"2026-10-10 00:15:18","460",5,0,18,0,"IN_SERVICE",true,true,true,"FIT:3|BATTLE:0|BOOST:0|MUVO:0|EFIT:2",1791602049,1791602101
"2026-10-10 00:15:18","461",9,0,6,0,"IN_SERVICE",true,true,true,"FIT:6|BATTLE:0|BOOST:0|MUVO:0|EFIT:3",1791602043,1791602101
"2026-10-10 00:15:18","462",2,0,13,0,"IN_SERVICE",true,true,true,"FIT:2|BATTLE:0|BOOST:0|MUVO:0|EFIT:0",1791601919,1791602101
"2026-10-10 00:15:18","463",14,1,0,0,"IN_SERVICE",true,true,true,"FIT:11|BATTLE:0|BOOST:0|MUVO:0|EFIT:3",1791602012,1791602101
"2026-10-10 00:15:18","464",5,0,6,0,"IN_SERVICE",true,true,true,"FIT:5|BATTLE:0|BOOST:0|MUVO:0|EFIT:0",1791601966,1791602101
"2026-10-10 00:15:18","466",17,0,2,0,"IN_SERVICE",true,true,true,"FIT:15|BATTLE:0|BOOST:0|MUVO:0|EFIT:2",1791602088,1791602101
"2026-10-10 00:15:18","467",3,0,12,0,"IN_SERVICE",true,true,true,"FIT:3|BATTLE:0|BOOST:0|MUVO:0|EFIT:0",1791601961,1791602101
"2026-10-10 00:15:18","468",17,1,0,0,"IN_SERVICE",true,true,true,"FIT:8|BATTLE:0|BOOST:0|MUVO:0|EFIT:9",1791602007,1791602101
"2026-10-10 00:15:18","469",18,0,1,0,"IN_SERVICE",true,true,true,"FIT:17|BATTLE:0|BOOST:0|MUVO:0|EFIT:1",1791602086,1791602101
"2026-10-10 00:15:18","470",13,1,5,0,"IN_SERVICE",true,true,true,"FIT:13|BATTLE:0|BOOST:0|MUVO:0|EFIT:0",1791601978,1791602101
"2026-10-10 00:15:18","471",5,1,13,0,"IN_SERVICE",true,true,true,"FIT:4|BATTLE:0|BOOST:0|MUVO:0|EFIT:1",1791602030,1791602101
"2026-10-10 00:15:18","473",10,0,1,0,"IN_SERVICE",true,true,true,"FIT:10|BATTLE:0|BOOST:0|MUVO:0|EFIT:0",1791602032,1791602101
"2026-10-10 00:15:18","474",8,0,7,0,"IN_SERVICE",true,true,true,"FIT:7|BATTLE:0|BOOST:0|MUVO:0|EFIT:1",1791602051,1791602101
"2026-10-10 00:15:18","477",1,1,14,0,"IN_SERVICE",true,true,true,"FIT:1|BATTLE:0|BOOST:0|MUVO:0|EFIT:0",1791602018,1791602101
"2026-10-10 00:15:18","479",17,1,1,0,"IN_SERVICE",true,true,true,"FIT:16|BATTLE:0|BOOST:0|MUVO:0|EFIT:1",1791602040,1791602101
"2026-10-10 00:15:18","487",11,0,0,0,"IN_SERVICE",true,true,true,"FIT:11|BATTLE:0|BOOST:0|MUVO:0|EFIT:0",1791601962,1791602101
"2026-10-10 00:15:18","488",1,0,14,0,"IN_SERVICE",true,true,true,"FIT:1|BATTLE:0|BOOST:0|MUVO:0|EFIT:0",1791602065,1791602101
"2026-10-10 00:15:18","489",12,1,9,1,"IN_SERVICE",true,true,true,"FIT:4|BATTLE:0|BOOST:0|MUVO:0|EFIT:8",1791602098,1791602101
"2026-10-10 00:15:18","490",4,6,1,0,"IN_SERVICE",true,true,true,"FIT:2|BATTLE:0|BOOST:0|MUVO:0|EFIT:2",1791602078,1791602101
"2026-10-10 00:15:18","491",5,0,8,4,"IN_SERVICE",true,true,true,"FIT:5|BATTLE:0|BOOST:0|MUVO:0|EFIT:0",1791601992,1791602101
"2026-10-10 00:15:18","492",10,0,5,0,"IN_SERVICE",true,true,true,"FIT:10|BATTLE:0|BOOST:0|MUVO:0|EFIT:0",1791602053,1791602101
"2026-10-10 00:15:18","493",9,0,9,1,"IN_SERVICE",true,true,true,"FIT:9|BATTLE:0|BOOST:0|MUVO:0|EFIT:0",1791602087,1791602101
"2026-10-10 00:15:18","494",8,0,11,0,"IN_SERVICE",true,true,true,"FIT:8|BATTLE:0|BOOST:0|MUVO:0|EFIT:0",1791602063,1791602101
"2026-10-10 00:15:18","495",18,0,1,0,"IN_SERVICE",true,true,true,"FIT:16|BATTLE:0|BOOST:0|MUVO:0|EFIT:2",1791602041,1791602101
"2026-10-10 00:15:18","497",4,0,11,0,"IN_SERVICE",true,true,true,"FIT:1|BATTLE:0|BOOST:0|MUVO:0|EFIT:3",1791602013,1791602101
"2026-10-10 00:15:18","498",2,0,17,0,"IN_SERVICE",true,true,true,"FIT:2|BATTLE:0|BOOST:0|MUVO:0|EFIT:0",1791602074,1791602101
"2026-10-10 00:15:18","499",1,1,9,0,"IN_SERVICE",true,true,true,"FIT:1|BATTLE:0|BOOST:0|MUVO:0|EFIT:0",1791602037,1791602101
"2026-10-10 00:15:18","500",10,1,0,0,"IN_SERVICE",true,true,true,"FIT:8|BATTLE:0|BOOST:0|MUVO:0|EFIT:2",1791601934,1791602101
"2026-10-10 00:15:18","501",22,0,0,0,"IN_SERVICE",true,true,true,"FIT:17|BATTLE:0|BOOST:0|MUVO:0|EFIT:5",1791601929,1791602101
"2026-10-10 00:15:18","503",7,2,18,0,"IN_SERVICE",true,true,true,"FIT:2|BATTLE:0|BOOST:0|MUVO:0|EFIT:5",1791602047,1791602101
"2026-10-10 00:15:18","504",2,1,8,0,"IN_SERVICE",true,true,true,"FIT:0|BATTLE:0|BOOST:0|MUVO:0|EFIT:2",1791602003,1791602101
"2026-10-10 00:15:18","505",2,0,17,0,"IN_SERVICE",true,true,true,"FIT:2|BATTLE:0|BOOST:0|MUVO:0|EFIT:0",1791601991,1791602101
"2026-10-10 00:15:18","506",1,0,26,0,"IN_SERVICE",true,true,true,"FIT:1|BATTLE:0|BOOST:0|MUVO:0|EFIT:0",1791602047,1791602101
"2026-10-10 00:15:18","508",3,2,14,0,"IN_SERVICE",true,true,true,"FIT:3|BATTLE:0|BOOST:0|MUVO:0|EFIT:0",1791601938,1791602101
"2026-10-10 00:15:18","509",13,0,6,0,"IN_SERVICE",true,true,true,"FIT:13|BATTLE:0|BOOST:0|MUVO:0|EFIT:0",1791602086,1791602101
"2026-10-10 00:15:18","518",2,1,8,0,"IN_SERVICE",true,true,true,"FIT:2|BATTLE:0|BOOST:0|MUVO:0|EFIT:0",1791601946,1791602101
"2026-10-10 00:15:18","519",4,0,11,0,"IN_SERVICE",true,true,true,"FIT:0|BATTLE:0|BOOST:0|MUVO:0|EFIT:4",1791602089,1791602101
"2026-10-10 00:15:18","520",4,0,7,0,"IN_SERVICE",true,true,true,"FIT:1|BATTLE:0|BOOST:0|MUVO:0|EFIT:3",1791602065,1791602101
"2026-10-10 00:15:18","521",13,4,0,0,"IN_SERVICE",true,true,true,"FIT:13|BATTLE:0|BOOST:0|MUVO:0|EFIT:0",1791601943,1791602101
"2026-10-10 00:15:18","522",7,0,12,0,"IN_SERVICE",true,true,true,"FIT:7|BATTLE:0|BOOST:0|MUVO:0|EFIT:0",1791584924,1791602101
"2026-10-10 00:15:18","523",17,0,2,0,"IN_SERVICE",true,true,true,"FIT:17|BATTLE:0|BOOST:0|MUVO:0|EFIT:0",1791602014,1791602101
"2026-10-10 00:15:18","524",13,1,2,0,"IN_SERVICE",true,true,true,"FIT:13|BATTLE:0|BOOST:0|MUVO:0|EFIT:0",1791602070,1791602101
"2026-10-10 00:15:18","525",8,0,11,0,"IN_SERVICE",true,true,true,"FIT:8|BATTLE:0|BOOST:0|MUVO:0|EFIT:0",1791602067,1791602101
"2026-10-10 00:15:18","526",4,0,11,0,"IN_SERVICE",true,true,true,"FIT:4|BATTLE:0|BOOST:0|MUVO:0|EFIT:0",1791602025,1791602101
"2026-10-10 00:15:18","528",11,0,3,1,"IN_SERVICE",true,true,true,"FIT:11|BATTLE:0|BOOST:0|MUVO:0|EFIT:0",1791602038,1791602101
"2026-10-10 00:15:18","529",2,0,13,0,"IN_SERVICE",true,true,true,"FIT:2|BATTLE:0|BOOST:0|MUVO:0|EFIT:0",1791601959,1791602101
"2026-10-10 00:15:18","530",2,0,17,0,"IN_SERVICE",true,true,true,"FIT:2|BATTLE:0|BOOST:0|MUVO:0|EFIT:0",1791602004,1791602101
"2026-10-10 00:15:18","531",3,0,14,0,"IN_SERVICE",true,true,true,"FIT:3|BATTLE:0|BOOST:0|MUVO:0|EFIT:0",1791602068,1791602101
"2026-10-10 00:15:18","536",6,0,5,0,"IN_SERVICE",true,true,true,"FIT:4|BATTLE:0|BOOST:0|MUVO:0|EFIT:2",1791602098,1791602101
"2026-10-10 00:15:18","538",9,0,2,0,"IN_SERVICE",true,true,true,"FIT:9|BATTLE:0|BOOST:0|MUVO:0|EFIT:0",1791601953,1791602101
"2026-10-10 00:15:18","539",13,0,2,0,"IN_SERVICE",true,true,true,"FIT:13|BATTLE:0|BOOST:0|MUVO:0|EFIT:0",1791602049,1791602101
"2026-10-10 00:15:18","540",1,0,14,0,"IN_SERVICE",true,true,true,"FIT:1|BATTLE:0|BOOST:0|MUVO:0|EFIT:0",1791601986,1791602101
"2026-10-10 00:15:18","541",0,0,15,0,"IN_SERVICE",true,true,true,"FIT:0|BATTLE:0|BOOST:0|MUVO:0|EFIT:0",1791602003,1791602101
"2026-10-10 00:15:18","542",6,0,9,0,"IN_SERVICE",true,true,true,"FIT:6|BATTLE:0|BOOST:0|MUVO:0|EFIT:0",1791601968,1791602101
"2026-10-10 00:15:18","543",0,0,15,0,"IN_SERVICE",true,true,true,"FIT:0|BATTLE:0|BOOST:0|MUVO:0|EFIT:0",1791601970,1791602101
"2026-10-10 00:15:18","548",15,0,0,0,"IN_SERVICE",true,true,true,"FIT:14|BATTLE:0|BOOST:0|MUVO:0|EFIT:1",1791602095,1791602101
"2026-10-10 00:15:18","549",15,0,0,0,"IN_SERVICE",true,true,true,"FIT:8|BATTLE:0|BOOST:0|MUVO:0|EFIT:7",1791601933,1791602101
"2026-10-10 00:15:18","551",12,0,3,0,"IN_SERVICE",true,true,true,"FIT:10|BATTLE:0|BOOST:0|MUVO:0|EFIT:2",1791602048,1791602101
"2026-10-10 00:15:18","555",13,0,2,0,"IN_SERVICE",true,true,true,"FIT:13|BATTLE:0|BOOST:0|MUVO:0|EFIT:0",1791602043,1791602101
"2026-10-10 00:15:18","559",16,2,9,0,"IN_SERVICE",true,true,true,"FIT:15|BATTLE:0|BOOST:0|MUVO:0|EFIT:1",1791602072,1791602101
"2026-10-10 00:15:18","565",1,0,14,0,"IN_SERVICE",true,true,true,"FIT:1|BATTLE:0|BOOST:0|MUVO:0|EFIT:0",1791602006,1791602101
"2026-10-10 00:15:18","566",16,1,0,0,"IN_SERVICE",true,true,true,"FIT:16|BATTLE:0|BOOST:0|MUVO:0|EFIT:0",1791602007,1791602101
"2026-10-10 00:15:18","567",0,0,17,0,"IN_SERVICE",true,true,true,"FIT:0|BATTLE:0|BOOST:0|MUVO:0|EFIT:0",1791602078,1791602101
"2026-10-10 00:15:18","570",0,0,11,0,"IN_SERVICE",true,true,true,"FIT:0|BATTLE:0|BOOST:0|MUVO:0|EFIT:0",1791602055,1791602101
"2026-10-10 00:15:18","572",9,0,14,0,"IN_SERVICE",true,true,true,"FIT:9|BATTLE:0|BOOST:0|MUVO:0|EFIT:0",1791601964,1791602101
"2026-10-10 00:15:18","576",11,0,12,0,"IN_SERVICE",true,true,true,"FIT:0|BATTLE:0|BOOST:0|MUVO:0|EFIT:11",1791602013,1791602101
"2026-10-10 00:15:18","577",12,1,2,0,"IN_SERVICE",true,true,true,"FIT:8|BATTLE:0|BOOST:0|MUVO:0|EFIT:4",1791602037,1791602101
"2026-10-10 00:15:18","590",1,0,9,0,"IN_SERVICE",true,true,true,"FIT:1|BATTLE:0|BOOST:0|MUVO:0|EFIT:0",1791601976,1791602101
"2026-10-10 00:15:18","593",14,0,1,0,"IN_SERVICE",true,true,true,"FIT:13|BATTLE:0|BOOST:0|MUVO:0|EFIT:1",1791602009,1791602101
"2026-10-10 00:15:18","594",8,0,11,0,"IN_SERVICE",true,true,true,"FIT:8|BATTLE:0|BOOST:0|MUVO:0|EFIT:0",1791602015,1791602101
"2026-10-10 00:15:18","595",0,0,14,1,"IN_SERVICE",true,true,true,"FIT:0|BATTLE:0|BOOST:0|MUVO:0|EFIT:0",1791602076,1791602101
"2026-10-10 00:15:18","597",9,0,8,2,"IN_SERVICE",true,true,true,"FIT:6|BATTLE:0|BOOST:0|MUVO:0|EFIT:3",1791601945,1791602101
"2026-10-10 00:15:18","598",0,0,9,0,"IN_SERVICE",true,true,true,"FIT:0|BATTLE:0|BOOST:0|MUVO:0|EFIT:0",1791601936,1791602101
"2026-10-10 00:30:23","1",10,0,7,0,"IN_SERVICE",true,true,true,"FIT:10|BATTLE:0|BOOST:0|MUVO:0|EFIT:0",1791602940,1791603023
"2026-10-10 00:30:23","2",6,0,12,1,"IN_SERVICE",true,true,true,"FIT:5|BATTLE:0|BOOST:0|MUVO:0|EFIT:1",1791602860,1791603023
"2026-10-10 00:30:23","3",3,0,14,0,"IN_SERVICE",true,true,true,"FIT:3|BATTLE:0|BOOST:0|MUVO:0|EFIT:0",1791602862,1791603023
"2026-10-10 00:30:23","4",0,0,16,1,"IN_SERVICE",true,true,true,"FIT:0|BATTLE:0|BOOST:0|MUVO:0|EFIT:0",1791602889,1791603023
"2026-10-10 00:30:23","5",1,0,22,0,"IN_SERVICE",true,true,true,"FIT:1|BATTLE:0|BOOST:0|MUVO:0|EFIT:0",1791602991,1791603023
"2026-10-10 00:30:23","6",9,0,9,1,"IN_SERVICE",true,true,true,"FIT:9|BATTLE:0|BOOST:0|MUVO:0|EFIT:0",1791603010,1791603023
"2026-10-10 00:30:23","7",4,0,15,0,"IN_SERVICE",true,true,true,"FIT:4|BATTLE:0|BOOST:0|MUVO:0|EFIT:0",1791602984,1791603023
"2026-10-10 00:30:23","8",2,0,21,0,"IN_SERVICE",true,true,true,"FIT:2|BATTLE:0|BOOST:0|MUVO:0|EFIT:0",1791602915,1791603023
"2026-10-10 00:30:23","9",16,0,7,0,"IN_SERVICE",true,true,true,"FIT:16|BATTLE:0|BOOST:0|MUVO:0|EFIT:0",1791602900,1791603023
"2026-10-10 00:30:23","10",18,0,1,0,"IN_SERVICE",true,true,true,"FIT:17|BATTLE:0|BOOST:0|MUVO:0|EFIT:1",1791602932,1791603023
"2026-10-10 00:30:23","11",16,0,1,0,"IN_SERVICE",true,true,true,"FIT:16|BATTLE:0|BOOST:0|MUVO:0|EFIT:0",1791602863,1791603023
"2026-10-10 00:30:23","12",15,0,4,0,"IN_SERVICE",true,true,true,"FIT:14|BATTLE:0|BOOST:0|MUVO:0|EFIT:1",1791602956,1791603023
"2026-10-10 00:30:23","14",11,0,12,0,"IN_SERVICE",true,true,true,"FIT:5|BATTLE:0|BOOST:0|MUVO:0|EFIT:6",1791602855,1791603023
"2026-10-10 00:30:23","15",13,0,2,0,"IN_SERVICE",true,true,true,"FIT:1|BATTLE:0|BOOST:0|MUVO:0|EFIT:12",1791602908,1791603023
"2026-10-10 00:30:23","16",17,0,6,0,"IN_SERVICE",true,true,true,"FIT:1|BATTLE:0|BOOST:0|MUVO:0|EFIT:16",1791602855,1791603023
"2026-10-10 00:30:23","17",13,0,6,0,"IN_SERVICE",true,true,true,"FIT:11|BATTLE:0|BOOST:0|MUVO:0|EFIT:2",1791602906,1791603023
"2026-10-10 00:30:23","18",8,0,7,0,"IN_SERVICE",true,true,true,"FIT:6|BATTLE:0|BOOST:0|MUVO:0|EFIT:2",1791602899,1791603023
"2026-10-10 00:30:23","19",4,0,6,1,"IN_SERVICE",true,true,true,"FIT:4|BATTLE:0|BOOST:0|MUVO:0|EFIT:0",1791602968,1791603023
"2026-10-10 00:30:23","20",3,0,19,1,"IN_SERVICE",true,true,true,"FIT:3|BATTLE:0|BOOST:0|MUVO:0|EFIT:0",1791602845,1791603023
"2026-10-10 00:30:23","21",5,1,10,0,"IN_SERVICE",true,true,true,"FIT:5|BATTLE:0|BOOST:0|MUVO:0|EFIT:0",1791603018,1791603023
"2026-10-10 00:30:23","22",5,0,10,0,"IN_SERVICE",true,true,true,"FIT:4|BATTLE:0|BOOST:0|MUVO:0|EFIT:1",1791602874,1791603023
"2026-10-10 00:30:23","23",9,4,7,0,"IN_SERVICE",true,true,true,"FIT:8|BATTLE:0|BOOST:0|MUVO:0|EFIT:1",1791602988,1791603023
"2026-10-10 00:30:23","24",4,2,17,0,"IN_SERVICE",true,true,true,"FIT:1|BATTLE:0|BOOST:0|MUVO:0|EFIT:3",1791602861,1791603023
"2026-10-10 00:30:23","25",3,0,16,0,"IN_SERVICE",true,true,true,"FIT:3|BATTLE:0|BOOST:0|MUVO:0|EFIT:0",1791602849,1791603023
"2026-10-10 00:30:23","26",1,1,21,0,"IN_SERVICE",true,true,true,"FIT:1|BATTLE:0|BOOST:0|MUVO:0|EFIT:0",1791603022,1791603023
"2026-10-10 00:30:23","27",7,1,23,0,"IN_SERVICE",true,true,true,"FIT:5|BATTLE:0|BOOST:0|MUVO:0|EFIT:2",1791602873,1791603023
"2026-10-10 00:30:23","28",25,2,1,1,"IN_SERVICE",true,true,true,"FIT:23|BATTLE:0|BOOST:0|MUVO:0|EFIT:2",1791602851,1791603023
"2026-10-10 00:30:23","30",17,0,0,0,"IN_SERVICE",true,true,true,"FIT:7|BATTLE:0|BOOST:0|MUVO:0|EFIT:10",1791602986,1791603023
"2026-10-10 00:30:23","31",25,0,5,0,"IN_SERVICE",true,true,true,"FIT:15|BATTLE:0|BOOST:0|MUVO:0|EFIT:10",1791602947,1791603023
"2026-10-10 00:30:23","32",15,0,12,0,"IN_SERVICE",true,true,true,"FIT:9|BATTLE:0|BOOST:0|MUVO:0|EFIT:6",1791602887,1791603023
"2026-10-10 00:30:23","33",8,2,3,0,"IN_SERVICE",true,true,true,"FIT:8|BATTLE:0|BOOST:0|MUVO:0|EFIT:0",1791602922,1791603023
"2026-10-10 00:30:23","34",8,0,22,1,"IN_SERVICE",true,true,true,"FIT:8|BATTLE:0|BOOST:0|MUVO:0|EFIT:0",1791602907,1791603023
"2026-10-10 00:30:23","35",5,1,29,0,"IN_SERVICE",true,true,true,"FIT:5|BATTLE:0|BOOST:0|MUVO:0|EFIT:0",1791602938,1791603023
"2026-10-10 00:30:23","36",5,0,10,0,"IN_SERVICE",true,true,true,"FIT:5|BATTLE:0|BOOST:0|MUVO:0|EFIT:0",1791602970,1791603023
"2026-10-10 00:30:23","37",1,0,13,0,"IN_SERVICE",true,true,true,"FIT:1|BATTLE:0|BOOST:0|MUVO:0|EFIT:0",1791602990,1791603023
"2026-10-10 00:30:23","38",0,0,31,0,"IN_SERVICE",true,true,true,"FIT:0|BATTLE:0|BOOST:0|MUVO:0|EFIT:0",1791602967,1791603023
"2026-10-10 00:30:23","39",0,0,11,0,"IN_SERVICE",true,true,true,"FIT:0|BATTLE:0|BOOST:0|MUVO:0|EFIT:0",1791602968,1791603023
"2026-10-10 00:30:23","40",8,1,10,0,"IN_SERVICE",true,true,true,"FIT:6|BATTLE:0|BOOST:0|MUVO:0|EFIT:2",1791603017,1791603023
"2026-10-10 00:30:23","41",1,1,16,0,"IN_SERVICE",true,true,true,"FIT:1|BATTLE:0|BOOST:0|MUVO:0|EFIT:0",1791602970,1791603023
"2026-10-10 00:30:23","42",4,0,15,0,"IN_SERVICE",true,true,true,"FIT:4|BATTLE:0|BOOST:0|MUVO:0|EFIT:0",1791603011,1791603023
"2026-10-10 00:30:23","43",6,2,9,0,"IN_SERVICE",true,true,true,"FIT:5|BATTLE:0|BOOST:0|MUVO:0|EFIT:1",1791602996,1791603023
"2026-10-10 00:30:23","44",14,1,4,0,"IN_SERVICE",true,true,true,"FIT:11|BATTLE:0|BOOST:0|MUVO:0|EFIT:3",1791602870,1791603023
"2026-10-10 00:30:23","45",15,1,3,0,"IN_SERVICE",true,true,true,"FIT:15|BATTLE:0|BOOST:0|MUVO:0|EFIT:0",1791602931,1791603023
"2026-10-10 00:30:23","46",8,3,13,0,"IN_SERVICE",true,true,true,"FIT:7|BATTLE:0|BOOST:0|MUVO:0|EFIT:1",1791602924,1791603023
"2026-10-10 00:30:23","47",4,0,11,0,"IN_SERVICE",true,true,true,"FIT:4|BATTLE:0|BOOST:0|MUVO:0|EFIT:0",1791602860,1791603023
"2026-10-10 00:30:23","48",0,1,18,0,"IN_SERVICE",true,true,true,"FIT:0|BATTLE:0|BOOST:0|MUVO:0|EFIT:0",1791602898,1791603023
"2026-10-10 00:30:23","49",0,1,12,1,"IN_SERVICE",true,true,true,"FIT:0|BATTLE:0|BOOST:0|MUVO:0|EFIT:0",1791602875,1791603023
"2026-10-10 00:30:23","50",5,3,14,1,"IN_SERVICE",true,true,true,"FIT:4|BATTLE:0|BOOST:0|MUVO:0|EFIT:1",1791602967,1791603023
"2026-10-10 00:30:23","51",1,1,14,1,"IN_SERVICE",true,true,true,"FIT:1|BATTLE:0|BOOST:0|MUVO:0|EFIT:0",1791602987,1791603023
"2026-10-10 00:30:23","52",11,0,3,1,"IN_SERVICE",true,true,true,"FIT:10|BATTLE:0|BOOST:0|MUVO:0|EFIT:1",1791602963,1791603023
"2026-10-10 00:30:23","53",9,0,2,0,"IN_SERVICE",true,true,true,"FIT:9|BATTLE:0|BOOST:0|MUVO:0|EFIT:0",1791602923,1791603023
"2026-10-10 00:30:23","54",7,0,12,0,"IN_SERVICE",true,true,true,"FIT:7|BATTLE:0|BOOST:0|MUVO:0|EFIT:0",1791602921,1791603023
"2026-10-10 00:30:23","55",4,0,13,0,"IN_SERVICE",true,true,true,"FIT:4|BATTLE:0|BOOST:0|MUVO:0|EFIT:0",1791602953,1791603023
"2026-10-10 00:30:23","56",19,0,4,0,"IN_SERVICE",true,true,true,"FIT:19|BATTLE:0|BOOST:0|MUVO:0|EFIT:0",1791602999,1791603023
"2026-10-10 00:30:23","57",4,0,11,0,"IN_SERVICE",true,true,true,"FIT:4|BATTLE:0|BOOST:0|MUVO:0|EFIT:0",1791603015,1791603023
"2026-10-10 00:30:23","58",19,0,3,1,"IN_SERVICE",true,true,true,"FIT:19|BATTLE:0|BOOST:0|MUVO:0|EFIT:0",1791602958,1791603023
"2026-10-10 00:30:23","59",4,0,7,0,"IN_SERVICE",true,true,true,"FIT:4|BATTLE:0|BOOST:0|MUVO:0|EFIT:0",1791602855,1791603023
"2026-10-10 00:30:23","60",9,0,6,0,"IN_SERVICE",true,true,true,"FIT:9|BATTLE:0|BOOST:0|MUVO:0|EFIT:0",1791602882,1791603023
"2026-10-10 00:30:23","61",10,0,7,0,"IN_SERVICE",true,true,true,"FIT:10|BATTLE:0|BOOST:0|MUVO:0|EFIT:0",1791602953,1791603023
"2026-10-10 00:30:23","62",9,0,6,0,"IN_SERVICE",true,true,true,"FIT:9|BATTLE:0|BOOST:0|MUVO:0|EFIT:0",1791602996,1791603023
"2026-10-10 00:30:23","63",1,0,13,0,"IN_SERVICE",true,true,true,"FIT:1|BATTLE:0|BOOST:0|MUVO:0|EFIT:0",1791602996,1791603023
"2026-10-10 00:30:23","64",10,0,9,0,"IN_SERVICE",true,true,true,"FIT:10|BATTLE:0|BOOST:0|MUVO:0|EFIT:0",1791602968,1791603023
"2026-10-10 00:30:23","65",1,0,22,0,"IN_SERVICE",true,true,true,"FIT:1|BATTLE:0|BOOST:0|MUVO:0|EFIT:0",1791603017,1791603023
"2026-10-10 00:30:23","66",1,0,7,1,"IN_SERVICE",true,true,true,"FIT:0|BATTLE:0|BOOST:0|MUVO:0|EFIT:1",1791603011,1791603023
"2026-10-10 00:30:23","67",12,1,2,0,"IN_SERVICE",true,true,true,"FIT:12|BATTLE:0|BOOST:0|MUVO:0|EFIT:0",1791602857,1791603023
"2026-10-10 00:30:23","68",22,0,1,0,"IN_SERVICE",true,true,true,"FIT:22|BATTLE:0|BOOST:0|MUVO:0|EFIT:0",1791602981,1791603023
"2026-10-10 00:30:23","69",22,0,1,0,"IN_SERVICE",true,true,true,"FIT:21|BATTLE:0|BOOST:0|MUVO:0|EFIT:1",1791602922,1791603023
"2026-10-10 00:30:23","70",21,0,2,0,"IN_SERVICE",true,true,true,"FIT:19|BATTLE:0|BOOST:0|MUVO:0|EFIT:2",1791602896,1791603023
"2026-10-10 00:30:23","71",17,0,2,0,"IN_SERVICE",true,true,true,"FIT:10|BATTLE:0|BOOST:0|MUVO:0|EFIT:7",1791602865,1791603023
"2026-10-10 00:30:23","73",0,2,21,0,"IN_SERVICE",true,true,true,"FIT:0|BATTLE:0|BOOST:0|MUVO:0|EFIT:0",1791602993,1791603023
"2026-10-10 00:30:23","74",2,0,17,0,"IN_SERVICE",true,true,true,"FIT:1|BATTLE:0|BOOST:0|MUVO:0|EFIT:1",1791602842,1791603023
"2026-10-10 00:30:23","75",2,0,13,0,"IN_SERVICE",true,true,true,"FIT:0|BATTLE:0|BOOST:0|MUVO:0|EFIT:2",1791602950,1791603023
"2026-10-10 00:30:23","76",3,1,15,0,"IN_SERVICE",true,true,true,"FIT:3|BATTLE:0|BOOST:0|MUVO:0|EFIT:0",1791602973,1791603023
"2026-10-10 00:30:23","77",2,1,15,0,"IN_SERVICE",true,true,true,"FIT:2|BATTLE:0|BOOST:0|MUVO:0|EFIT:0",1791603018,1791603023
"2026-10-10 00:30:23","78",10,0,1,0,"IN_SERVICE",true,true,true,"FIT:9|BATTLE:0|BOOST:0|MUVO:0|EFIT:1",1791603008,1791603023
"2026-10-10 00:30:23","79",11,0,0,0,"IN_SERVICE",true,true,true,"FIT:11|BATTLE:0|BOOST:0|MUVO:0|EFIT:0",1791602859,1791603023
"2026-10-10 00:30:23","80",11,0,6,1,"IN_SERVICE",true,true,true,"FIT:9|BATTLE:0|BOOST:0|MUVO:0|EFIT:2",1791602928,1791603023
"2026-10-10 00:30:23","81",3,1,11,0,"IN_SERVICE",true,true,true,"FIT:3|BATTLE:0|BOOST:0|MUVO:0|EFIT:0",1791602908,1791603023
"2026-10-10 00:30:23","82",8,2,19,0,"IN_SERVICE",true,true,true,"FIT:3|BATTLE:0|BOOST:0|MUVO:0|EFIT:5",1791602927,1791603023
"2026-10-10 00:30:23","83",7,0,21,3,"IN_SERVICE",true,true,true,"FIT:7|BATTLE:0|BOOST:0|MUVO:0|EFIT:0",1791602977,1791603023
"2026-10-10 00:30:23","84",0,0,15,0,"IN_SERVICE",true,true,true,"FIT:0|BATTLE:0|BOOST:0|MUVO:0|EFIT:0",1791602961,1791603023
"2026-10-10 00:30:23","85",3,1,19,0,"IN_SERVICE",true,true,true,"FIT:3|BATTLE:0|BOOST:0|MUVO:0|EFIT:0",1791602992,1791603023
"2026-10-10 00:30:23","86",10,0,24,1,"IN_SERVICE",true,true,true,"FIT:10|BATTLE:0|BOOST:0|MUVO:0|EFIT:0",1791602863,1791603023
"2026-10-10 00:30:23","87",0,0,19,0,"IN_SERVICE",true,true,true,"FIT:0|BATTLE:0|BOOST:0|MUVO:0|EFIT:0",1791602938,1791603023
"2026-10-10 00:30:23","88",16,0,3,0,"IN_SERVICE",true,true,true,"FIT:16|BATTLE:0|BOOST:0|MUVO:0|EFIT:0",1791602930,1791603023
"2026-10-10 00:30:23","89",2,0,12,1,"IN_SERVICE",true,true,true,"FIT:2|BATTLE:0|BOOST:0|MUVO:0|EFIT:0",1791603008,1791603023
"2026-10-10 00:30:23","90",1,1,10,0,"IN_SERVICE",true,true,true,"FIT:1|BATTLE:0|BOOST:0|MUVO:0|EFIT:0",1791602929,1791603023
"2026-10-10 00:30:23","91",2,0,9,0,"IN_SERVICE",true,true,true,"FIT:1|BATTLE:0|BOOST:0|MUVO:0|EFIT:1",1791602954,1791603023
"2026-10-10 00:30:23","92",1,0,14,0,"IN_SERVICE",true,true,true,"FIT:0|BATTLE:0|BOOST:0|MUVO:0|EFIT:1",1791602942,1791603023
"2026-10-10 00:30:23","93",6,0,9,0,"IN_SERVICE",true,true,true,"FIT:6|BATTLE:0|BOOST:0|MUVO:0|EFIT:0",1791602998,1791603023
"2026-10-10 00:30:23","94",5,0,10,0,"IN_SERVICE",true,true,true,"FIT:4|BATTLE:0|BOOST:0|MUVO:0|EFIT:1",1791602957,1791603023
"2026-10-10 00:30:23","95",6,0,11,0,"IN_SERVICE",true,true,true,"FIT:6|BATTLE:0|BOOST:0|MUVO:0|EFIT:0",1791602955,1791603023
"2026-10-10 00:30:23","96",4,3,13,0,"IN_SERVICE",true,true,true,"FIT:4|BATTLE:0|BOOST:0|MUVO:0|EFIT:0",1791602894,1791603023
"2026-10-10 00:30:23","97",0,1,14,0,"IN_SERVICE",true,true,true,"FIT:0|BATTLE:0|BOOST:0|MUVO:0|EFIT:0",1791603015,1791603023
"2026-10-10 00:30:23","98",1,0,11,2,"IN_SERVICE",true,true,true,"FIT:0|BATTLE:0|BOOST:0|MUVO:0|EFIT:1",1791602943,1791603023
"2026-10-10 00:30:23","99",2,0,9,0,"IN_SERVICE",true,true,true,"FIT:2|BATTLE:0|BOOST:0|MUVO:0|EFIT:0",1791602942,1791603023
"2026-10-10 00:30:23","100",7,4,3,0,"IN_SERVICE",true,true,true,"FIT:7|BATTLE:0|BOOST:0|MUVO:0|EFIT:0",1791602963,1791603023
"2026-10-10 00:30:23","101",8,1,10,0,"IN_SERVICE",true,true,true,"FIT:6|BATTLE:0|BOOST:0|MUVO:0|EFIT:2",1791602890,1791603023
"2026-10-10 00:30:23","102",4,1,22,0,"IN_SERVICE",true,true,true,"FIT:1|BATTLE:0|BOOST:0|MUVO:0|EFIT:3",1791602930,1791603023
"2026-10-10 00:30:23","103",5,2,8,0,"IN_SERVICE",true,true,true,"FIT:5|BATTLE:0|BOOST:0|MUVO:0|EFIT:0",1791603011,1791603023
"2026-10-10 00:30:23","104",3,0,8,0,"IN_SERVICE",true,true,true,"FIT:2|BATTLE:0|BOOST:0|MUVO:0|EFIT:1",1791602846,1791603023
"2026-10-10 00:30:23","105",2,1,13,0,"IN_SERVICE",true,true,true,"FIT:2|BATTLE:0|BOOST:0|MUVO:0|EFIT:0",1791603013,1791603023
"2026-10-10 00:30:23","107",19,0,0,0,"IN_SERVICE",true,true,true,"FIT:7|BATTLE:0|BOOST:0|MUVO:0|EFIT:12",1791602925,1791603023
"2026-10-10 00:30:23","109",33,1,1,0,"IN_SERVICE",true,true,true,"FIT:28|BATTLE:0|BOOST:0|MUVO:0|EFIT:5",1791602854,1791603023
"2026-10-10 00:30:23","111",14,1,3,0,"IN_SERVICE",true,true,true,"FIT:12|BATTLE:0|BOOST:0|MUVO:0|EFIT:2",1791602892,1791603023
"2026-10-10 00:30:23","112",6,1,12,0,"IN_SERVICE",true,true,true,"FIT:5|BATTLE:0|BOOST:0|MUVO:0|EFIT:1",1791602880,1791603023
"2026-10-10 00:30:23","113",14,0,1,0,"IN_SERVICE",true,true,true,"FIT:8|BATTLE:0|BOOST:0|MUVO:0|EFIT:6",1791602974,1791603023
"2026-10-10 00:30:23","114",19,4,0,0,"IN_SERVICE",true,true,true,"FIT:17|BATTLE:0|BOOST:0|MUVO:0|EFIT:2",1791602861,1791603023
"2026-10-10 00:30:23","116",13,5,1,0,"IN_SERVICE",true,true,true,"FIT:10|BATTLE:0|BOOST:0|MUVO:0|EFIT:3",1791602972,1791603023
"2026-10-10 00:30:23","117",23,4,0,0,"IN_SERVICE",true,true,true,"FIT:22|BATTLE:0|BOOST:0|MUVO:0|EFIT:1",1791602854,1791603023
"2026-10-10 00:30:23","118",12,3,0,0,"IN_SERVICE",true,true,true,"FIT:7|BATTLE:0|BOOST:0|MUVO:0|EFIT:5",1791602949,1791603023
"2026-10-10 00:30:23","119",7,0,4,0,"IN_SERVICE",true,true,true,"FIT:7|BATTLE:0|BOOST:0|MUVO:0|EFIT:0",1791602940,1791603023
"2026-10-10 00:30:23","120",12,1,10,0,"IN_SERVICE",true,true,true,"FIT:8|BATTLE:0|BOOST:0|MUVO:0|EFIT:4",1791602902,1791603023
"2026-10-10 00:30:23","121",7,3,13,0,"IN_SERVICE",true,true,true,"FIT:5|BATTLE:0|BOOST:0|MUVO:0|EFIT:2",1791603021,1791603023
"2026-10-10 00:30:23","122",16,0,7,0,"IN_SERVICE",true,true,true,"FIT:11|BATTLE:0|BOOST:0|MUVO:0|EFIT:5",1791602915,1791603023
"2026-10-10 00:30:23","123",3,0,11,0,"IN_SERVICE",true,true,true,"FIT:3|BATTLE:0|BOOST:0|MUVO:0|EFIT:0",1791602913,1791603023
"2026-10-10 00:30:23","124",0,0,15,0,"IN_SERVICE",true,true,true,"FIT:0|BATTLE:0|BOOST:0|MUVO:0|EFIT:0",1791602986,1791603023
"2026-10-10 00:30:23","125",0,0,19,0,"IN_SERVICE",true,true,true,"FIT:0|BATTLE:0|BOOST:0|MUVO:0|EFIT:0",1791602953,1791603023
"2026-10-10 00:30:23","126",8,0,7,0,"IN_SERVICE",true,true,true,"FIT:5|BATTLE:0|BOOST:0|MUVO:0|EFIT:3",1791602867,1791603023
"2026-10-10 00:30:23","127",2,0,13,0,"IN_SERVICE",true,true,true,"FIT:2|BATTLE:0|BOOST:0|MUVO:0|EFIT:0",1791602980,1791603023
"2026-10-10 00:30:23","128",10,0,9,0,"IN_SERVICE",true,true,true,"FIT:10|BATTLE:0|BOOST:0|MUVO:0|EFIT:0",1791602953,1791603023
"2026-10-10 00:30:23","129",4,3,4,0,"IN_SERVICE",true,true,true,"FIT:3|BATTLE:0|BOOST:0|MUVO:0|EFIT:1",1791602941,1791603023
"2026-10-10 00:30:23","131",6,3,14,0,"IN_SERVICE",true,true,true,"FIT:2|BATTLE:0|BOOST:0|MUVO:0|EFIT:4",1791602946,1791603023
"2026-10-10 00:30:23","132",11,0,8,0,"IN_SERVICE",true,true,true,"FIT:9|BATTLE:0|BOOST:0|MUVO:0|EFIT:2",1791602961,1791603023
"2026-10-10 00:30:23","133",0,0,15,0,"IN_SERVICE",true,true,true,"FIT:0|BATTLE:0|BOOST:0|MUVO:0|EFIT:0",1791602939,1791603023
"2026-10-10 00:30:23","134",7,0,16,0,"IN_SERVICE",true,true,true,"FIT:6|BATTLE:0|BOOST:0|MUVO:0|EFIT:1",1791602917,1791603023
"2026-10-10 00:30:23","136",5,0,9,1,"IN_SERVICE",true,true,true,"FIT:5|BATTLE:0|BOOST:0|MUVO:0|EFIT:0",1791602850,1791603023
"2026-10-10 00:30:23","137",13,0,6,0,"IN_SERVICE",true,true,true,"FIT:13|BATTLE:0|BOOST:0|MUVO:0|EFIT:0",1791602878,1791603023
"2026-10-10 00:30:23","138",11,0,3,1,"IN_SERVICE",true,true,true,"FIT:10|BATTLE:0|BOOST:0|MUVO:0|EFIT:1",1791602867,1791603023
"2026-10-10 00:30:23","139",21,0,2,0,"IN_SERVICE",true,true,true,"FIT:21|BATTLE:0|BOOST:0|MUVO:0|EFIT:0",1791602955,1791603023
"2026-10-10 00:30:23","140",25,0,4,0,"IN_SERVICE",true,true,true,"FIT:25|BATTLE:0|BOOST:0|MUVO:0|EFIT:0",1791602968,1791603023
"2026-10-10 00:30:23","141",5,0,10,0,"IN_SERVICE",true,true,true,"FIT:4|BATTLE:0|BOOST:0|MUVO:0|EFIT:1",1791602964,1791603023
"2026-10-10 00:30:23","142",14,0,5,0,"IN_SERVICE",true,true,true,"FIT:13|BATTLE:0|BOOST:0|MUVO:0|EFIT:1",1791602888,1791603023
"2026-10-10 00:30:23","143",2,0,12,1,"IN_SERVICE",true,true,true,"FIT:2|BATTLE:0|BOOST:0|MUVO:0|EFIT:0",1791603006,1791603023
"2026-10-10 00:30:23","145",13,0,6,0,"IN_SERVICE",true,true,true,"FIT:9|BATTLE:0|BOOST:0|MUVO:0|EFIT:4",1791602879,1791603023
"2026-10-10 00:30:23","146",2,2,11,0,"IN_SERVICE",true,true,true,"FIT:1|BATTLE:0|BOOST:0|MUVO:0|EFIT:1",1791602927,1791603023
"2026-10-10 00:30:23","148",3,1,11,0,"IN_SERVICE",true,true,true,"FIT:0|BATTLE:0|BOOST:0|MUVO:0|EFIT:3",1791602935,1791603023
"2026-10-10 00:30:23","149",1,0,14,0,"IN_SERVICE",true,true,true,"FIT:0|BATTLE:0|BOOST:0|MUVO:0|EFIT:1",1791602854,1791603023
"2026-10-10 00:30:23","150",7,0,7,1,"IN_SERVICE",true,true,true,"FIT:6|BATTLE:0|BOOST:0|MUVO:0|EFIT:1",1791602843,1791603023
"2026-10-10 00:30:23","152",1,1,9,0,"IN_SERVICE",true,true,true,"FIT:1|BATTLE:0|BOOST:0|MUVO:0|EFIT:0",1791602873,1791603023
"2026-10-10 00:30:23","153",2,0,17,0,"IN_SERVICE",true,true,true,"FIT:2|BATTLE:0|BOOST:0|MUVO:0|EFIT:0",1791602929,1791603023
"2026-10-10 00:30:23","154",13,1,3,0,"IN_SERVICE",true,true,true,"FIT:11|BATTLE:0|BOOST:0|MUVO:0|EFIT:2",1791602900,1791603023
"2026-10-10 00:30:23","155",15,2,2,0,"IN_SERVICE",true,true,true,"FIT:14|BATTLE:0|BOOST:0|MUVO:0|EFIT:1",1791602965,1791603023
"2026-10-10 00:30:23","157",16,3,0,0,"IN_SERVICE",true,true,true,"FIT:14|BATTLE:0|BOOST:0|MUVO:0|EFIT:2",1791602865,1791603023
"2026-10-10 00:30:23","158",19,0,0,0,"IN_SERVICE",true,true,true,"FIT:16|BATTLE:0|BOOST:0|MUVO:0|EFIT:3",1791602966,1791603023
"2026-10-10 00:30:23","159",1,2,12,0,"IN_SERVICE",true,true,true,"FIT:1|BATTLE:0|BOOST:0|MUVO:0|EFIT:0",1791602880,1791603023
"2026-10-10 00:30:23","160",5,0,8,0,"IN_SERVICE",true,true,true,"FIT:5|BATTLE:0|BOOST:0|MUVO:0|EFIT:0",1791602989,1791603023
"2026-10-10 00:30:23","161",2,1,8,0,"IN_SERVICE",true,true,true,"FIT:1|BATTLE:0|BOOST:0|MUVO:0|EFIT:1",1791602871,1791603023
"2026-10-10 00:30:23","162",1,0,16,0,"IN_SERVICE",true,true,true,"FIT:1|BATTLE:0|BOOST:0|MUVO:0|EFIT:0",1791602971,1791603023
"2026-10-10 00:30:23","163",1,2,14,0,"IN_SERVICE",true,true,true,"FIT:1|BATTLE:0|BOOST:0|MUVO:0|EFIT:0",1791602958,1791603023
"2026-10-10 00:30:23","164",1,0,16,0,"IN_SERVICE",true,true,true,"FIT:1|BATTLE:0|BOOST:0|MUVO:0|EFIT:0",1791602998,1791603023
"2026-10-10 00:30:23","165",4,0,10,1,"IN_SERVICE",true,true,true,"FIT:4|BATTLE:0|BOOST:0|MUVO:0|EFIT:0",1791602893,1791603023
"2026-10-10 00:30:23","166",2,0,9,0,"IN_SERVICE",true,true,true,"FIT:2|BATTLE:0|BOOST:0|MUVO:0|EFIT:0",1791602916,1791603023
"2026-10-10 00:30:23","167",6,0,25,0,"IN_SERVICE",true,true,true,"FIT:6|BATTLE:0|BOOST:0|MUVO:0|EFIT:0",1791602864,1791603023
"2026-10-10 00:30:23","168",3,0,16,0,"IN_SERVICE",true,true,true,"FIT:3|BATTLE:0|BOOST:0|MUVO:0|EFIT:0",1791602883,1791603023
"2026-10-10 00:30:23","169",2,1,12,0,"IN_SERVICE",true,true,true,"FIT:2|BATTLE:0|BOOST:0|MUVO:0|EFIT:0",1791603016,1791603023
"2026-10-10 00:30:23","170",7,0,7,0,"IN_SERVICE",true,true,true,"FIT:7|BATTLE:0|BOOST:0|MUVO:0|EFIT:0",1791602975,1791603023
"2026-10-10 00:30:23","171",3,0,8,0,"IN_SERVICE",true,true,true,"FIT:3|BATTLE:0|BOOST:0|MUVO:0|EFIT:0",1791602946,1791603023
"2026-10-10 00:30:23","172",10,0,1,0,"IN_SERVICE",true,true,true,"FIT:10|BATTLE:0|BOOST:0|MUVO:0|EFIT:0",1791602980,1791603023
"2026-10-10 00:30:23","173",13,0,2,0,"IN_SERVICE",true,true,true,"FIT:13|BATTLE:0|BOOST:0|MUVO:0|EFIT:0",1791602945,1791603023
"2026-10-10 00:30:23","174",13,0,2,0,"IN_SERVICE",true,true,true,"FIT:13|BATTLE:0|BOOST:0|MUVO:0|EFIT:0",1791602848,1791603023
"2026-10-10 00:30:23","175",16,0,6,0,"IN_SERVICE",true,true,true,"FIT:16|BATTLE:0|BOOST:0|MUVO:0|EFIT:0",1791602923,1791603023
"2026-10-10 00:30:23","176",15,0,0,0,"IN_SERVICE",true,true,true,"FIT:15|BATTLE:0|BOOST:0|MUVO:0|EFIT:0",1791602879,1791603023
"2026-10-10 00:30:23","177",11,0,4,0,"IN_SERVICE",true,true,true,"FIT:11|BATTLE:0|BOOST:0|MUVO:0|EFIT:0",1791602988,1791603023
"2026-10-10 00:30:23","178",14,0,4,1,"IN_SERVICE",true,true,true,"FIT:14|BATTLE:0|BOOST:0|MUVO:0|EFIT:0",1791602849,1791603023
"2026-10-10 00:30:23","179",11,0,8,0,"IN_SERVICE",true,true,true,"FIT:11|BATTLE:0|BOOST:0|MUVO:0|EFIT:0",1791602936,1791603023
"2026-10-10 00:30:23","180",15,0,0,0,"IN_SERVICE",true,true,true,"FIT:15|BATTLE:0|BOOST:0|MUVO:0|EFIT:0",1791602938,1791603023
"2026-10-10 00:30:23","181",9,0,6,0,"IN_SERVICE",true,true,true,"FIT:9|BATTLE:0|BOOST:0|MUVO:0|EFIT:0",1791602851,1791603023
"2026-10-10 00:30:23","182",11,0,8,0,"IN_SERVICE",true,true,true,"FIT:11|BATTLE:0|BOOST:0|MUVO:0|EFIT:0",1791602861,1791603023
"2026-10-10 00:30:23","183",1,0,18,0,"IN_SERVICE",true,true,true,"FIT:1|BATTLE:0|BOOST:0|MUVO:0|EFIT:0",1791602854,1791603023
"2026-10-10 00:30:23","184",0,0,19,0,"IN_SERVICE",true,true,true,"FIT:0|BATTLE:0|BOOST:0|MUVO:0|EFIT:0",1791602964,1791603023
"2026-10-10 00:30:23","185",14,2,2,0,"IN_SERVICE",true,true,true,"FIT:12|BATTLE:0|BOOST:0|MUVO:0|EFIT:2",1791602965,1791603023
"2026-10-10 00:30:23","186",3,0,8,0,"IN_SERVICE",true,true,true,"FIT:3|BATTLE:0|BOOST:0|MUVO:0|EFIT:0",1791602916,1791603023
"2026-10-10 00:30:23","187",12,0,5,0,"IN_SERVICE",true,true,true,"FIT:11|BATTLE:0|BOOST:0|MUVO:0|EFIT:1",1791602938,1791603023
"2026-10-10 00:30:23","188",14,0,2,1,"IN_SERVICE",true,true,true,"FIT:14|BATTLE:0|BOOST:0|MUVO:0|EFIT:0",1791602869,1791603023
"2026-10-10 00:30:23","189",4,0,11,0,"IN_SERVICE",true,true,true,"FIT:4|BATTLE:0|BOOST:0|MUVO:0|EFIT:0",1791602952,1791603023
"2026-10-10 00:30:23","190",15,0,14,2,"IN_SERVICE",true,true,true,"FIT:15|BATTLE:0|BOOST:0|MUVO:0|EFIT:0",1791602883,1791603023
"2026-10-10 00:30:23","192",9,0,1,0,"IN_SERVICE",true,true,true,"FIT:9|BATTLE:0|BOOST:0|MUVO:0|EFIT:0",1791602894,1791603023
"2026-10-10 00:30:23","193",2,0,13,0,"IN_SERVICE",true,true,true,"FIT:2|BATTLE:0|BOOST:0|MUVO:0|EFIT:0",1791602899,1791603023
"2026-10-10 00:30:23","194",4,0,13,0,"IN_SERVICE",true,true,true,"FIT:4|BATTLE:0|BOOST:0|MUVO:0|EFIT:0",1791602877,1791603023
"2026-10-10 00:30:23","195",9,0,6,0,"IN_SERVICE",true,true,true,"FIT:9|BATTLE:0|BOOST:0|MUVO:0|EFIT:0",1791603010,1791603023
"2026-10-10 00:30:23","196",5,0,10,0,"IN_SERVICE",true,true,true,"FIT:5|BATTLE:0|BOOST:0|MUVO:0|EFIT:0",1791603007,1791603023
"2026-10-10 00:30:23","197",5,0,9,1,"IN_SERVICE",true,true,true,"FIT:5|BATTLE:0|BOOST:0|MUVO:0|EFIT:0",1791602886,1791603023
"2026-10-10 00:30:23","198",13,0,2,0,"IN_SERVICE",true,true,true,"FIT:13|BATTLE:0|BOOST:0|MUVO:0|EFIT:0",1791602974,1791603023
"2026-10-10 00:30:23","199",18,0,9,0,"IN_SERVICE",true,true,true,"FIT:18|BATTLE:0|BOOST:0|MUVO:0|EFIT:0",1791602934,1791603023
"2026-10-10 00:30:23","200",15,0,0,0,"IN_SERVICE",true,true,true,"FIT:15|BATTLE:0|BOOST:0|MUVO:0|EFIT:0",1791602958,1791603023
"2026-10-10 00:30:23","201",6,0,9,0,"IN_SERVICE",true,true,true,"FIT:6|BATTLE:0|BOOST:0|MUVO:0|EFIT:0",1791603016,1791603023
"2026-10-10 00:30:23","202",5,0,14,0,"IN_SERVICE",true,true,true,"FIT:5|BATTLE:0|BOOST:0|MUVO:0|EFIT:0",1791602992,1791603023
"2026-10-10 00:30:23","203",2,0,16,1,"IN_SERVICE",true,true,true,"FIT:2|BATTLE:0|BOOST:0|MUVO:0|EFIT:0",1791602843,1791603023
"2026-10-10 00:30:23","204",3,0,14,0,"IN_SERVICE",true,true,true,"FIT:3|BATTLE:0|BOOST:0|MUVO:0|EFIT:0",1791603018,1791603023
"2026-10-10 00:30:23","205",0,0,17,0,"IN_SERVICE",true,true,true,"FIT:0|BATTLE:0|BOOST:0|MUVO:0|EFIT:0",1791602915,1791603023
"2026-10-10 00:30:23","206",0,0,15,0,"IN_SERVICE",true,true,true,"FIT:0|BATTLE:0|BOOST:0|MUVO:0|EFIT:0",1791602909,1791603023
"2026-10-10 00:30:23","207",2,1,21,0,"IN_SERVICE",true,true,true,"FIT:2|BATTLE:0|BOOST:0|MUVO:0|EFIT:0",1791602943,1791603023
"2026-10-10 00:30:23","208",4,0,13,0,"IN_SERVICE",true,true,true,"FIT:4|BATTLE:0|BOOST:0|MUVO:0|EFIT:0",1791602896,1791603023
"2026-10-10 00:30:23","209",3,0,16,0,"IN_SERVICE",true,true,true,"FIT:3|BATTLE:0|BOOST:0|MUVO:0|EFIT:0",1791602885,1791603023
"2026-10-10 00:30:23","210",13,0,16,0,"IN_SERVICE",true,true,true,"FIT:11|BATTLE:0|BOOST:0|MUVO:0|EFIT:2",1791603020,1791603023
"2026-10-10 00:30:23","212",0,0,14,1,"IN_SERVICE",true,true,true,"FIT:0|BATTLE:0|BOOST:0|MUVO:0|EFIT:0",1791603010,1791603023
"2026-10-10 00:30:23","213",1,0,18,0,"IN_SERVICE",true,true,true,"FIT:1|BATTLE:0|BOOST:0|MUVO:0|EFIT:0",1791602979,1791603023
"2026-10-10 00:30:23","214",3,0,18,0,"IN_SERVICE",true,true,true,"FIT:3|BATTLE:0|BOOST:0|MUVO:0|EFIT:0",1791602904,1791603023
"2026-10-10 00:30:23","215",0,0,22,1,"IN_SERVICE",true,true,true,"FIT:0|BATTLE:0|BOOST:0|MUVO:0|EFIT:0",1791602949,1791603023
"2026-10-10 00:30:23","217",14,1,0,0,"IN_SERVICE",true,true,true,"FIT:13|BATTLE:0|BOOST:0|MUVO:0|EFIT:1",1791603012,1791603023
"2026-10-10 00:30:23","220",17,0,2,0,"IN_SERVICE",true,true,true,"FIT:16|BATTLE:0|BOOST:0|MUVO:0|EFIT:1",1791602844,1791603023
"2026-10-10 00:30:23","221",14,0,1,0,"IN_SERVICE",true,true,true,"FIT:14|BATTLE:0|BOOST:0|MUVO:0|EFIT:0",1791602983,1791603023
"2026-10-10 00:30:23","222",6,2,9,0,"IN_SERVICE",true,true,true,"FIT:6|BATTLE:0|BOOST:0|MUVO:0|EFIT:0",1791603003,1791603023
"2026-10-10 00:30:23","223",16,0,1,0,"IN_SERVICE",true,true,true,"FIT:15|BATTLE:0|BOOST:0|MUVO:0|EFIT:1",1791602932,1791603023
"2026-10-10 00:30:23","224",0,0,15,0,"IN_SERVICE",true,true,true,"FIT:0|BATTLE:0|BOOST:0|MUVO:0|EFIT:0",1791603000,1791603023
"2026-10-10 00:30:23","225",8,0,3,0,"IN_SERVICE",true,true,true,"FIT:7|BATTLE:0|BOOST:0|MUVO:0|EFIT:1",1791602879,1791603023
"2026-10-10 00:30:23","226",22,0,1,0,"IN_SERVICE",true,true,true,"FIT:20|BATTLE:0|BOOST:0|MUVO:0|EFIT:2",1791602917,1791603023
"2026-10-10 00:30:23","228",11,0,6,2,"IN_SERVICE",true,true,true,"FIT:11|BATTLE:0|BOOST:0|MUVO:0|EFIT:0",1791602958,1791603023
"2026-10-10 00:30:23","229",10,1,6,1,"IN_SERVICE",true,true,true,"FIT:8|BATTLE:0|BOOST:0|MUVO:0|EFIT:2",1791602979,1791603023
"2026-10-10 00:30:23","230",16,0,3,0,"IN_SERVICE",true,true,true,"FIT:11|BATTLE:0|BOOST:0|MUVO:0|EFIT:5",1791603012,1791603023
"2026-10-10 00:30:23","231",14,0,1,0,"IN_SERVICE",true,true,true,"FIT:11|BATTLE:0|BOOST:0|MUVO:0|EFIT:3",1791602868,1791603023
"2026-10-10 00:30:23","232",22,4,3,0,"IN_SERVICE",true,true,true,"FIT:22|BATTLE:0|BOOST:0|MUVO:0|EFIT:0",1791602911,1791603023
"2026-10-10 00:30:23","233",6,1,24,0,"IN_SERVICE",true,true,true,"FIT:6|BATTLE:0|BOOST:0|MUVO:0|EFIT:0",1791602916,1791603023
"2026-10-10 00:30:23","234",7,1,7,0,"IN_SERVICE",true,true,true,"FIT:5|BATTLE:0|BOOST:0|MUVO:0|EFIT:2",1791602967,1791603023
"2026-10-10 00:30:23","235",4,2,8,1,"IN_SERVICE",true,true,true,"FIT:3|BATTLE:0|BOOST:0|MUVO:0|EFIT:1",1791602845,1791603023
"2026-10-10 00:30:23","236",3,3,9,0,"IN_SERVICE",true,true,true,"FIT:3|BATTLE:0|BOOST:0|MUVO:0|EFIT:0",1791602952,1791603023
"2026-10-10 00:30:23","237",1,0,13,0,"IN_SERVICE",true,true,true,"FIT:1|BATTLE:0|BOOST:0|MUVO:0|EFIT:0",1791603005,1791603023
"2026-10-10 00:30:23","238",2,1,11,0,"IN_SERVICE",true,true,true,"FIT:2|BATTLE:0|BOOST:0|MUVO:0|EFIT:0",1791602933,1791603023
"2026-10-10 00:30:23","239",0,0,15,0,"IN_SERVICE",true,true,true,"FIT:0|BATTLE:0|BOOST:0|MUVO:0|EFIT:0",1791602894,1791603023
"2026-10-10 00:30:23","240",0,4,10,0,"IN_SERVICE",true,true,true,"FIT:0|BATTLE:0|BOOST:0|MUVO:0|EFIT:0",1791602996,1791603023
"2026-10-10 00:30:23","241",4,0,11,0,"IN_SERVICE",true,true,true,"FIT:4|BATTLE:0|BOOST:0|MUVO:0|EFIT:0",1791602891,1791603023
"2026-10-10 00:30:23","242",2,2,10,0,"IN_SERVICE",true,true,true,"FIT:2|BATTLE:0|BOOST:0|MUVO:0|EFIT:0",1791602915,1791603023
"2026-10-10 00:30:23","244",9,0,2,0,"IN_SERVICE",true,true,true,"FIT:9|BATTLE:0|BOOST:0|MUVO:0|EFIT:0",1791602838,1791603023
"2026-10-10 00:30:23","246",4,1,10,0,"IN_SERVICE",true,true,true,"FIT:4|BATTLE:0|BOOST:0|MUVO:0|EFIT:0",1791602957,1791603023
"2026-10-10 00:30:23","247",2,0,15,1,"IN_SERVICE",true,true,true,"FIT:2|BATTLE:0|BOOST:0|MUVO:0|EFIT:0",1791602928,1791603023
"2026-10-10 00:30:23","248",2,0,13,0,"IN_SERVICE",true,true,true,"FIT:2|BATTLE:0|BOOST:0|MUVO:0|EFIT:0",1791602933,1791603023
"2026-10-10 00:30:23","250",1,0,10,0,"IN_SERVICE",true,true,true,"FIT:1|BATTLE:0|BOOST:0|MUVO:0|EFIT:0",1791602879,1791603023
"2026-10-10 00:30:23","252",1,0,18,0,"IN_SERVICE",true,true,true,"FIT:1|BATTLE:0|BOOST:0|MUVO:0|EFIT:0",1791602864,1791603023
"2026-10-10 00:30:23","253",6,0,5,0,"IN_SERVICE",true,true,true,"FIT:6|BATTLE:0|BOOST:0|MUVO:0|EFIT:0",1791602952,1791603023
"2026-10-10 00:30:23","254",1,0,10,0,"IN_SERVICE",true,true,true,"FIT:0|BATTLE:0|BOOST:0|MUVO:0|EFIT:1",1791602849,1791603023
"2026-10-10 00:30:23","255",6,1,4,0,"IN_SERVICE",true,true,true,"FIT:6|BATTLE:0|BOOST:0|MUVO:0|EFIT:0",1791602876,1791603023
"2026-10-10 00:30:23","256",13,2,0,0,"IN_SERVICE",true,true,true,"FIT:13|BATTLE:0|BOOST:0|MUVO:0|EFIT:0",1791602856,1791603023
"2026-10-10 00:30:23","257",20,2,2,0,"IN_SERVICE",true,true,true,"FIT:20|BATTLE:0|BOOST:0|MUVO:0|EFIT:0",1791602952,1791603023
"2026-10-10 00:30:23","259",1,3,13,0,"IN_SERVICE",true,true,true,"FIT:1|BATTLE:0|BOOST:0|MUVO:0|EFIT:0",1791602943,1791603023
"2026-10-10 00:30:23","260",4,1,22,0,"IN_SERVICE",true,true,true,"FIT:4|BATTLE:0|BOOST:0|MUVO:0|EFIT:0",1791602915,1791603023
"2026-10-10 00:30:23","261",2,0,13,0,"IN_SERVICE",true,true,true,"FIT:0|BATTLE:0|BOOST:0|MUVO:0|EFIT:2",1791602849,1791603023
"2026-10-10 00:30:23","262",0,2,12,1,"IN_SERVICE",true,true,true,"FIT:0|BATTLE:0|BOOST:0|MUVO:0|EFIT:0",1791602924,1791603023
"2026-10-10 00:30:23","263",0,0,11,0,"IN_SERVICE",true,true,true,"FIT:0|BATTLE:0|BOOST:0|MUVO:0|EFIT:0",1791602868,1791603023
"2026-10-10 00:30:23","271",9,1,1,0,"IN_SERVICE",true,true,true,"FIT:9|BATTLE:0|BOOST:0|MUVO:0|EFIT:0",1791603019,1791603023
"2026-10-10 00:30:23","273",9,0,7,1,"IN_SERVICE",true,true,true,"FIT:9|BATTLE:0|BOOST:0|MUVO:0|EFIT:0",1791602895,1791603023
"2026-10-10 00:30:23","285",9,0,2,0,"IN_SERVICE",true,true,true,"FIT:9|BATTLE:0|BOOST:0|MUVO:0|EFIT:0",1791602984,1791603023
"2026-10-10 00:30:23","287",8,0,3,0,"IN_SERVICE",true,true,true,"FIT:8|BATTLE:0|BOOST:0|MUVO:0|EFIT:0",1791603001,1791603023
"2026-10-10 00:30:23","290",1,0,10,0,"IN_SERVICE",true,true,true,"FIT:1|BATTLE:0|BOOST:0|MUVO:0|EFIT:0",1791602855,1791603023
"2026-10-10 00:30:23","293",8,1,9,1,"IN_SERVICE",true,true,true,"FIT:8|BATTLE:0|BOOST:0|MUVO:0|EFIT:0",1791602929,1791603023
"2026-10-10 00:30:23","295",1,0,18,0,"IN_SERVICE",true,true,true,"FIT:1|BATTLE:0|BOOST:0|MUVO:0|EFIT:0",1791603011,1791603023
"2026-10-10 00:30:23","299",0,0,11,0,"IN_SERVICE",true,true,true,"FIT:0|BATTLE:0|BOOST:0|MUVO:0|EFIT:0",1791602998,1791603023
"2026-10-10 00:30:23","304",2,1,8,0,"IN_SERVICE",true,true,true,"FIT:2|BATTLE:0|BOOST:0|MUVO:0|EFIT:0",1791602996,1791603023
"2026-10-10 00:30:23","305",2,0,21,0,"IN_SERVICE",true,true,true,"FIT:2|BATTLE:0|BOOST:0|MUVO:0|EFIT:0",1791602992,1791603023
"2026-10-10 00:30:23","313",3,0,8,0,"IN_SERVICE",true,true,true,"FIT:3|BATTLE:0|BOOST:0|MUVO:0|EFIT:0",1791602985,1791603023
"2026-10-10 00:30:23","314",9,0,8,0,"IN_SERVICE",true,true,true,"FIT:9|BATTLE:0|BOOST:0|MUVO:0|EFIT:0",1791602890,1791603023
"2026-10-10 00:30:23","329",11,0,6,0,"IN_SERVICE",true,true,true,"FIT:9|BATTLE:0|BOOST:0|MUVO:0|EFIT:2",1791602882,1791603023
"2026-10-10 00:30:23","330",1,1,10,0,"IN_SERVICE",true,true,true,"FIT:1|BATTLE:0|BOOST:0|MUVO:0|EFIT:0",1791602940,1791603023
"2026-10-10 00:30:23","336",13,0,4,0,"IN_SERVICE",true,true,true,"FIT:13|BATTLE:0|BOOST:0|MUVO:0|EFIT:0",1791602967,1791603023
"2026-10-10 00:30:23","337",13,0,6,0,"IN_SERVICE",true,true,true,"FIT:13|BATTLE:0|BOOST:0|MUVO:0|EFIT:0",1791602974,1791603023
"2026-10-10 00:30:23","338",21,0,2,0,"IN_SERVICE",true,true,true,"FIT:21|BATTLE:0|BOOST:0|MUVO:0|EFIT:0",1791602974,1791603023
"2026-10-10 00:30:23","339",13,1,2,1,"IN_SERVICE",true,true,true,"FIT:13|BATTLE:0|BOOST:0|MUVO:0|EFIT:0",1791602958,1791603023
"2026-10-10 00:30:23","340",13,0,2,0,"IN_SERVICE",true,true,true,"FIT:13|BATTLE:0|BOOST:0|MUVO:0|EFIT:0",1791602979,1791603023
"2026-10-10 00:30:23","342",7,0,4,0,"IN_SERVICE",true,true,true,"FIT:6|BATTLE:0|BOOST:0|MUVO:0|EFIT:1",1791602963,1791603023
"2026-10-10 00:30:23","343",15,0,0,0,"IN_SERVICE",true,true,true,"FIT:15|BATTLE:0|BOOST:0|MUVO:0|EFIT:0",1791602886,1791603023
"2026-10-10 00:30:23","344",8,0,7,0,"IN_SERVICE",true,true,true,"FIT:7|BATTLE:0|BOOST:0|MUVO:0|EFIT:1",1791602900,1791603023
"2026-10-10 00:30:23","345",9,1,17,0,"IN_SERVICE",true,true,true,"FIT:9|BATTLE:0|BOOST:0|MUVO:0|EFIT:0",1791602949,1791603023
"2026-10-10 00:30:23","346",25,1,3,2,"IN_SERVICE",true,true,true,"FIT:23|BATTLE:0|BOOST:0|MUVO:0|EFIT:2",1791602990,1791603023
"2026-10-10 00:30:23","347",6,0,21,0,"IN_SERVICE",true,true,true,"FIT:3|BATTLE:0|BOOST:0|MUVO:0|EFIT:3",1791602909,1791603023
"2026-10-10 00:30:23","349",14,0,1,0,"IN_SERVICE",true,true,true,"FIT:2|BATTLE:0|BOOST:0|MUVO:0|EFIT:12",1791603011,1791603023
"2026-10-10 00:30:23","350",22,0,1,0,"IN_SERVICE",true,true,true,"FIT:20|BATTLE:0|BOOST:0|MUVO:0|EFIT:2",1791592614,1791603023
"2026-10-10 00:30:23","351",10,1,8,0,"IN_SERVICE",true,true,true,"FIT:9|BATTLE:0|BOOST:0|MUVO:0|EFIT:1",1791603015,1791603023
"2026-10-10 00:30:23","352",10,0,1,0,"IN_SERVICE",true,true,true,"FIT:10|BATTLE:0|BOOST:0|MUVO:0|EFIT:0",1791602956,1791603023
"2026-10-10 00:30:23","353",11,0,4,0,"IN_SERVICE",true,true,true,"FIT:11|BATTLE:0|BOOST:0|MUVO:0|EFIT:0",1791602935,1791603023
"2026-10-10 00:30:23","354",7,0,3,1,"IN_SERVICE",true,true,true,"FIT:7|BATTLE:0|BOOST:0|MUVO:0|EFIT:0",1791602798,1791603023
"2026-10-10 00:30:23","355",11,0,0,0,"IN_SERVICE",true,true,true,"FIT:11|BATTLE:0|BOOST:0|MUVO:0|EFIT:0",1791602861,1791603023
"2026-10-10 00:30:23","356",11,0,4,0,"IN_SERVICE",true,true,true,"FIT:10|BATTLE:0|BOOST:0|MUVO:0|EFIT:1",1791602950,1791603023
"2026-10-10 00:30:23","357",11,1,5,0,"IN_SERVICE",true,true,true,"FIT:11|BATTLE:0|BOOST:0|MUVO:0|EFIT:0",1791602995,1791603023
"2026-10-10 00:30:23","358",3,0,12,0,"IN_SERVICE",true,true,true,"FIT:3|BATTLE:0|BOOST:0|MUVO:0|EFIT:0",1791602894,1791603023
"2026-10-10 00:30:23","360",8,0,3,0,"IN_SERVICE",true,true,true,"FIT:8|BATTLE:0|BOOST:0|MUVO:0|EFIT:0",1791603022,1791603023
"2026-10-10 00:30:23","361",2,0,17,0,"IN_SERVICE",true,true,true,"FIT:2|BATTLE:0|BOOST:0|MUVO:0|EFIT:0",1791602888,1791603023
"2026-10-10 00:30:23","362",6,0,17,0,"IN_SERVICE",true,true,true,"FIT:4|BATTLE:0|BOOST:0|MUVO:0|EFIT:2",1791602969,1791603023
"2026-10-10 00:30:23","363",9,1,1,0,"IN_SERVICE",true,true,true,"FIT:9|BATTLE:0|BOOST:0|MUVO:0|EFIT:0",1791602868,1791603023
"2026-10-10 00:30:23","364",13,0,10,0,"IN_SERVICE",true,true,true,"FIT:13|BATTLE:0|BOOST:0|MUVO:0|EFIT:0",1791603020,1791603023
"2026-10-10 00:30:23","365",4,0,7,0,"IN_SERVICE",true,true,true,"FIT:4|BATTLE:0|BOOST:0|MUVO:0|EFIT:0",1791602871,1791603023
"2026-10-10 00:30:23","366",16,1,10,0,"IN_SERVICE",true,true,true,"FIT:16|BATTLE:0|BOOST:0|MUVO:0|EFIT:0",1791602952,1791603023
"2026-10-10 00:30:23","367",12,0,19,0,"IN_SERVICE",true,true,true,"FIT:12|BATTLE:0|BOOST:0|MUVO:0|EFIT:0",1791602901,1791603023
"2026-10-10 00:30:23","370",17,0,0,0,"IN_SERVICE",true,true,true,"FIT:13|BATTLE:0|BOOST:0|MUVO:0|EFIT:4",1791602966,1791603023
"2026-10-10 00:30:23","371",15,0,0,0,"IN_SERVICE",true,true,true,"FIT:12|BATTLE:0|BOOST:0|MUVO:0|EFIT:3",1791603009,1791603023
"2026-10-10 00:30:23","372",3,0,12,0,"IN_SERVICE",true,true,true,"FIT:2|BATTLE:0|BOOST:0|MUVO:0|EFIT:1",1791602974,1791603023
"2026-10-10 00:30:23","373",11,0,3,0,"IN_SERVICE",true,true,true,"FIT:10|BATTLE:0|BOOST:0|MUVO:0|EFIT:1",1791602992,1791603023
"2026-10-10 00:30:23","374",9,3,7,0,"IN_SERVICE",true,true,true,"FIT:8|BATTLE:0|BOOST:0|MUVO:0|EFIT:1",1791602924,1791603023
"2026-10-10 00:30:23","375",7,0,7,1,"IN_SERVICE",true,true,true,"FIT:7|BATTLE:0|BOOST:0|MUVO:0|EFIT:0",1791602954,1791603023
"2026-10-10 00:30:23","376",5,0,6,0,"IN_SERVICE",true,true,true,"FIT:5|BATTLE:0|BOOST:0|MUVO:0|EFIT:0",1791602974,1791603023
"2026-10-10 00:30:23","377",16,0,3,0,"IN_SERVICE",true,true,true,"FIT:16|BATTLE:0|BOOST:0|MUVO:0|EFIT:0",1791602959,1791603023
"2026-10-10 00:30:23","378",15,0,0,0,"IN_SERVICE",true,true,true,"FIT:15|BATTLE:0|BOOST:0|MUVO:0|EFIT:0",1791602861,1791603023
"2026-10-10 00:30:23","379",2,0,15,0,"IN_SERVICE",true,true,true,"FIT:2|BATTLE:0|BOOST:0|MUVO:0|EFIT:0",1791603011,1791603023
"2026-10-10 00:30:23","381",15,0,0,0,"IN_SERVICE",true,true,true,"FIT:15|BATTLE:0|BOOST:0|MUVO:0|EFIT:0",1791602904,1791603023
"2026-10-10 00:30:23","382",8,0,11,0,"IN_SERVICE",true,true,true,"FIT:8|BATTLE:0|BOOST:0|MUVO:0|EFIT:0",1791602841,1791603023
"2026-10-10 00:30:23","383",6,0,5,0,"IN_SERVICE",true,true,true,"FIT:5|BATTLE:0|BOOST:0|MUVO:0|EFIT:1",1791602959,1791603023
"2026-10-10 00:30:23","384",14,0,1,0,"IN_SERVICE",true,true,true,"FIT:14|BATTLE:0|BOOST:0|MUVO:0|EFIT:0",1791602864,1791603023
"2026-10-10 00:30:23","389",3,0,8,0,"IN_SERVICE",true,true,true,"FIT:3|BATTLE:0|BOOST:0|MUVO:0|EFIT:0",1791602851,1791603023
"2026-10-10 00:30:23","391",5,0,12,0,"IN_SERVICE",true,true,true,"FIT:5|BATTLE:0|BOOST:0|MUVO:0|EFIT:0",1791602853,1791603023
"2026-10-10 00:30:23","404",16,1,10,0,"IN_SERVICE",true,true,true,"FIT:15|BATTLE:0|BOOST:0|MUVO:0|EFIT:1",1791602956,1791603023
"2026-10-10 00:30:23","416",13,0,2,0,"IN_SERVICE",true,true,true,"FIT:13|BATTLE:0|BOOST:0|MUVO:0|EFIT:0",1791602310,1791603023
"2026-10-10 00:30:23","417",14,0,1,0,"IN_SERVICE",true,true,true,"FIT:14|BATTLE:0|BOOST:0|MUVO:0|EFIT:0",1791602870,1791603023
"2026-10-10 00:30:23","418",16,2,1,0,"IN_SERVICE",true,true,true,"FIT:10|BATTLE:0|BOOST:0|MUVO:0|EFIT:6",1791602986,1791603023
"2026-10-10 00:30:23","419",1,3,12,3,"IN_SERVICE",true,true,true,"FIT:0|BATTLE:0|BOOST:0|MUVO:0|EFIT:1",1791602902,1791603023
"2026-10-10 00:30:23","421",15,0,7,1,"IN_SERVICE",true,true,true,"FIT:6|BATTLE:0|BOOST:0|MUVO:0|EFIT:9",1791602884,1791603023
"2026-10-10 00:30:23","422",5,0,6,0,"IN_SERVICE",true,true,true,"FIT:5|BATTLE:0|BOOST:0|MUVO:0|EFIT:0",1791602877,1791603023
"2026-10-10 00:30:23","424",13,4,2,0,"IN_SERVICE",true,true,true,"FIT:13|BATTLE:0|BOOST:0|MUVO:0|EFIT:0",1791602858,1791603023
"2026-10-10 00:30:23","425",1,2,24,0,"IN_SERVICE",true,true,true,"FIT:1|BATTLE:0|BOOST:0|MUVO:0|EFIT:0",1791602929,1791603023
"2026-10-10 00:30:23","426",5,1,9,0,"IN_SERVICE",true,true,true,"FIT:3|BATTLE:0|BOOST:0|MUVO:0|EFIT:2",1791603004,1791603023
"2026-10-10 00:30:23","427",15,0,0,0,"IN_SERVICE",true,true,true,"FIT:15|BATTLE:0|BOOST:0|MUVO:0|EFIT:0",1791602936,1791603023
"2026-10-10 00:30:23","429",1,0,14,0,"IN_SERVICE",true,true,true,"FIT:1|BATTLE:0|BOOST:0|MUVO:0|EFIT:0",1791602911,1791603023
"2026-10-10 00:30:23","430",15,0,0,0,"IN_SERVICE",true,true,true,"FIT:6|BATTLE:0|BOOST:0|MUVO:0|EFIT:9",1791602898,1791603023
"2026-10-10 00:30:23","431",3,0,8,0,"IN_SERVICE",true,true,true,"FIT:3|BATTLE:0|BOOST:0|MUVO:0|EFIT:0",1791602969,1791603023
"2026-10-10 00:30:23","432",2,1,8,0,"IN_SERVICE",true,true,true,"FIT:1|BATTLE:0|BOOST:0|MUVO:0|EFIT:1",1791602973,1791603023
"2026-10-10 00:30:23","433",1,0,10,0,"IN_SERVICE",true,true,true,"FIT:1|BATTLE:0|BOOST:0|MUVO:0|EFIT:0",1791603004,1791603023
"2026-10-10 00:30:23","434",1,0,21,1,"IN_SERVICE",true,true,true,"FIT:1|BATTLE:0|BOOST:0|MUVO:0|EFIT:0",1791602890,1791603023
"2026-10-10 00:30:23","435",15,0,4,0,"IN_SERVICE",true,true,true,"FIT:13|BATTLE:0|BOOST:0|MUVO:0|EFIT:2",1791602919,1791603023
"2026-10-10 00:30:23","436",11,0,0,0,"IN_SERVICE",true,true,true,"FIT:10|BATTLE:0|BOOST:0|MUVO:0|EFIT:1",1791602852,1791603023
"2026-10-10 00:30:23","437",4,0,7,0,"IN_SERVICE",true,true,true,"FIT:4|BATTLE:0|BOOST:0|MUVO:0|EFIT:0",1791602848,1791603023
"2026-10-10 00:30:23","438",3,0,7,1,"IN_SERVICE",true,true,true,"FIT:3|BATTLE:0|BOOST:0|MUVO:0|EFIT:0",1791602972,1791603023
"2026-10-10 00:30:23","439",7,0,8,0,"IN_SERVICE",true,true,true,"FIT:7|BATTLE:0|BOOST:0|MUVO:0|EFIT:0",1791602930,1791603023
"2026-10-10 00:30:23","440",0,0,11,0,"IN_SERVICE",true,true,true,"FIT:0|BATTLE:0|BOOST:0|MUVO:0|EFIT:0",1791602865,1791603023
"2026-10-10 00:30:23","442",0,0,11,0,"IN_SERVICE",true,true,true,"FIT:0|BATTLE:0|BOOST:0|MUVO:0|EFIT:0",1791602933,1791603023
"2026-10-10 00:30:23","443",9,0,17,1,"IN_SERVICE",true,true,true,"FIT:8|BATTLE:0|BOOST:0|MUVO:0|EFIT:1",1791602846,1791603023
"2026-10-10 00:30:23","446",15,0,2,0,"IN_SERVICE",true,true,true,"FIT:9|BATTLE:0|BOOST:0|MUVO:0|EFIT:6",1791602937,1791603023
"2026-10-10 00:30:23","448",0,1,9,1,"IN_SERVICE",true,true,true,"FIT:0|BATTLE:0|BOOST:0|MUVO:0|EFIT:0",1791602981,1791603023
"2026-10-10 00:30:23","451",2,0,8,1,"IN_SERVICE",true,true,true,"FIT:2|BATTLE:0|BOOST:0|MUVO:0|EFIT:0",1791602990,1791603023
"2026-10-10 00:30:23","452",18,1,0,0,"IN_SERVICE",true,true,true,"FIT:18|BATTLE:0|BOOST:0|MUVO:0|EFIT:0",1791602901,1791603023
"2026-10-10 00:30:23","454",13,1,1,0,"IN_SERVICE",true,true,true,"FIT:13|BATTLE:0|BOOST:0|MUVO:0|EFIT:0",1791602967,1791603023
"2026-10-10 00:30:23","455",3,0,8,0,"IN_SERVICE",true,true,true,"FIT:3|BATTLE:0|BOOST:0|MUVO:0|EFIT:0",1791603019,1791603023
"2026-10-10 00:30:23","459",14,2,1,0,"IN_SERVICE",true,true,true,"FIT:10|BATTLE:0|BOOST:0|MUVO:0|EFIT:4",1791602947,1791603023
"2026-10-10 00:30:23","460",5,0,18,0,"IN_SERVICE",true,true,true,"FIT:3|BATTLE:0|BOOST:0|MUVO:0|EFIT:2",1791602966,1791603023
"2026-10-10 00:30:23","461",10,0,5,0,"IN_SERVICE",true,true,true,"FIT:7|BATTLE:0|BOOST:0|MUVO:0|EFIT:3",1791602959,1791603023
"2026-10-10 00:30:23","462",2,0,13,0,"IN_SERVICE",true,true,true,"FIT:2|BATTLE:0|BOOST:0|MUVO:0|EFIT:0",1791603013,1791603023
"2026-10-10 00:30:23","463",14,1,0,0,"IN_SERVICE",true,true,true,"FIT:11|BATTLE:0|BOOST:0|MUVO:0|EFIT:3",1791602925,1791603023
"2026-10-10 00:30:23","464",5,0,6,0,"IN_SERVICE",true,true,true,"FIT:5|BATTLE:0|BOOST:0|MUVO:0|EFIT:0",1791602870,1791603023
"2026-10-10 00:30:23","466",17,0,2,0,"IN_SERVICE",true,true,true,"FIT:15|BATTLE:0|BOOST:0|MUVO:0|EFIT:2",1791602993,1791603023
"2026-10-10 00:30:23","467",3,0,12,0,"IN_SERVICE",true,true,true,"FIT:3|BATTLE:0|BOOST:0|MUVO:0|EFIT:0",1791602876,1791603023
"2026-10-10 00:30:23","468",16,1,1,0,"IN_SERVICE",true,true,true,"FIT:7|BATTLE:0|BOOST:0|MUVO:0|EFIT:9",1791602915,1791603023
"2026-10-10 00:30:23","469",18,0,1,0,"IN_SERVICE",true,true,true,"FIT:17|BATTLE:0|BOOST:0|MUVO:0|EFIT:1",1791603003,1791603023
"2026-10-10 00:30:23","470",13,1,5,0,"IN_SERVICE",true,true,true,"FIT:13|BATTLE:0|BOOST:0|MUVO:0|EFIT:0",1791602894,1791603023
"2026-10-10 00:30:23","471",6,1,12,0,"IN_SERVICE",true,true,true,"FIT:5|BATTLE:0|BOOST:0|MUVO:0|EFIT:1",1791602948,1791603023
"2026-10-10 00:30:23","473",11,0,0,0,"IN_SERVICE",true,true,true,"FIT:11|BATTLE:0|BOOST:0|MUVO:0|EFIT:0",1791602946,1791603023
"2026-10-10 00:30:23","474",8,0,7,0,"IN_SERVICE",true,true,true,"FIT:7|BATTLE:0|BOOST:0|MUVO:0|EFIT:1",1791602957,1791603023
"2026-10-10 00:30:23","477",1,1,14,0,"IN_SERVICE",true,true,true,"FIT:1|BATTLE:0|BOOST:0|MUVO:0|EFIT:0",1791602936,1791603023
"2026-10-10 00:30:23","479",17,1,1,0,"IN_SERVICE",true,true,true,"FIT:16|BATTLE:0|BOOST:0|MUVO:0|EFIT:1",1791602949,1791603023
"2026-10-10 00:30:23","487",11,0,0,0,"IN_SERVICE",true,true,true,"FIT:11|BATTLE:0|BOOST:0|MUVO:0|EFIT:0",1791602866,1791603023
"2026-10-10 00:30:23","488",1,0,14,0,"IN_SERVICE",true,true,true,"FIT:1|BATTLE:0|BOOST:0|MUVO:0|EFIT:0",1791602970,1791603023
"2026-10-10 00:30:23","489",12,1,9,1,"IN_SERVICE",true,true,true,"FIT:4|BATTLE:0|BOOST:0|MUVO:0|EFIT:8",1791603019,1791603023
"2026-10-10 00:30:23","490",4,6,1,0,"IN_SERVICE",true,true,true,"FIT:2|BATTLE:0|BOOST:0|MUVO:0|EFIT:2",1791602997,1791603023
"2026-10-10 00:30:23","491",5,0,8,4,"IN_SERVICE",true,true,true,"FIT:5|BATTLE:0|BOOST:0|MUVO:0|EFIT:0",1791602896,1791603023
"2026-10-10 00:30:23","492",10,0,5,0,"IN_SERVICE",true,true,true,"FIT:10|BATTLE:0|BOOST:0|MUVO:0|EFIT:0",1791602959,1791603023
"2026-10-10 00:30:23","493",9,0,9,1,"IN_SERVICE",true,true,true,"FIT:9|BATTLE:0|BOOST:0|MUVO:0|EFIT:0",1791603001,1791603023
"2026-10-10 00:30:23","494",8,0,11,0,"IN_SERVICE",true,true,true,"FIT:8|BATTLE:0|BOOST:0|MUVO:0|EFIT:0",1791602977,1791603023
"2026-10-10 00:30:23","495",18,0,1,0,"IN_SERVICE",true,true,true,"FIT:16|BATTLE:0|BOOST:0|MUVO:0|EFIT:2",1791602961,1791603023
"2026-10-10 00:30:23","497",4,0,11,0,"IN_SERVICE",true,true,true,"FIT:1|BATTLE:0|BOOST:0|MUVO:0|EFIT:3",1791602926,1791603023
"2026-10-10 00:30:23","498",2,0,17,0,"IN_SERVICE",true,true,true,"FIT:2|BATTLE:0|BOOST:0|MUVO:0|EFIT:0",1791602978,1791603023
"2026-10-10 00:30:23","499",1,1,9,0,"IN_SERVICE",true,true,true,"FIT:1|BATTLE:0|BOOST:0|MUVO:0|EFIT:0",1791602942,1791603023
"2026-10-10 00:30:23","500",10,1,0,0,"IN_SERVICE",true,true,true,"FIT:8|BATTLE:0|BOOST:0|MUVO:0|EFIT:2",1791603021,1791603023
"2026-10-10 00:30:23","501",22,0,0,0,"IN_SERVICE",true,true,true,"FIT:17|BATTLE:0|BOOST:0|MUVO:0|EFIT:5",1791603016,1791603023
"2026-10-10 00:30:23","503",9,2,16,0,"IN_SERVICE",true,true,true,"FIT:4|BATTLE:0|BOOST:0|MUVO:0|EFIT:5",1791602955,1791603023
"2026-10-10 00:30:23","504",2,1,8,0,"IN_SERVICE",true,true,true,"FIT:0|BATTLE:0|BOOST:0|MUVO:0|EFIT:2",1791602918,1791603023
"2026-10-10 00:30:23","505",2,0,17,0,"IN_SERVICE",true,true,true,"FIT:2|BATTLE:0|BOOST:0|MUVO:0|EFIT:0",1791602906,1791603023
"2026-10-10 00:30:23","506",1,0,26,0,"IN_SERVICE",true,true,true,"FIT:1|BATTLE:0|BOOST:0|MUVO:0|EFIT:0",1791602964,1791603023
"2026-10-10 00:30:23","508",5,2,12,0,"IN_SERVICE",true,true,true,"FIT:5|BATTLE:0|BOOST:0|MUVO:0|EFIT:0",1791602876,1791603023
"2026-10-10 00:30:23","509",13,0,6,0,"IN_SERVICE",true,true,true,"FIT:13|BATTLE:0|BOOST:0|MUVO:0|EFIT:0",1791603000,1791603023
"2026-10-10 00:30:23","518",2,1,8,0,"IN_SERVICE",true,true,true,"FIT:2|BATTLE:0|BOOST:0|MUVO:0|EFIT:0",1791602853,1791603023
"2026-10-10 00:30:23","519",4,0,11,0,"IN_SERVICE",true,true,true,"FIT:0|BATTLE:0|BOOST:0|MUVO:0|EFIT:4",1791603009,1791603023
"2026-10-10 00:30:23","520",4,0,7,0,"IN_SERVICE",true,true,true,"FIT:1|BATTLE:0|BOOST:0|MUVO:0|EFIT:3",1791602977,1791603023
"2026-10-10 00:30:23","521",13,4,0,0,"IN_SERVICE",true,true,true,"FIT:13|BATTLE:0|BOOST:0|MUVO:0|EFIT:0",1791602853,1791603023
"2026-10-10 00:30:23","522",7,0,12,0,"IN_SERVICE",true,true,true,"FIT:7|BATTLE:0|BOOST:0|MUVO:0|EFIT:0",1791584924,1791603023
"2026-10-10 00:30:23","523",17,0,2,0,"IN_SERVICE",true,true,true,"FIT:17|BATTLE:0|BOOST:0|MUVO:0|EFIT:0",1791602926,1791603023
"2026-10-10 00:30:23","524",13,1,2,0,"IN_SERVICE",true,true,true,"FIT:13|BATTLE:0|BOOST:0|MUVO:0|EFIT:0",1791602974,1791603023
"2026-10-10 00:30:23","525",8,0,11,0,"IN_SERVICE",true,true,true,"FIT:8|BATTLE:0|BOOST:0|MUVO:0|EFIT:0",1791602977,1791603023
"2026-10-10 00:30:23","526",4,0,11,0,"IN_SERVICE",true,true,true,"FIT:4|BATTLE:0|BOOST:0|MUVO:0|EFIT:0",1791602945,1791603023
"2026-10-10 00:30:23","528",11,0,3,1,"IN_SERVICE",true,true,true,"FIT:11|BATTLE:0|BOOST:0|MUVO:0|EFIT:0",1791602941,1791603023
"2026-10-10 00:30:23","529",2,0,13,0,"IN_SERVICE",true,true,true,"FIT:2|BATTLE:0|BOOST:0|MUVO:0|EFIT:0",1791602876,1791603023
"2026-10-10 00:30:23","530",2,0,17,0,"IN_SERVICE",true,true,true,"FIT:2|BATTLE:0|BOOST:0|MUVO:0|EFIT:0",1791602930,1791603023
"2026-10-10 00:30:23","531",3,0,14,0,"IN_SERVICE",true,true,true,"FIT:3|BATTLE:0|BOOST:0|MUVO:0|EFIT:0",1791602985,1791603023
"2026-10-10 00:30:23","536",6,0,5,0,"IN_SERVICE",true,true,true,"FIT:4|BATTLE:0|BOOST:0|MUVO:0|EFIT:2",1791603008,1791603023
"2026-10-10 00:30:23","538",9,0,2,0,"IN_SERVICE",true,true,true,"FIT:9|BATTLE:0|BOOST:0|MUVO:0|EFIT:0",1791602867,1791603023
"2026-10-10 00:30:23","539",13,0,2,0,"IN_SERVICE",true,true,true,"FIT:13|BATTLE:0|BOOST:0|MUVO:0|EFIT:0",1791602957,1791603023
"2026-10-10 00:30:23","540",1,0,14,0,"IN_SERVICE",true,true,true,"FIT:1|BATTLE:0|BOOST:0|MUVO:0|EFIT:0",1791602897,1791603023
"2026-10-10 00:30:23","541",0,0,15,0,"IN_SERVICE",true,true,true,"FIT:0|BATTLE:0|BOOST:0|MUVO:0|EFIT:0",1791602917,1791603023
"2026-10-10 00:30:23","542",6,0,9,0,"IN_SERVICE",true,true,true,"FIT:6|BATTLE:0|BOOST:0|MUVO:0|EFIT:0",1791602873,1791603023
"2026-10-10 00:30:23","543",0,0,15,0,"IN_SERVICE",true,true,true,"FIT:0|BATTLE:0|BOOST:0|MUVO:0|EFIT:0",1791602895,1791603023
"2026-10-10 00:30:23","548",15,0,0,0,"IN_SERVICE",true,true,true,"FIT:14|BATTLE:0|BOOST:0|MUVO:0|EFIT:1",1791603012,1791603023
"2026-10-10 00:30:23","549",15,0,0,0,"IN_SERVICE",true,true,true,"FIT:8|BATTLE:0|BOOST:0|MUVO:0|EFIT:7",1791602855,1791603023
"2026-10-10 00:30:23","551",13,0,2,0,"IN_SERVICE",true,true,true,"FIT:11|BATTLE:0|BOOST:0|MUVO:0|EFIT:2",1791602958,1791603023
"2026-10-10 00:30:23","555",13,0,2,0,"IN_SERVICE",true,true,true,"FIT:13|BATTLE:0|BOOST:0|MUVO:0|EFIT:0",1791602958,1791603023
"2026-10-10 00:30:23","559",16,2,9,0,"IN_SERVICE",true,true,true,"FIT:15|BATTLE:0|BOOST:0|MUVO:0|EFIT:1",1791602996,1791603023
"2026-10-10 00:30:23","565",1,0,14,0,"IN_SERVICE",true,true,true,"FIT:1|BATTLE:0|BOOST:0|MUVO:0|EFIT:0",1791602911,1791603023
"2026-10-10 00:30:23","566",16,1,0,0,"IN_SERVICE",true,true,true,"FIT:16|BATTLE:0|BOOST:0|MUVO:0|EFIT:0",1791602925,1791603023
"2026-10-10 00:30:23","567",0,0,17,0,"IN_SERVICE",true,true,true,"FIT:0|BATTLE:0|BOOST:0|MUVO:0|EFIT:0",1791602991,1791603023
"2026-10-10 00:30:23","570",0,0,11,0,"IN_SERVICE",true,true,true,"FIT:0|BATTLE:0|BOOST:0|MUVO:0|EFIT:0",1791602964,1791603023
"2026-10-10 00:30:23","572",9,0,14,0,"IN_SERVICE",true,true,true,"FIT:9|BATTLE:0|BOOST:0|MUVO:0|EFIT:0",1791602876,1791603023
"2026-10-10 00:30:23","576",11,0,12,0,"IN_SERVICE",true,true,true,"FIT:0|BATTLE:0|BOOST:0|MUVO:0|EFIT:11",1791602922,1791603023
"2026-10-10 00:30:23","577",12,1,2,0,"IN_SERVICE",true,true,true,"FIT:8|BATTLE:0|BOOST:0|MUVO:0|EFIT:4",1791602943,1791603023
"2026-10-10 00:30:23","590",1,0,9,0,"IN_SERVICE",true,true,true,"FIT:1|BATTLE:0|BOOST:0|MUVO:0|EFIT:0",1791602892,1791603023
"2026-10-10 00:30:23","593",14,0,1,0,"IN_SERVICE",true,true,true,"FIT:13|BATTLE:0|BOOST:0|MUVO:0|EFIT:1",1791602922,1791603023
"2026-10-10 00:30:23","594",8,0,11,0,"IN_SERVICE",true,true,true,"FIT:8|BATTLE:0|BOOST:0|MUVO:0|EFIT:0",1791602937,1791603023
"2026-10-10 00:30:23","595",0,0,14,1,"IN_SERVICE",true,true,true,"FIT:0|BATTLE:0|BOOST:0|MUVO:0|EFIT:0",1791602991,1791603023
"2026-10-10 00:30:23","597",9,0,8,2,"IN_SERVICE",true,true,true,"FIT:6|BATTLE:0|BOOST:0|MUVO:0|EFIT:3",1791602859,1791603023
"2026-10-10 00:30:23","598",0,0,9,0,"IN_SERVICE",true,true,true,"FIT:0|BATTLE:0|BOOST:0|MUVO:0|EFIT:0",1791602845,1791603023
