"coleta","station_id","num_bikes_available","num_bikes_disabled","num_docks_available","num_docks_disabled","status","is_installed","is_renting","is_returning","tipos_bikes_disponiveis","last_reported","feed_last_updated"
"2026-10-07 00:00:26","1",10,1,6,0,"IN_SERVICE",true,true,true,"FIT:10|BATTLE:0|BOOST:0|MUVO:0|EFIT:0",1791341844,1791341997
"2026-10-07 00:00:26","2",9,1,8,1,"IN_SERVICE",true,true,true,"FIT:9|BATTLE:0|BOOST:0|MUVO:0|EFIT:0",1791341880,1791341997
"2026-10-07 00:00:26","3",1,2,15,0,"IN_SERVICE",true,true,true,"FIT:1|BATTLE:0|BOOST:0|MUVO:0|EFIT:0",1791341895,1791341997
"2026-10-07 00:00:26","4",1,1,15,0,"IN_SERVICE",true,true,true,"FIT:1|BATTLE:0|BOOST:0|MUVO:0|EFIT:0",1791341902,1791341997
"2026-10-07 00:00:26","5",8,0,15,0,"IN_SERVICE",true,true,true,"FIT:7|BATTLE:0|BOOST:0|MUVO:0|EFIT:1",1791341838,1791341997
"2026-10-07 00:00:26","6",12,1,5,1,"IN_SERVICE",true,true,true,"FIT:12|BATTLE:0|BOOST:0|MUVO:0|EFIT:0",1791341919,1791341997
"2026-10-07 00:00:26","7",3,0,16,0,"IN_SERVICE",true,true,true,"FIT:2|BATTLE:0|BOOST:0|MUVO:0|EFIT:1",1791341983,1791341997
"2026-10-07 00:00:26","8",7,0,16,0,"IN_SERVICE",true,true,true,"FIT:6|BATTLE:0|BOOST:0|MUVO:0|EFIT:1",1791341856,1791341997
"2026-10-07 00:00:26","9",19,1,3,0,"IN_SERVICE",true,true,true,"FIT:17|BATTLE:0|BOOST:0|MUVO:0|EFIT:2",1791341819,1791341997
"2026-10-07 00:00:26","10",12,0,7,0,"IN_SERVICE",true,true,true,"FIT:10|BATTLE:0|BOOST:0|MUVO:0|EFIT:2",1791341867,1791341997
"2026-10-07 00:00:26","11",11,0,6,0,"IN_SERVICE",true,true,true,"FIT:10|BATTLE:0|BOOST:0|MUVO:0|EFIT:1",1791341954,1791341997
"2026-10-07 00:00:26","12",15,1,3,0,"IN_SERVICE",true,true,true,"FIT:13|BATTLE:0|BOOST:0|MUVO:0|EFIT:2",1791341989,1791341997
"2026-10-07 00:00:26","14",14,0,9,0,"IN_SERVICE",true,true,true,"FIT:12|BATTLE:0|BOOST:0|MUVO:0|EFIT:2",1791341897,1791341997
"2026-10-07 00:00:26","15",4,0,11,0,"IN_SERVICE",true,true,true,"FIT:3|BATTLE:0|BOOST:0|MUVO:0|EFIT:1",1791341911,1791341997
"2026-10-07 00:00:26","16",19,0,4,0,"IN_SERVICE",true,true,true,"FIT:3|BATTLE:0|BOOST:0|MUVO:0|EFIT:16",1791341968,1791341997
"2026-10-07 00:00:26","17",16,0,3,0,"IN_SERVICE",true,true,true,"FIT:11|BATTLE:0|BOOST:0|MUVO:0|EFIT:5",1791341888,1791341997
"2026-10-07 00:00:26","18",9,0,5,1,"IN_SERVICE",true,true,true,"FIT:6|BATTLE:0|BOOST:0|MUVO:0|EFIT:3",1791341927,1791341997
"2026-10-07 00:00:26","19",2,0,8,1,"IN_SERVICE",true,true,true,"FIT:1|BATTLE:0|BOOST:0|MUVO:0|EFIT:1",1791341915,1791341997
"2026-10-07 00:00:26","20",4,2,16,1,"IN_SERVICE",true,true,true,"FIT:2|BATTLE:0|BOOST:0|MUVO:0|EFIT:2",1791341995,1791341997
"2026-10-07 00:00:26","21",6,1,9,0,"IN_SERVICE",true,true,true,"FIT:3|BATTLE:0|BOOST:0|MUVO:0|EFIT:3",1791341953,1791341997
"2026-10-07 00:00:26","22",7,0,8,0,"IN_SERVICE",true,true,true,"FIT:7|BATTLE:0|BOOST:0|MUVO:0|EFIT:0",1791341924,1791341997
"2026-10-07 00:00:26","23",5,4,11,0,"IN_SERVICE",true,true,true,"FIT:4|BATTLE:0|BOOST:0|MUVO:0|EFIT:1",1791341968,1791341997
"2026-10-07 00:00:26","24",8,0,15,0,"IN_SERVICE",true,true,true,"FIT:8|BATTLE:0|BOOST:0|MUVO:0|EFIT:0",1791341956,1791341997
"2026-10-07 00:00:26","25",6,1,13,0,"IN_SERVICE",true,true,true,"FIT:5|BATTLE:0|BOOST:0|MUVO:0|EFIT:1",1791341968,1791341997
"2026-10-07 00:00:26","26",2,4,17,0,"IN_SERVICE",true,true,true,"FIT:2|BATTLE:0|BOOST:0|MUVO:0|EFIT:0",1791341817,1791341997
"2026-10-07 00:00:26","27",7,0,23,1,"IN_SERVICE",true,true,true,"FIT:5|BATTLE:0|BOOST:0|MUVO:0|EFIT:2",1791341931,1791341997
"2026-10-07 00:00:26","28",22,0,6,1,"IN_SERVICE",true,true,true,"FIT:22|BATTLE:0|BOOST:0|MUVO:0|EFIT:0",1791341862,1791341997
"2026-10-07 00:00:26","30",4,1,11,1,"IN_SERVICE",true,true,true,"FIT:3|BATTLE:0|BOOST:0|MUVO:0|EFIT:1",1791341344,1791341997
"2026-10-07 00:00:26","31",16,2,14,0,"IN_SERVICE",true,true,true,"FIT:16|BATTLE:0|BOOST:0|MUVO:0|EFIT:0",1791341844,1791341997
"2026-10-07 00:00:26","32",22,2,3,0,"IN_SERVICE",true,true,true,"FIT:22|BATTLE:0|BOOST:0|MUVO:0|EFIT:0",1791341901,1791341997
"2026-10-07 00:00:26","33",8,4,2,0,"IN_SERVICE",true,true,true,"FIT:8|BATTLE:0|BOOST:0|MUVO:0|EFIT:0",1791341943,1791341997
"2026-10-07 00:00:26","34",7,1,23,0,"IN_SERVICE",true,true,true,"FIT:4|BATTLE:0|BOOST:0|MUVO:0|EFIT:3",1791341942,1791341997
"2026-10-07 00:00:26","35",8,3,24,0,"IN_SERVICE",true,true,true,"FIT:2|BATTLE:0|BOOST:0|MUVO:0|EFIT:6",1791341843,1791341997
"2026-10-07 00:00:26","36",10,0,5,0,"IN_SERVICE",true,true,true,"FIT:9|BATTLE:0|BOOST:0|MUVO:0|EFIT:1",1791341886,1791341997
"2026-10-07 00:00:26","37",9,0,5,0,"IN_SERVICE",true,true,true,"FIT:9|BATTLE:0|BOOST:0|MUVO:0|EFIT:0",1791341843,1791341997
"2026-10-07 00:00:26","38",1,0,30,0,"IN_SERVICE",true,true,true,"FIT:1|BATTLE:0|BOOST:0|MUVO:0|EFIT:0",1791341836,1791341997
"2026-10-07 00:00:26","39",1,0,10,0,"IN_SERVICE",true,true,true,"FIT:0|BATTLE:0|BOOST:0|MUVO:0|EFIT:1",1791341917,1791341997
"2026-10-07 00:00:26","40",7,1,11,0,"IN_SERVICE",true,true,true,"FIT:2|BATTLE:0|BOOST:0|MUVO:0|EFIT:5",1791341877,1791341997
"2026-10-07 00:00:26","41",8,1,10,0,"IN_SERVICE",true,true,true,"FIT:8|BATTLE:0|BOOST:0|MUVO:0|EFIT:0",1791341916,1791341997
"2026-10-07 00:00:26","42",2,0,17,0,"IN_SERVICE",true,true,true,"FIT:2|BATTLE:0|BOOST:0|MUVO:0|EFIT:0",1791341828,1791341997
"2026-10-07 00:00:26","43",14,0,3,0,"IN_SERVICE",true,true,true,"FIT:14|BATTLE:0|BOOST:0|MUVO:0|EFIT:0",1791341995,1791341997
"2026-10-07 00:00:26","44",17,1,1,0,"IN_SERVICE",true,true,true,"FIT:13|BATTLE:0|BOOST:0|MUVO:0|EFIT:4",1791341825,1791341997
"2026-10-07 00:00:26","45",17,0,2,0,"IN_SERVICE",true,true,true,"FIT:16|BATTLE:0|BOOST:0|MUVO:0|EFIT:1",1791341863,1791341997
"2026-10-07 00:00:26","46",5,1,18,0,"IN_SERVICE",true,true,true,"FIT:4|BATTLE:0|BOOST:0|MUVO:0|EFIT:1",1791341906,1791341997
"2026-10-07 00:00:26","47",3,0,12,0,"IN_SERVICE",true,true,true,"FIT:3|BATTLE:0|BOOST:0|MUVO:0|EFIT:0",1791341944,1791341997
"2026-10-07 00:00:26","48",6,0,13,0,"IN_SERVICE",true,true,true,"FIT:6|BATTLE:0|BOOST:0|MUVO:0|EFIT:0",1791341963,1791341997
"2026-10-07 00:00:26","49",3,1,10,0,"IN_SERVICE",true,true,true,"FIT:3|BATTLE:0|BOOST:0|MUVO:0|EFIT:0",1791341988,1791341997
"2026-10-07 00:00:26","50",6,1,15,1,"IN_SERVICE",true,true,true,"FIT:6|BATTLE:0|BOOST:0|MUVO:0|EFIT:0",1791341906,1791341997
"2026-10-07 00:00:26","51",13,1,2,1,"IN_SERVICE",true,true,true,"FIT:12|BATTLE:0|BOOST:0|MUVO:0|EFIT:1",1791341938,1791341997
"2026-10-07 00:00:26","52",3,0,11,1,"IN_SERVICE",true,true,true,"FIT:2|BATTLE:0|BOOST:0|MUVO:0|EFIT:1",1791341886,1791341997
"2026-10-07 00:00:26","53",4,0,7,0,"IN_SERVICE",true,true,true,"FIT:4|BATTLE:0|BOOST:0|MUVO:0|EFIT:0",1791341860,1791341997
"2026-10-07 00:00:26","54",1,0,18,0,"IN_SERVICE",true,true,true,"FIT:1|BATTLE:0|BOOST:0|MUVO:0|EFIT:0",1791341984,1791341997
"2026-10-07 00:00:26","55",6,0,11,0,"IN_SERVICE",true,true,true,"FIT:6|BATTLE:0|BOOST:0|MUVO:0|EFIT:0",1791341951,1791341997
"2026-10-07 00:00:26","56",21,0,2,0,"IN_SERVICE",true,true,true,"FIT:21|BATTLE:0|BOOST:0|MUVO:0|EFIT:0",1791341866,1791341997
"2026-10-07 00:00:26","57",8,0,7,0,"IN_SERVICE",true,true,true,"FIT:8|BATTLE:0|BOOST:0|MUVO:0|EFIT:0",1791341859,1791341997
"2026-10-07 00:00:26","58",3,0,19,1,"IN_SERVICE",true,true,true,"FIT:3|BATTLE:0|BOOST:0|MUVO:0|EFIT:0",1791341886,1791341997
"2026-10-07 00:00:26","59",1,0,10,0,"IN_SERVICE",true,true,true,"FIT:1|BATTLE:0|BOOST:0|MUVO:0|EFIT:0",1791341945,1791341997
"2026-10-07 00:00:26","60",1,0,13,1,"IN_SERVICE",true,true,true,"FIT:1|BATTLE:0|BOOST:0|MUVO:0|EFIT:0",1791341878,1791341997
"2026-10-07 00:00:26","61",13,0,4,0,"IN_SERVICE",true,true,true,"FIT:13|BATTLE:0|BOOST:0|MUVO:0|EFIT:0",1791341962,1791341997
"2026-10-07 00:00:26","62",11,0,4,0,"IN_SERVICE",true,true,true,"FIT:11|BATTLE:0|BOOST:0|MUVO:0|EFIT:0",1791341831,1791341997
"2026-10-07 00:00:26","63",5,0,8,1,"IN_SERVICE",true,true,true,"FIT:5|BATTLE:0|BOOST:0|MUVO:0|EFIT:0",1791341960,1791341997
"2026-10-07 00:00:26","64",9,0,10,0,"IN_SERVICE",true,true,true,"FIT:8|BATTLE:0|BOOST:0|MUVO:0|EFIT:1",1791341854,1791341997
"2026-10-07 00:00:26","65",1,0,20,2,"IN_SERVICE",true,true,true,"FIT:1|BATTLE:0|BOOST:0|MUVO:0|EFIT:0",1791341825,1791341997
"2026-10-07 00:00:26","66",0,0,11,0,"IN_SERVICE",true,true,true,"FIT:0|BATTLE:0|BOOST:0|MUVO:0|EFIT:0",1791341858,1791341997
"2026-10-07 00:00:26","67",13,1,1,0,"IN_SERVICE",true,true,true,"FIT:13|BATTLE:0|BOOST:0|MUVO:0|EFIT:0",1791341876,1791341997
"2026-10-07 00:00:26","68",16,1,6,0,"IN_SERVICE",true,true,true,"FIT:15|BATTLE:0|BOOST:0|MUVO:0|EFIT:1",1791341830,1791341997
"2026-10-07 00:00:26","69",7,2,14,0,"IN_SERVICE",true,true,true,"FIT:3|BATTLE:0|BOOST:0|MUVO:0|EFIT:4",1791337505,1791341997
"2026-10-07 00:00:26","70",21,2,0,0,"IN_SERVICE",true,true,true,"FIT:19|BATTLE:0|BOOST:0|MUVO:0|EFIT:2",1791341911,1791341997
"2026-10-07 00:00:26","71",16,1,2,0,"IN_SERVICE",true,true,true,"FIT:15|BATTLE:0|BOOST:0|MUVO:0|EFIT:1",1791341898,1791341997
"2026-10-07 00:00:26","73",5,0,18,0,"IN_SERVICE",true,true,true,"FIT:3|BATTLE:0|BOOST:0|MUVO:0|EFIT:2",1791341883,1791341997
"2026-10-07 00:00:26","74",13,4,2,0,"IN_SERVICE",true,true,true,"FIT:12|BATTLE:0|BOOST:0|MUVO:0|EFIT:1",1791341869,1791341997
"2026-10-07 00:00:26","75",3,1,11,0,"IN_SERVICE",true,true,true,"FIT:0|BATTLE:0|BOOST:0|MUVO:0|EFIT:3",1791341987,1791341997
"2026-10-07 00:00:26","76",1,0,18,0,"IN_SERVICE",true,true,true,"FIT:1|BATTLE:0|BOOST:0|MUVO:0|EFIT:0",1791341850,1791341997
"2026-10-07 00:00:26","77",1,0,16,0,"IN_SERVICE",true,true,true,"FIT:1|BATTLE:0|BOOST:0|MUVO:0|EFIT:0",1791341898,1791341997
"2026-10-07 00:00:26","78",9,0,2,0,"IN_SERVICE",true,true,true,"FIT:9|BATTLE:0|BOOST:0|MUVO:0|EFIT:0",1791341964,1791341997
"2026-10-07 00:00:26","79",11,0,0,0,"IN_SERVICE",true,true,true,"FIT:9|BATTLE:0|BOOST:0|MUVO:0|EFIT:2",1791341956,1791341997
"2026-10-07 00:00:26","80",18,0,0,0,"IN_SERVICE",true,true,true,"FIT:17|BATTLE:0|BOOST:0|MUVO:0|EFIT:1",1791341891,1791341997
"2026-10-07 00:00:26","81",6,2,7,1,"IN_SERVICE",true,true,true,"FIT:6|BATTLE:0|BOOST:0|MUVO:0|EFIT:0",1791341896,1791341997
"2026-10-07 00:00:26","82",4,1,23,1,"IN_SERVICE",true,true,true,"FIT:4|BATTLE:0|BOOST:0|MUVO:0|EFIT:0",1791341967,1791341997
"2026-10-07 00:00:26","83",11,0,17,3,"IN_SERVICE",true,true,true,"FIT:1|BATTLE:0|BOOST:0|MUVO:0|EFIT:10",1791341879,1791341997
"2026-10-07 00:00:26","84",5,1,9,0,"IN_SERVICE",true,true,true,"FIT:3|BATTLE:0|BOOST:0|MUVO:0|EFIT:2",1791341938,1791341997
"2026-10-07 00:00:26","85",4,0,19,0,"IN_SERVICE",true,true,true,"FIT:4|BATTLE:0|BOOST:0|MUVO:0|EFIT:0",1791341976,1791341997
"2026-10-07 00:00:26","86",10,0,24,1,"IN_SERVICE",true,true,true,"FIT:0|BATTLE:0|BOOST:0|MUVO:0|EFIT:10",1791341925,1791341997
"2026-10-07 00:00:26","87",1,0,17,1,"IN_SERVICE",true,true,true,"FIT:0|BATTLE:0|BOOST:0|MUVO:0|EFIT:1",1791341885,1791341997
"2026-10-07 00:00:26","88",3,0,16,0,"IN_SERVICE",true,true,true,"FIT:0|BATTLE:0|BOOST:0|MUVO:0|EFIT:3",1791341896,1791341997
"2026-10-07 00:00:26","89",2,1,12,1,"IN_SERVICE",true,true,true,"FIT:2|BATTLE:0|BOOST:0|MUVO:0|EFIT:0",1791341948,1791341997
"2026-10-07 00:00:26","90",9,1,2,0,"IN_SERVICE",true,true,true,"FIT:9|BATTLE:0|BOOST:0|MUVO:0|EFIT:0",1791341967,1791341997
"2026-10-07 00:00:26","91",3,1,8,0,"IN_SERVICE",true,true,true,"FIT:3|BATTLE:0|BOOST:0|MUVO:0|EFIT:0",1791341902,1791341997
"2026-10-07 00:00:26","92",12,0,3,0,"IN_SERVICE",true,true,true,"FIT:10|BATTLE:0|BOOST:0|MUVO:0|EFIT:2",1791341832,1791341997
"2026-10-07 00:00:26","93",10,0,5,0,"IN_SERVICE",true,true,true,"FIT:3|BATTLE:0|BOOST:0|MUVO:0|EFIT:7",1791341884,1791341997
"2026-10-07 00:00:26","94",7,0,8,0,"IN_SERVICE",true,true,true,"FIT:5|BATTLE:0|BOOST:0|MUVO:0|EFIT:2",1791341907,1791341997
"2026-10-07 00:00:26","95",10,0,7,0,"IN_SERVICE",true,true,true,"FIT:8|BATTLE:0|BOOST:0|MUVO:0|EFIT:2",1791341849,1791341997
"2026-10-07 00:00:26","96",11,2,6,0,"IN_SERVICE",true,true,true,"FIT:10|BATTLE:0|BOOST:0|MUVO:0|EFIT:1",1791341868,1791341997
"2026-10-07 00:00:26","97",0,2,13,0,"IN_SERVICE",true,true,true,"FIT:0|BATTLE:0|BOOST:0|MUVO:0|EFIT:0",1791341865,1791341997
"2026-10-07 00:00:26","98",3,1,10,0,"IN_SERVICE",true,true,true,"FIT:2|BATTLE:0|BOOST:0|MUVO:0|EFIT:1",1791341997,1791341997
"2026-10-07 00:00:26","99",5,0,6,0,"IN_SERVICE",true,true,true,"FIT:4|BATTLE:0|BOOST:0|MUVO:0|EFIT:1",1791341968,1791341997
"2026-10-07 00:00:26","100",6,5,3,0,"IN_SERVICE",true,true,true,"FIT:5|BATTLE:0|BOOST:0|MUVO:0|EFIT:1",1791341868,1791341997
"2026-10-07 00:00:26","101",6,2,12,0,"IN_SERVICE",true,true,true,"FIT:3|BATTLE:0|BOOST:0|MUVO:0|EFIT:3",1791341882,1791341997
"2026-10-07 00:00:26","102",13,1,13,0,"IN_SERVICE",true,true,true,"FIT:6|BATTLE:0|BOOST:0|MUVO:0|EFIT:7",1791341921,1791341997
"2026-10-07 00:00:26","103",4,3,8,0,"IN_SERVICE",true,true,true,"FIT:1|BATTLE:0|BOOST:0|MUVO:0|EFIT:3",1791341912,1791341997
"2026-10-07 00:00:26","104",10,0,1,0,"IN_SERVICE",true,true,true,"FIT:9|BATTLE:0|BOOST:0|MUVO:0|EFIT:1",1791341849,1791341997
"2026-10-07 00:00:26","105",9,0,7,0,"IN_SERVICE",true,true,true,"FIT:9|BATTLE:0|BOOST:0|MUVO:0|EFIT:0",1791341872,1791341997
"2026-10-07 00:00:26","107",3,0,16,0,"IN_SERVICE",true,true,true,"FIT:3|BATTLE:0|BOOST:0|MUVO:0|EFIT:0",1791341895,1791341997
"2026-10-07 00:00:26","109",14,3,18,0,"IN_SERVICE",true,true,true,"FIT:13|BATTLE:0|BOOST:0|MUVO:0|EFIT:1",1791341834,1791341997
"2026-10-07 00:00:26","111",15,0,3,0,"IN_SERVICE",true,true,true,"FIT:14|BATTLE:0|BOOST:0|MUVO:0|EFIT:1",1791341840,1791341997
"2026-10-07 00:00:26","112",6,1,12,0,"IN_SERVICE",true,true,true,"FIT:5|BATTLE:0|BOOST:0|MUVO:0|EFIT:1",1791341994,1791341997
"2026-10-07 00:00:26","113",1,0,14,0,"IN_SERVICE",true,true,true,"FIT:0|BATTLE:0|BOOST:0|MUVO:0|EFIT:1",1791341903,1791341997
"2026-10-07 00:00:26","114",11,0,10,0,"IN_SERVICE",true,true,true,"FIT:4|BATTLE:0|BOOST:0|MUVO:0|EFIT:7",1791341899,1791341997
"2026-10-07 00:00:26","116",6,6,6,0,"IN_SERVICE",true,true,true,"FIT:6|BATTLE:0|BOOST:0|MUVO:0|EFIT:0",1791341927,1791341997
"2026-10-07 00:00:26","117",23,0,4,0,"IN_SERVICE",true,true,true,"FIT:21|BATTLE:0|BOOST:0|MUVO:0|EFIT:2",1791341875,1791341997
"2026-10-07 00:00:26","118",11,0,4,0,"IN_SERVICE",true,true,true,"FIT:11|BATTLE:0|BOOST:0|MUVO:0|EFIT:0",1791341935,1791341997
"2026-10-07 00:00:26","119",10,0,1,0,"IN_SERVICE",true,true,true,"FIT:8|BATTLE:0|BOOST:0|MUVO:0|EFIT:2",1791341990,1791341997
"2026-10-07 00:00:26","120",12,1,10,0,"IN_SERVICE",true,true,true,"FIT:11|BATTLE:0|BOOST:0|MUVO:0|EFIT:1",1791341859,1791341997
"2026-10-07 00:00:26","121",12,0,11,0,"IN_SERVICE",true,true,true,"FIT:11|BATTLE:0|BOOST:0|MUVO:0|EFIT:1",1791341874,1791341997
"2026-10-07 00:00:26","122",10,0,13,0,"IN_SERVICE",true,true,true,"FIT:10|BATTLE:0|BOOST:0|MUVO:0|EFIT:0",1791341870,1791341997
"2026-10-07 00:00:26","123",1,1,12,0,"IN_SERVICE",true,true,true,"FIT:1|BATTLE:0|BOOST:0|MUVO:0|EFIT:0",1791341903,1791341997
"2026-10-07 00:00:26","124",2,0,13,0,"IN_SERVICE",true,true,true,"FIT:1|BATTLE:0|BOOST:0|MUVO:0|EFIT:1",1791341878,1791341997
"2026-10-07 00:00:26","125",10,0,9,0,"IN_SERVICE",true,true,true,"FIT:9|BATTLE:0|BOOST:0|MUVO:0|EFIT:1",1791341912,1791341997
"2026-10-07 00:00:26","126",7,2,6,0,"IN_SERVICE",true,true,true,"FIT:6|BATTLE:0|BOOST:0|MUVO:0|EFIT:1",1791341871,1791341997
"2026-10-07 00:00:26","127",11,1,3,0,"IN_SERVICE",true,true,true,"FIT:10|BATTLE:0|BOOST:0|MUVO:0|EFIT:1",1791341981,1791341997
"2026-10-07 00:00:26","128",16,0,3,0,"IN_SERVICE",true,true,true,"FIT:15|BATTLE:0|BOOST:0|MUVO:0|EFIT:1",1791341876,1791341997
"2026-10-07 00:00:26","129",4,2,5,0,"IN_SERVICE",true,true,true,"FIT:3|BATTLE:0|BOOST:0|MUVO:0|EFIT:1",1791341831,1791341997
"2026-10-07 00:00:26","131",15,2,6,0,"IN_SERVICE",true,true,true,"FIT:15|BATTLE:0|BOOST:0|MUVO:0|EFIT:0",1791341879,1791341997
"2026-10-07 00:00:26","132",10,0,9,0,"IN_SERVICE",true,true,true,"FIT:9|BATTLE:0|BOOST:0|MUVO:0|EFIT:1",1791341839,1791341997
"2026-10-07 00:00:26","133",4,0,11,0,"IN_SERVICE",true,true,true,"FIT:4|BATTLE:0|BOOST:0|MUVO:0|EFIT:0",1791341921,1791341997
"2026-10-07 00:00:26","134",0,1,22,0,"IN_SERVICE",true,true,true,"FIT:0|BATTLE:0|BOOST:0|MUVO:0|EFIT:0",1791341945,1791341997
"2026-10-07 00:00:26","136",5,0,9,1,"IN_SERVICE",true,true,true,"FIT:3|BATTLE:0|BOOST:0|MUVO:0|EFIT:2",1791341943,1791341997
"2026-10-07 00:00:26","137",16,1,2,0,"IN_SERVICE",true,true,true,"FIT:14|BATTLE:0|BOOST:0|MUVO:0|EFIT:2",1791341890,1791341997
"2026-10-07 00:00:26","138",10,1,4,0,"IN_SERVICE",true,true,true,"FIT:10|BATTLE:0|BOOST:0|MUVO:0|EFIT:0",1791341958,1791341997
"2026-10-07 00:00:26","139",21,2,0,0,"IN_SERVICE",true,true,true,"FIT:20|BATTLE:0|BOOST:0|MUVO:0|EFIT:1",1791341837,1791341997
"2026-10-07 00:00:26","140",18,0,10,1,"IN_SERVICE",true,true,true,"FIT:13|BATTLE:0|BOOST:0|MUVO:0|EFIT:5",1791341970,1791341997
"2026-10-07 00:00:26","141",7,0,8,0,"IN_SERVICE",true,true,true,"FIT:7|BATTLE:0|BOOST:0|MUVO:0|EFIT:0",1791341873,1791341997
"2026-10-07 00:00:26","142",4,2,13,0,"IN_SERVICE",true,true,true,"FIT:2|BATTLE:0|BOOST:0|MUVO:0|EFIT:2",1791341867,1791341997
"2026-10-07 00:00:26","143",2,0,13,0,"IN_SERVICE",true,true,true,"FIT:2|BATTLE:0|BOOST:0|MUVO:0|EFIT:0",1791341965,1791341997
"2026-10-07 00:00:26","145",7,0,12,0,"IN_SERVICE",true,true,true,"FIT:4|BATTLE:0|BOOST:0|MUVO:0|EFIT:3",1791341972,1791341997
"2026-10-07 00:00:26","146",9,0,6,0,"IN_SERVICE",true,true,true,"FIT:9|BATTLE:0|BOOST:0|MUVO:0|EFIT:0",1791341831,1791341997
"2026-10-07 00:00:26","148",1,0,14,0,"IN_SERVICE",true,true,true,"FIT:1|BATTLE:0|BOOST:0|MUVO:0|EFIT:0",1791341865,1791341997
"2026-10-07 00:00:26","149",3,0,12,0,"IN_SERVICE",true,true,true,"FIT:2|BATTLE:0|BOOST:0|MUVO:0|EFIT:1",1791341826,1791341997
"2026-10-07 00:00:26","150",3,0,12,0,"IN_SERVICE",true,true,true,"FIT:3|BATTLE:0|BOOST:0|MUVO:0|EFIT:0",1791341856,1791341997
"2026-10-07 00:00:26","152",2,2,7,0,"IN_SERVICE",true,true,true,"FIT:2|BATTLE:0|BOOST:0|MUVO:0|EFIT:0",1791341956,1791341997
"2026-10-07 00:00:26","153",7,0,12,0,"IN_SERVICE",true,true,true,"FIT:6|BATTLE:0|BOOST:0|MUVO:0|EFIT:1",1791341982,1791341997
"2026-10-07 00:00:26","154",9,0,8,0,"IN_SERVICE",true,true,true,"FIT:9|BATTLE:0|BOOST:0|MUVO:0|EFIT:0",1791341890,1791341997
"2026-10-07 00:00:26","155",15,0,4,0,"IN_SERVICE",true,true,true,"FIT:15|BATTLE:0|BOOST:0|MUVO:0|EFIT:0",1791341870,1791341997
"2026-10-07 00:00:26","157",9,0,10,0,"IN_SERVICE",true,true,true,"FIT:9|BATTLE:0|BOOST:0|MUVO:0|EFIT:0",1791341889,1791341997
"2026-10-07 00:00:26","158",14,1,4,0,"IN_SERVICE",true,true,true,"FIT:14|BATTLE:0|BOOST:0|MUVO:0|EFIT:0",1791341929,1791341997
"2026-10-07 00:00:26","159",4,1,10,0,"IN_SERVICE",true,true,true,"FIT:4|BATTLE:0|BOOST:0|MUVO:0|EFIT:0",1791341917,1791341997
"2026-10-07 00:00:26","160",1,0,12,0,"IN_SERVICE",true,true,true,"FIT:1|BATTLE:0|BOOST:0|MUVO:0|EFIT:0",1791341975,1791341997
"2026-10-07 00:00:26","161",4,1,6,0,"IN_SERVICE",true,true,true,"FIT:4|BATTLE:0|BOOST:0|MUVO:0|EFIT:0",1791341818,1791341997
"2026-10-07 00:00:26","162",7,0,10,0,"IN_SERVICE",true,true,true,"FIT:7|BATTLE:0|BOOST:0|MUVO:0|EFIT:0",1791341994,1791341997
"2026-10-07 00:00:26","163",11,1,5,0,"IN_SERVICE",true,true,true,"FIT:8|BATTLE:0|BOOST:0|MUVO:0|EFIT:3",1791341865,1791341997
"2026-10-07 00:00:26","164",6,0,11,0,"IN_SERVICE",true,true,true,"FIT:6|BATTLE:0|BOOST:0|MUVO:0|EFIT:0",1791341912,1791341997
"2026-10-07 00:00:26","165",8,0,7,0,"IN_SERVICE",true,true,true,"FIT:8|BATTLE:0|BOOST:0|MUVO:0|EFIT:0",1791341840,1791341997
"2026-10-07 00:00:26","166",11,0,0,0,"IN_SERVICE",true,true,true,"FIT:11|BATTLE:0|BOOST:0|MUVO:0|EFIT:0",1791341869,1791341997
"2026-10-07 00:00:26","167",3,0,28,0,"IN_SERVICE",true,true,true,"FIT:3|BATTLE:0|BOOST:0|MUVO:0|EFIT:0",1791341955,1791341997
"2026-10-07 00:00:26","168",4,0,14,1,"IN_SERVICE",true,true,true,"FIT:4|BATTLE:0|BOOST:0|MUVO:0|EFIT:0",1791341817,1791341997
"2026-10-07 00:00:26","169",9,1,5,0,"IN_SERVICE",true,true,true,"FIT:9|BATTLE:0|BOOST:0|MUVO:0|EFIT:0",1791341961,1791341997
"2026-10-07 00:00:26","170",13,0,1,1,"IN_SERVICE",true,true,true,"FIT:13|BATTLE:0|BOOST:0|MUVO:0|EFIT:0",1791341973,1791341997
"2026-10-07 00:00:26","171",3,0,7,1,"IN_SERVICE",true,true,true,"FIT:3|BATTLE:0|BOOST:0|MUVO:0|EFIT:0",1791341941,1791341997
"2026-10-07 00:00:26","172",9,0,2,0,"IN_SERVICE",true,true,true,"FIT:9|BATTLE:0|BOOST:0|MUVO:0|EFIT:0",1791341838,1791341997
"2026-10-07 00:00:26","173",5,0,10,0,"IN_SERVICE",true,true,true,"FIT:5|BATTLE:0|BOOST:0|MUVO:0|EFIT:0",1791341901,1791341997
"2026-10-07 00:00:26","174",3,0,12,0,"IN_SERVICE",true,true,true,"FIT:3|BATTLE:0|BOOST:0|MUVO:0|EFIT:0",1791321398,1791341997
"2026-10-07 00:00:26","175",21,0,1,0,"IN_SERVICE",true,true,true,"FIT:21|BATTLE:0|BOOST:0|MUVO:0|EFIT:0",1791341917,1791341997
"2026-10-07 00:00:26","176",10,0,5,0,"IN_SERVICE",true,true,true,"FIT:10|BATTLE:0|BOOST:0|MUVO:0|EFIT:0",1791341970,1791341997
"2026-10-07 00:00:26","177",2,0,13,0,"IN_SERVICE",true,true,true,"FIT:2|BATTLE:0|BOOST:0|MUVO:0|EFIT:0",1791341882,1791341997
"2026-10-07 00:00:26","178",14,1,2,2,"IN_SERVICE",true,true,true,"FIT:14|BATTLE:0|BOOST:0|MUVO:0|EFIT:0",1791341818,1791341997
"2026-10-07 00:00:26","179",19,0,0,0,"IN_SERVICE",true,true,true,"FIT:19|BATTLE:0|BOOST:0|MUVO:0|EFIT:0",1791341969,1791341997
"2026-10-07 00:00:26","180",9,1,5,0,"IN_SERVICE",true,true,true,"FIT:9|BATTLE:0|BOOST:0|MUVO:0|EFIT:0",1791341942,1791341997
"2026-10-07 00:00:26","181",13,1,1,0,"IN_SERVICE",true,true,true,"FIT:13|BATTLE:0|BOOST:0|MUVO:0|EFIT:0",1791341852,1791341997
"2026-10-07 00:00:26","182",10,0,9,0,"IN_SERVICE",true,true,true,"FIT:10|BATTLE:0|BOOST:0|MUVO:0|EFIT:0",1791341935,1791341997
"2026-10-07 00:00:26","183",2,0,17,0,"IN_SERVICE",true,true,true,"FIT:2|BATTLE:0|BOOST:0|MUVO:0|EFIT:0",1791341979,1791341997
"2026-10-07 00:00:26","184",8,0,11,0,"IN_SERVICE",true,true,true,"FIT:8|BATTLE:0|BOOST:0|MUVO:0|EFIT:0",1791341954,1791341997
"2026-10-07 00:00:26","185",3,3,13,0,"IN_SERVICE",true,true,true,"FIT:3|BATTLE:0|BOOST:0|MUVO:0|EFIT:0",1791341812,1791341997
"2026-10-07 00:00:26","186",4,0,7,0,"IN_SERVICE",true,true,true,"FIT:4|BATTLE:0|BOOST:0|MUVO:0|EFIT:0",1791341896,1791341997
"2026-10-07 00:00:26","187",6,0,11,0,"IN_SERVICE",true,true,true,"FIT:6|BATTLE:0|BOOST:0|MUVO:0|EFIT:0",1791341992,1791341997
"2026-10-07 00:00:26","188",10,0,6,1,"IN_SERVICE",true,true,true,"FIT:10|BATTLE:0|BOOST:0|MUVO:0|EFIT:0",1791341827,1791341997
"2026-10-07 00:00:26","189",6,0,9,0,"IN_SERVICE",true,true,true,"FIT:6|BATTLE:0|BOOST:0|MUVO:0|EFIT:0",1791341838,1791341997
"2026-10-07 00:00:26","190",5,0,25,1,"IN_SERVICE",true,true,true,"FIT:5|BATTLE:0|BOOST:0|MUVO:0|EFIT:0",1791341976,1791341997
"2026-10-07 00:00:26","192",2,0,8,0,"IN_SERVICE",true,true,true,"FIT:2|BATTLE:0|BOOST:0|MUVO:0|EFIT:0",1791341949,1791341997
"2026-10-07 00:00:26","193",8,0,7,0,"IN_SERVICE",true,true,true,"FIT:8|BATTLE:0|BOOST:0|MUVO:0|EFIT:0",1791341956,1791341997
"2026-10-07 00:00:26","194",3,0,14,0,"IN_SERVICE",true,true,true,"FIT:3|BATTLE:0|BOOST:0|MUVO:0|EFIT:0",1791341989,1791341997
"2026-10-07 00:00:26","195",14,0,1,0,"IN_SERVICE",true,true,true,"FIT:14|BATTLE:0|BOOST:0|MUVO:0|EFIT:0",1791341894,1791341997
"2026-10-07 00:00:26","196",10,0,5,0,"IN_SERVICE",true,true,true,"FIT:10|BATTLE:0|BOOST:0|MUVO:0|EFIT:0",1791341822,1791341997
"2026-10-07 00:00:26","197",3,0,11,1,"IN_SERVICE",true,true,true,"FIT:3|BATTLE:0|BOOST:0|MUVO:0|EFIT:0",1791341823,1791341997
"2026-10-07 00:00:26","198",10,0,5,0,"IN_SERVICE",true,true,true,"FIT:10|BATTLE:0|BOOST:0|MUVO:0|EFIT:0",1791341892,1791341997
"2026-10-07 00:00:26","199",22,1,4,0,"IN_SERVICE",true,true,true,"FIT:22|BATTLE:0|BOOST:0|MUVO:0|EFIT:0",1791341868,1791341997
"2026-10-07 00:00:26","200",8,2,5,0,"IN_SERVICE",true,true,true,"FIT:8|BATTLE:0|BOOST:0|MUVO:0|EFIT:0",1791341950,1791341997
"2026-10-07 00:00:26","201",14,0,1,0,"IN_SERVICE",true,true,true,"FIT:14|BATTLE:0|BOOST:0|MUVO:0|EFIT:0",1791341893,1791341997
"2026-10-07 00:00:26","202",2,0,17,0,"IN_SERVICE",true,true,true,"FIT:2|BATTLE:0|BOOST:0|MUVO:0|EFIT:0",1791341917,1791341997
"2026-10-07 00:00:26","203",0,0,18,1,"IN_SERVICE",true,true,true,"FIT:0|BATTLE:0|BOOST:0|MUVO:0|EFIT:0",1791341928,1791341997
"2026-10-07 00:00:26","204",2,1,15,0,"IN_SERVICE",true,true,true,"FIT:2|BATTLE:0|BOOST:0|MUVO:0|EFIT:0",1791341931,1791341997
"2026-10-07 00:00:26","205",1,0,16,0,"IN_SERVICE",true,true,true,"FIT:1|BATTLE:0|BOOST:0|MUVO:0|EFIT:0",1791341916,1791341997
"2026-10-07 00:00:26","206",7,2,6,0,"IN_SERVICE",true,true,true,"FIT:6|BATTLE:0|BOOST:0|MUVO:0|EFIT:1",1791341962,1791341997
"2026-10-07 00:00:26","207",4,2,18,0,"IN_SERVICE",true,true,true,"FIT:4|BATTLE:0|BOOST:0|MUVO:0|EFIT:0",1791341839,1791341997
"2026-10-07 00:00:26","208",2,0,15,0,"IN_SERVICE",true,true,true,"FIT:1|BATTLE:0|BOOST:0|MUVO:0|EFIT:1",1791341904,1791341997
"2026-10-07 00:00:26","209",3,1,15,0,"IN_SERVICE",true,true,true,"FIT:3|BATTLE:0|BOOST:0|MUVO:0|EFIT:0",1791341952,1791341997
"2026-10-07 00:00:26","210",27,1,1,0,"IN_SERVICE",true,true,true,"FIT:26|BATTLE:0|BOOST:0|MUVO:0|EFIT:1",1791341919,1791341997
"2026-10-07 00:00:26","212",2,0,12,1,"IN_SERVICE",true,true,true,"FIT:2|BATTLE:0|BOOST:0|MUVO:0|EFIT:0",1791341920,1791341997
"2026-10-07 00:00:26","213",5,0,14,0,"IN_SERVICE",true,true,true,"FIT:5|BATTLE:0|BOOST:0|MUVO:0|EFIT:0",1791341904,1791341997
"2026-10-07 00:00:26","214",7,1,14,0,"IN_SERVICE",true,true,true,"FIT:7|BATTLE:0|BOOST:0|MUVO:0|EFIT:0",1791341849,1791341997
"2026-10-07 00:00:26","215",3,0,19,1,"IN_SERVICE",true,true,true,"FIT:3|BATTLE:0|BOOST:0|MUVO:0|EFIT:0",1791341903,1791341997
"2026-10-07 00:00:26","217",14,0,1,0,"IN_SERVICE",true,true,true,"FIT:14|BATTLE:0|BOOST:0|MUVO:0|EFIT:0",1791341984,1791341997
"2026-10-07 00:00:26","220",10,2,7,0,"IN_SERVICE",true,true,true,"FIT:9|BATTLE:0|BOOST:0|MUVO:0|EFIT:1",1791341881,1791341997
"2026-10-07 00:00:26","221",12,0,1,0,"IN_SERVICE",true,true,true,"FIT:12|BATTLE:0|BOOST:0|MUVO:0|EFIT:0",1791341878,1791341997
"2026-10-07 00:00:26","222",5,1,9,0,"IN_SERVICE",true,true,true,"FIT:5|BATTLE:0|BOOST:0|MUVO:0|EFIT:0",1791341973,1791341997
"2026-10-07 00:00:26","223",15,1,1,0,"IN_SERVICE",true,true,true,"FIT:15|BATTLE:0|BOOST:0|MUVO:0|EFIT:0",1791341817,1791341997
"2026-10-07 00:00:26","224",1,1,13,0,"IN_SERVICE",true,true,true,"FIT:1|BATTLE:0|BOOST:0|MUVO:0|EFIT:0",1791341988,1791341997
"2026-10-07 00:00:26","225",8,1,2,0,"IN_SERVICE",true,true,true,"FIT:6|BATTLE:0|BOOST:0|MUVO:0|EFIT:2",1791341820,1791341997
"2026-10-07 00:00:26","226",22,0,1,0,"IN_SERVICE",true,true,true,"FIT:21|BATTLE:0|BOOST:0|MUVO:0|EFIT:1",1791341937,1791341997
"2026-10-07 00:00:26","228",9,0,8,2,"IN_SERVICE",true,true,true,"FIT:9|BATTLE:0|BOOST:0|MUVO:0|EFIT:0",1791341905,1791341997
"2026-10-07 00:00:26","229",5,0,11,1,"IN_SERVICE",true,true,true,"FIT:5|BATTLE:0|BOOST:0|MUVO:0|EFIT:0",1791341827,1791341997
"2026-10-07 00:00:26","230",14,1,4,0,"IN_SERVICE",true,true,true,"FIT:13|BATTLE:0|BOOST:0|MUVO:0|EFIT:1",1791341859,1791341997
"2026-10-07 00:00:26","231",10,3,0,2,"IN_SERVICE",true,true,true,"FIT:10|BATTLE:0|BOOST:0|MUVO:0|EFIT:0",1791341870,1791341997
"2026-10-07 00:00:26","232",18,1,10,0,"IN_SERVICE",true,true,true,"FIT:18|BATTLE:0|BOOST:0|MUVO:0|EFIT:0",1791341863,1791341997
"2026-10-07 00:00:26","233",14,1,16,0,"IN_SERVICE",true,true,true,"FIT:14|BATTLE:0|BOOST:0|MUVO:0|EFIT:0",1791341900,1791341997
"2026-10-07 00:00:26","234",10,0,5,0,"IN_SERVICE",true,true,true,"FIT:8|BATTLE:0|BOOST:0|MUVO:0|EFIT:2",1791341837,1791341997
"2026-10-07 00:00:26","235",1,0,13,1,"IN_SERVICE",true,true,true,"FIT:1|BATTLE:0|BOOST:0|MUVO:0|EFIT:0",1791341973,1791341997
"2026-10-07 00:00:26","236",3,0,12,0,"IN_SERVICE",true,true,true,"FIT:3|BATTLE:0|BOOST:0|MUVO:0|EFIT:0",1791341904,1791341997
"2026-10-07 00:00:26","237",4,0,10,0,"IN_SERVICE",true,true,true,"FIT:4|BATTLE:0|BOOST:0|MUVO:0|EFIT:0",1791341852,1791341997
"2026-10-07 00:00:26","238",2,0,12,0,"IN_SERVICE",true,true,true,"FIT:2|BATTLE:0|BOOST:0|MUVO:0|EFIT:0",1791341968,1791341997
"2026-10-07 00:00:26","239",3,0,12,0,"IN_SERVICE",true,true,true,"FIT:3|BATTLE:0|BOOST:0|MUVO:0|EFIT:0",1791341878,1791341997
"2026-10-07 00:00:26","240",3,0,11,0,"IN_SERVICE",true,true,true,"FIT:3|BATTLE:0|BOOST:0|MUVO:0|EFIT:0",1791341844,1791341997
"2026-10-07 00:00:26","241",2,0,13,0,"IN_SERVICE",true,true,true,"FIT:2|BATTLE:0|BOOST:0|MUVO:0|EFIT:0",1791341951,1791341997
"2026-10-07 00:00:26","242",8,1,5,0,"IN_SERVICE",true,true,true,"FIT:8|BATTLE:0|BOOST:0|MUVO:0|EFIT:0",1791341844,1791341997
"2026-10-07 00:00:26","244",2,0,9,0,"IN_SERVICE",true,true,true,"FIT:2|BATTLE:0|BOOST:0|MUVO:0|EFIT:0",1791341973,1791341997
"2026-10-07 00:00:26","246",4,0,11,0,"IN_SERVICE",true,true,true,"FIT:4|BATTLE:0|BOOST:0|MUVO:0|EFIT:0",1791341824,1791341997
"2026-10-07 00:00:26","247",2,0,16,0,"IN_SERVICE",true,true,true,"FIT:2|BATTLE:0|BOOST:0|MUVO:0|EFIT:0",1791338703,1791341997
"2026-10-07 00:00:26","248",5,0,10,0,"IN_SERVICE",true,true,true,"FIT:5|BATTLE:0|BOOST:0|MUVO:0|EFIT:0",1791341996,1791341997
"2026-10-07 00:00:26","250",2,0,9,0,"IN_SERVICE",true,true,true,"FIT:2|BATTLE:0|BOOST:0|MUVO:0|EFIT:0",1791341997,1791341997
"2026-10-07 00:00:26","252",2,0,17,0,"IN_SERVICE",true,true,true,"FIT:2|BATTLE:0|BOOST:0|MUVO:0|EFIT:0",1791341977,1791341997
"2026-10-07 00:00:26","253",4,0,7,0,"IN_SERVICE",true,true,true,"FIT:4|BATTLE:0|BOOST:0|MUVO:0|EFIT:0",1791341875,1791341997
"2026-10-07 00:00:26","254",0,0,11,0,"IN_SERVICE",true,true,true,"FIT:0|BATTLE:0|BOOST:0|MUVO:0|EFIT:0",1791341940,1791341997
"2026-10-07 00:00:26","255",2,0,9,0,"IN_SERVICE",true,true,true,"FIT:2|BATTLE:0|BOOST:0|MUVO:0|EFIT:0",1791341925,1791341997
"2026-10-07 00:00:26","256",7,1,7,0,"IN_SERVICE",true,true,true,"FIT:7|BATTLE:0|BOOST:0|MUVO:0|EFIT:0",1791341897,1791341997
"2026-10-07 00:00:26","257",1,1,22,0,"IN_SERVICE",true,true,true,"FIT:1|BATTLE:0|BOOST:0|MUVO:0|EFIT:0",1791341859,1791341997
"2026-10-07 00:00:26","259",9,0,8,0,"IN_SERVICE",true,true,true,"FIT:9|BATTLE:0|BOOST:0|MUVO:0|EFIT:0",1791341933,1791341997
"2026-10-07 00:00:26","260",2,0,25,0,"IN_SERVICE",true,true,true,"FIT:2|BATTLE:0|BOOST:0|MUVO:0|EFIT:0",1791341988,1791341997
"2026-10-07 00:00:26","261",3,0,12,0,"IN_SERVICE",true,true,true,"FIT:3|BATTLE:0|BOOST:0|MUVO:0|EFIT:0",1791341862,1791341997
"2026-10-07 00:00:26","262",5,0,9,1,"IN_SERVICE",true,true,true,"FIT:5|BATTLE:0|BOOST:0|MUVO:0|EFIT:0",1791341954,1791341997
"2026-10-07 00:00:26","263",9,0,2,0,"IN_SERVICE",true,true,true,"FIT:9|BATTLE:0|BOOST:0|MUVO:0|EFIT:0",1791341844,1791341997
"2026-10-07 00:00:26","271",7,0,4,0,"IN_SERVICE",true,true,true,"FIT:7|BATTLE:0|BOOST:0|MUVO:0|EFIT:0",1791341818,1791341997
"2026-10-07 00:00:26","273",1,0,15,1,"IN_SERVICE",true,true,true,"FIT:1|BATTLE:0|BOOST:0|MUVO:0|EFIT:0",1791341872,1791341997
"2026-10-07 00:00:26","285",2,0,7,2,"IN_SERVICE",true,true,true,"FIT:1|BATTLE:0|BOOST:0|MUVO:0|EFIT:1",1791341871,1791341997
"2026-10-07 00:00:26","287",2,0,8,1,"IN_SERVICE",true,true,true,"FIT:2|BATTLE:0|BOOST:0|MUVO:0|EFIT:0",1791341982,1791341997
"2026-10-07 00:00:26","290",2,0,9,0,"IN_SERVICE",true,true,true,"FIT:2|BATTLE:0|BOOST:0|MUVO:0|EFIT:0",1791341995,1791341997
"2026-10-07 00:00:26","293",7,0,12,0,"IN_SERVICE",true,true,true,"FIT:7|BATTLE:0|BOOST:0|MUVO:0|EFIT:0",1791341939,1791341997
"2026-10-07 00:00:26","295",5,0,14,0,"IN_SERVICE",true,true,true,"FIT:5|BATTLE:0|BOOST:0|MUVO:0|EFIT:0",1791341945,1791341997
"2026-10-07 00:00:26","299",7,1,3,0,"IN_SERVICE",true,true,true,"FIT:7|BATTLE:0|BOOST:0|MUVO:0|EFIT:0",1791341889,1791341997
"2026-10-07 00:00:26","304",4,0,7,0,"IN_SERVICE",true,true,true,"FIT:4|BATTLE:0|BOOST:0|MUVO:0|EFIT:0",1791341920,1791341997
"2026-10-07 00:00:26","313",4,0,7,0,"IN_SERVICE",true,true,true,"FIT:4|BATTLE:0|BOOST:0|MUVO:0|EFIT:0",1791341920,1791341997
"2026-10-07 00:00:26","314",13,0,3,1,"IN_SERVICE",true,true,true,"FIT:13|BATTLE:0|BOOST:0|MUVO:0|EFIT:0",1791341929,1791341997
"2026-10-07 00:00:26","329",7,0,10,0,"IN_SERVICE",true,true,true,"FIT:1|BATTLE:0|BOOST:0|MUVO:0|EFIT:6",1791341932,1791341997
"2026-10-07 00:00:26","330",2,1,9,0,"IN_SERVICE",true,true,true,"FIT:2|BATTLE:0|BOOST:0|MUVO:0|EFIT:0",1791341976,1791341997
"2026-10-07 00:00:26","336",9,0,8,0,"IN_SERVICE",true,true,true,"FIT:9|BATTLE:0|BOOST:0|MUVO:0|EFIT:0",1791341915,1791341997
"2026-10-07 00:00:26","337",16,0,3,0,"IN_SERVICE",true,true,true,"FIT:16|BATTLE:0|BOOST:0|MUVO:0|EFIT:0",1791341995,1791341997
"2026-10-07 00:00:26","338",16,1,6,0,"IN_SERVICE",true,true,true,"FIT:16|BATTLE:0|BOOST:0|MUVO:0|EFIT:0",1791341918,1791341997
"2026-10-07 00:00:26","339",12,0,5,0,"IN_SERVICE",true,true,true,"FIT:12|BATTLE:0|BOOST:0|MUVO:0|EFIT:0",1791341874,1791341997
"2026-10-07 00:00:26","340",15,0,0,0,"IN_SERVICE",true,true,true,"FIT:15|BATTLE:0|BOOST:0|MUVO:0|EFIT:0",1791341935,1791341997
"2026-10-07 00:00:26","342",5,0,6,0,"IN_SERVICE",true,true,true,"FIT:5|BATTLE:0|BOOST:0|MUVO:0|EFIT:0",1791341923,1791341997
"2026-10-07 00:00:26","343",8,0,7,0,"IN_SERVICE",true,true,true,"FIT:8|BATTLE:0|BOOST:0|MUVO:0|EFIT:0",1791341821,1791341997
"2026-10-07 00:00:26","344",7,0,8,0,"IN_SERVICE",true,true,true,"FIT:3|BATTLE:0|BOOST:0|MUVO:0|EFIT:4",1791341933,1791341997
"2026-10-07 00:00:26","345",8,0,19,0,"IN_SERVICE",true,true,true,"FIT:8|BATTLE:0|BOOST:0|MUVO:0|EFIT:0",1791341945,1791341997
"2026-10-07 00:00:26","346",23,0,6,2,"IN_SERVICE",true,true,true,"FIT:23|BATTLE:0|BOOST:0|MUVO:0|EFIT:0",1791341832,1791341997
"2026-10-07 00:00:26","347",17,0,10,0,"IN_SERVICE",true,true,true,"FIT:16|BATTLE:0|BOOST:0|MUVO:0|EFIT:1",1791341986,1791341997
"2026-10-07 00:00:26","349",14,0,1,0,"IN_SERVICE",true,true,true,"FIT:10|BATTLE:0|BOOST:0|MUVO:0|EFIT:4",1791341969,1791341997
"2026-10-07 00:00:26","350",21,0,2,0,"IN_SERVICE",true,true,true,"FIT:21|BATTLE:0|BOOST:0|MUVO:0|EFIT:0",1791341824,1791341997
"2026-10-07 00:00:26","351",12,0,7,0,"IN_SERVICE",true,true,true,"FIT:12|BATTLE:0|BOOST:0|MUVO:0|EFIT:0",1791341937,1791341997
"2026-10-07 00:00:26","352",9,2,0,0,"IN_SERVICE",true,true,true,"FIT:9|BATTLE:0|BOOST:0|MUVO:0|EFIT:0",1791341994,1791341997
"2026-10-07 00:00:26","353",7,0,8,0,"IN_SERVICE",true,true,true,"FIT:7|BATTLE:0|BOOST:0|MUVO:0|EFIT:0",1791341979,1791341997
"2026-10-07 00:00:26","354",10,0,0,1,"IN_SERVICE",true,true,true,"FIT:10|BATTLE:0|BOOST:0|MUVO:0|EFIT:0",1791341875,1791341997
"2026-10-07 00:00:26","355",1,0,10,0,"IN_SERVICE",true,true,true,"FIT:1|BATTLE:0|BOOST:0|MUVO:0|EFIT:0",1791341866,1791341997
"2026-10-07 00:00:26","356",14,0,1,0,"IN_SERVICE",true,true,true,"FIT:14|BATTLE:0|BOOST:0|MUVO:0|EFIT:0",1791341829,1791341997
"2026-10-07 00:00:26","357",6,1,10,0,"IN_SERVICE",true,true,true,"FIT:6|BATTLE:0|BOOST:0|MUVO:0|EFIT:0",1791341882,1791341997
"2026-10-07 00:00:26","358",1,0,14,0,"IN_SERVICE",true,true,true,"FIT:1|BATTLE:0|BOOST:0|MUVO:0|EFIT:0",1791341833,1791341997
"2026-10-07 00:00:26","360",9,0,2,0,"IN_SERVICE",true,true,true,"FIT:9|BATTLE:0|BOOST:0|MUVO:0|EFIT:0",1791341964,1791341997
"2026-10-07 00:00:26","361",4,2,9,2,"IN_SERVICE",true,true,true,"FIT:4|BATTLE:0|BOOST:0|MUVO:0|EFIT:0",1791341831,1791341997
"2026-10-07 00:00:26","362",15,0,8,0,"IN_SERVICE",true,true,true,"FIT:11|BATTLE:0|BOOST:0|MUVO:0|EFIT:4",1791341919,1791341997
"2026-10-07 00:00:26","363",7,0,4,0,"IN_SERVICE",true,true,true,"FIT:7|BATTLE:0|BOOST:0|MUVO:0|EFIT:0",1791341932,1791341997
"2026-10-07 00:00:26","364",16,0,7,0,"IN_SERVICE",true,true,true,"FIT:16|BATTLE:0|BOOST:0|MUVO:0|EFIT:0",1791341884,1791341997
"2026-10-07 00:00:26","365",2,0,9,0,"IN_SERVICE",true,true,true,"FIT:2|BATTLE:0|BOOST:0|MUVO:0|EFIT:0",1791341849,1791341997
"2026-10-07 00:00:26","366",8,0,19,0,"IN_SERVICE",true,true,true,"FIT:8|BATTLE:0|BOOST:0|MUVO:0|EFIT:0",1791341932,1791341997
"2026-10-07 00:00:26","367",18,0,13,0,"IN_SERVICE",true,true,true,"FIT:18|BATTLE:0|BOOST:0|MUVO:0|EFIT:0",1791341951,1791341997
"2026-10-07 00:00:26","370",3,1,13,0,"IN_SERVICE",true,true,true,"FIT:3|BATTLE:0|BOOST:0|MUVO:0|EFIT:0",1791341881,1791341997
"2026-10-07 00:00:26","371",14,1,0,0,"IN_SERVICE",true,true,true,"FIT:14|BATTLE:0|BOOST:0|MUVO:0|EFIT:0",1791341834,1791341997
"2026-10-07 00:00:26","372",6,1,8,0,"IN_SERVICE",true,true,true,"FIT:3|BATTLE:0|BOOST:0|MUVO:0|EFIT:3",1791341915,1791341997
"2026-10-07 00:00:26","373",12,1,1,0,"IN_SERVICE",true,true,true,"FIT:7|BATTLE:0|BOOST:0|MUVO:0|EFIT:5",1791341854,1791341997
"2026-10-07 00:00:26","374",12,0,7,0,"IN_SERVICE",true,true,true,"FIT:11|BATTLE:0|BOOST:0|MUVO:0|EFIT:1",1791341936,1791341997
"2026-10-07 00:00:26","375",9,0,5,1,"IN_SERVICE",true,true,true,"FIT:9|BATTLE:0|BOOST:0|MUVO:0|EFIT:0",1791341824,1791341997
"2026-10-07 00:00:26","376",6,0,5,0,"IN_SERVICE",true,true,true,"FIT:6|BATTLE:0|BOOST:0|MUVO:0|EFIT:0",1791341824,1791341997
"2026-10-07 00:00:26","377",18,0,1,0,"IN_SERVICE",true,true,true,"FIT:18|BATTLE:0|BOOST:0|MUVO:0|EFIT:0",1791341879,1791341997
"2026-10-07 00:00:26","378",11,1,3,0,"IN_SERVICE",true,true,true,"FIT:11|BATTLE:0|BOOST:0|MUVO:0|EFIT:0",1791341951,1791341997
"2026-10-07 00:00:26","379",12,0,5,0,"IN_SERVICE",true,true,true,"FIT:9|BATTLE:0|BOOST:0|MUVO:0|EFIT:3",1791341839,1791341997
"2026-10-07 00:00:26","381",9,0,6,0,"IN_SERVICE",true,true,true,"FIT:9|BATTLE:0|BOOST:0|MUVO:0|EFIT:0",1791341971,1791341997
"2026-10-07 00:00:26","382",3,0,16,0,"IN_SERVICE",true,true,true,"FIT:3|BATTLE:0|BOOST:0|MUVO:0|EFIT:0",1791341900,1791341997
"2026-10-07 00:00:26","383",4,0,7,0,"IN_SERVICE",true,true,true,"FIT:4|BATTLE:0|BOOST:0|MUVO:0|EFIT:0",1791341830,1791341997
"2026-10-07 00:00:26","384",2,0,13,0,"IN_SERVICE",true,true,true,"FIT:2|BATTLE:0|BOOST:0|MUVO:0|EFIT:0",1791341940,1791341997
"2026-10-07 00:00:26","389",3,0,8,0,"IN_SERVICE",true,true,true,"FIT:2|BATTLE:0|BOOST:0|MUVO:0|EFIT:1",1791341902,1791341997
"2026-10-07 00:00:26","391",11,0,6,0,"IN_SERVICE",true,true,true,"FIT:11|BATTLE:0|BOOST:0|MUVO:0|EFIT:0",1791341985,1791341997
"2026-10-07 00:00:26","404",25,0,2,0,"IN_SERVICE",true,true,true,"FIT:24|BATTLE:0|BOOST:0|MUVO:0|EFIT:1",1791341949,1791341997
"2026-10-07 00:00:26","416",11,0,4,0,"IN_SERVICE",true,true,true,"FIT:11|BATTLE:0|BOOST:0|MUVO:0|EFIT:0",1791341938,1791341997
"2026-10-07 00:00:26","417",10,2,2,1,"IN_SERVICE",true,true,true,"FIT:10|BATTLE:0|BOOST:0|MUVO:0|EFIT:0",1791341896,1791341997
"2026-10-07 00:00:26","418",2,2,15,0,"IN_SERVICE",true,true,true,"FIT:0|BATTLE:0|BOOST:0|MUVO:0|EFIT:2",1791341952,1791341997
"2026-10-07 00:00:26","419",5,2,9,3,"IN_SERVICE",true,true,true,"FIT:2|BATTLE:0|BOOST:0|MUVO:0|EFIT:3",1791341886,1791341997
"2026-10-07 00:00:26","421",19,0,3,1,"IN_SERVICE",true,true,true,"FIT:9|BATTLE:0|BOOST:0|MUVO:0|EFIT:10",1791341958,1791341997
"2026-10-07 00:00:26","422",10,0,1,0,"IN_SERVICE",true,true,true,"FIT:10|BATTLE:0|BOOST:0|MUVO:0|EFIT:0",1791341902,1791341997
"2026-10-07 00:00:26","424",14,0,5,0,"IN_SERVICE",true,true,true,"FIT:14|BATTLE:0|BOOST:0|MUVO:0|EFIT:0",1791341964,1791341997
"2026-10-07 00:00:26","425",4,0,23,0,"IN_SERVICE",true,true,true,"FIT:3|BATTLE:0|BOOST:0|MUVO:0|EFIT:1",1791341877,1791341997
"2026-10-07 00:00:26","426",9,0,6,0,"IN_SERVICE",true,true,true,"FIT:6|BATTLE:0|BOOST:0|MUVO:0|EFIT:3",1791341919,1791341997
"2026-10-07 00:00:26","427",4,1,10,0,"IN_SERVICE",true,true,true,"FIT:4|BATTLE:0|BOOST:0|MUVO:0|EFIT:0",1791341940,1791341997
"2026-10-07 00:00:26","429",2,2,11,0,"IN_SERVICE",true,true,true,"FIT:2|BATTLE:0|BOOST:0|MUVO:0|EFIT:0",1791341901,1791341997
"2026-10-07 00:00:26","430",11,0,4,0,"IN_SERVICE",true,true,true,"FIT:3|BATTLE:0|BOOST:0|MUVO:0|EFIT:8",1791341846,1791341997
"2026-10-07 00:00:26","431",9,0,2,0,"IN_SERVICE",true,true,true,"FIT:6|BATTLE:0|BOOST:0|MUVO:0|EFIT:3",1791341820,1791341997
"2026-10-07 00:00:26","432",0,0,11,0,"IN_SERVICE",true,true,true,"FIT:0|BATTLE:0|BOOST:0|MUVO:0|EFIT:0",1791341815,1791341997
"2026-10-07 00:00:26","433",2,0,9,0,"IN_SERVICE",true,true,true,"FIT:2|BATTLE:0|BOOST:0|MUVO:0|EFIT:0",1791341824,1791341997
"2026-10-07 00:00:26","434",10,0,12,1,"IN_SERVICE",true,true,true,"FIT:10|BATTLE:0|BOOST:0|MUVO:0|EFIT:0",1791341908,1791341997
"2026-10-07 00:00:26","435",18,0,1,0,"IN_SERVICE",true,true,true,"FIT:9|BATTLE:0|BOOST:0|MUVO:0|EFIT:9",1791341831,1791341997
"2026-10-07 00:00:26","436",8,1,2,0,"IN_SERVICE",true,true,true,"FIT:3|BATTLE:0|BOOST:0|MUVO:0|EFIT:5",1791341900,1791341997
"2026-10-07 00:00:26","437",11,0,0,0,"IN_SERVICE",true,true,true,"FIT:9|BATTLE:0|BOOST:0|MUVO:0|EFIT:2",1791341825,1791341997
"2026-10-07 00:00:26","438",0,1,8,2,"IN_SERVICE",true,true,true,"FIT:0|BATTLE:0|BOOST:0|MUVO:0|EFIT:0",1791341991,1791341997
"2026-10-07 00:00:26","439",3,1,11,0,"IN_SERVICE",true,true,true,"FIT:3|BATTLE:0|BOOST:0|MUVO:0|EFIT:0",1791341967,1791341997
"2026-10-07 00:00:26","440",9,0,2,0,"IN_SERVICE",true,true,true,"FIT:9|BATTLE:0|BOOST:0|MUVO:0|EFIT:0",1791341843,1791341997
"2026-10-07 00:00:26","442",1,0,10,0,"IN_SERVICE",true,true,true,"FIT:0|BATTLE:0|BOOST:0|MUVO:0|EFIT:1",1791341941,1791341997
"2026-10-07 00:00:26","443",13,0,13,1,"IN_SERVICE",true,true,true,"FIT:13|BATTLE:0|BOOST:0|MUVO:0|EFIT:0",1791341840,1791341997
"2026-10-07 00:00:26","446",6,0,11,0,"IN_SERVICE",true,true,true,"FIT:4|BATTLE:0|BOOST:0|MUVO:0|EFIT:2",1791341911,1791341997
"2026-10-07 00:00:26","448",6,0,4,1,"IN_SERVICE",true,true,true,"FIT:6|BATTLE:0|BOOST:0|MUVO:0|EFIT:0",1791341845,1791341997
"2026-10-07 00:00:26","451",6,0,5,0,"IN_SERVICE",true,true,true,"FIT:6|BATTLE:0|BOOST:0|MUVO:0|EFIT:0",1791341866,1791341997
"2026-10-07 00:00:26","452",3,0,16,0,"IN_SERVICE",true,true,true,"FIT:3|BATTLE:0|BOOST:0|MUVO:0|EFIT:0",1791341980,1791341997
"2026-10-07 00:00:26","454",9,0,6,0,"IN_SERVICE",true,true,true,"FIT:9|BATTLE:0|BOOST:0|MUVO:0|EFIT:0",1791341856,1791341997
"2026-10-07 00:00:26","455",10,0,1,0,"IN_SERVICE",true,true,true,"FIT:10|BATTLE:0|BOOST:0|MUVO:0|EFIT:0",1791341830,1791341997
"2026-10-07 00:00:26","459",6,0,11,0,"IN_SERVICE",true,true,true,"FIT:6|BATTLE:0|BOOST:0|MUVO:0|EFIT:0",1791341951,1791341997
"2026-10-07 00:00:26","460",4,0,19,0,"IN_SERVICE",true,true,true,"FIT:3|BATTLE:0|BOOST:0|MUVO:0|EFIT:1",1791341838,1791341997
"2026-10-07 00:00:26","461",5,0,10,0,"IN_SERVICE",true,true,true,"FIT:4|BATTLE:0|BOOST:0|MUVO:0|EFIT:1",1791341826,1791341997
"2026-10-07 00:00:26","462",2,1,11,1,"IN_SERVICE",true,true,true,"FIT:2|BATTLE:0|BOOST:0|MUVO:0|EFIT:0",1791341963,1791341997
"2026-10-07 00:00:26","463",13,0,2,0,"IN_SERVICE",true,true,true,"FIT:13|BATTLE:0|BOOST:0|MUVO:0|EFIT:0",1791341920,1791341997
"2026-10-07 00:00:26","464",7,1,3,0,"IN_SERVICE",true,true,true,"FIT:3|BATTLE:0|BOOST:0|MUVO:0|EFIT:4",1791341926,1791341997
"2026-10-07 00:00:26","466",17,2,0,0,"IN_SERVICE",true,true,true,"FIT:16|BATTLE:0|BOOST:0|MUVO:0|EFIT:1",1791341864,1791341997
"2026-10-07 00:00:26","467",0,1,14,0,"IN_SERVICE",true,true,true,"FIT:0|BATTLE:0|BOOST:0|MUVO:0|EFIT:0",1791341885,1791341997
"2026-10-07 00:00:26","468",10,0,9,0,"IN_SERVICE",true,true,true,"FIT:10|BATTLE:0|BOOST:0|MUVO:0|EFIT:0",1791341942,1791341997
"2026-10-07 00:00:26","469",15,0,4,0,"IN_SERVICE",true,true,true,"FIT:15|BATTLE:0|BOOST:0|MUVO:0|EFIT:0",1791341864,1791341997
"2026-10-07 00:00:26","470",10,0,9,0,"IN_SERVICE",true,true,true,"FIT:10|BATTLE:0|BOOST:0|MUVO:0|EFIT:0",1791341814,1791341997
"2026-10-07 00:00:26","471",3,0,16,0,"IN_SERVICE",true,true,true,"FIT:2|BATTLE:0|BOOST:0|MUVO:0|EFIT:1",1791341974,1791341997
"2026-10-07 00:00:26","473",7,0,4,0,"IN_SERVICE",true,true,true,"FIT:6|BATTLE:0|BOOST:0|MUVO:0|EFIT:1",1791341874,1791341997
"2026-10-07 00:00:26","474",14,0,1,0,"IN_SERVICE",true,true,true,"FIT:11|BATTLE:0|BOOST:0|MUVO:0|EFIT:3",1791341953,1791341997
"2026-10-07 00:00:26","477",13,0,2,0,"IN_SERVICE",true,true,true,"FIT:2|BATTLE:0|BOOST:0|MUVO:0|EFIT:11",1791341824,1791341997
"2026-10-07 00:00:26","479",17,0,2,0,"IN_SERVICE",true,true,true,"FIT:17|BATTLE:0|BOOST:0|MUVO:0|EFIT:0",1791341997,1791341997
"2026-10-07 00:00:26","487",10,0,1,0,"IN_SERVICE",true,true,true,"FIT:10|BATTLE:0|BOOST:0|MUVO:0|EFIT:0",1791341950,1791341997
"2026-10-07 00:00:26","488",8,0,7,0,"IN_SERVICE",true,true,true,"FIT:8|BATTLE:0|BOOST:0|MUVO:0|EFIT:0",1791341875,1791341997
"2026-10-07 00:00:26","489",11,2,9,1,"IN_SERVICE",true,true,true,"FIT:11|BATTLE:0|BOOST:0|MUVO:0|EFIT:0",1791341851,1791341997
"2026-10-07 00:00:26","490",4,2,5,0,"IN_SERVICE",true,true,true,"FIT:2|BATTLE:0|BOOST:0|MUVO:0|EFIT:2",1791341932,1791341997
"2026-10-07 00:00:26","491",5,1,11,0,"IN_SERVICE",true,true,true,"FIT:5|BATTLE:0|BOOST:0|MUVO:0|EFIT:0",1791341964,1791341997
"2026-10-07 00:00:26","492",0,0,14,1,"IN_SERVICE",true,true,true,"FIT:0|BATTLE:0|BOOST:0|MUVO:0|EFIT:0",1791341972,1791341997
"2026-10-07 00:00:26","493",1,0,16,2,"IN_SERVICE",true,true,true,"FIT:1|BATTLE:0|BOOST:0|MUVO:0|EFIT:0",1791341997,1791341997
"2026-10-07 00:00:26","494",2,1,16,0,"IN_SERVICE",true,true,true,"FIT:2|BATTLE:0|BOOST:0|MUVO:0|EFIT:0",1791341877,1791341997
"2026-10-07 00:00:26","495",4,1,14,0,"IN_SERVICE",true,true,true,"FIT:3|BATTLE:0|BOOST:0|MUVO:0|EFIT:1",1791341850,1791341997
"2026-10-07 00:00:26","497",3,0,12,0,"IN_SERVICE",true,true,true,"FIT:3|BATTLE:0|BOOST:0|MUVO:0|EFIT:0",1791341852,1791341997
"2026-10-07 00:00:26","498",0,2,17,0,"IN_SERVICE",true,true,true,"FIT:0|BATTLE:0|BOOST:0|MUVO:0|EFIT:0",1791341976,1791341997
"2026-10-07 00:00:26","499",0,0,11,0,"IN_SERVICE",true,true,true,"FIT:0|BATTLE:0|BOOST:0|MUVO:0|EFIT:0",1791341894,1791341997
"2026-10-07 00:00:26","500",10,0,1,0,"IN_SERVICE",true,true,true,"FIT:10|BATTLE:0|BOOST:0|MUVO:0|EFIT:0",1791341819,1791341997
"2026-10-07 00:00:26","501",5,1,16,0,"IN_SERVICE",true,true,true,"FIT:5|BATTLE:0|BOOST:0|MUVO:0|EFIT:0",1791341880,1791341997
"2026-10-07 00:00:26","503",15,2,10,0,"IN_SERVICE",true,true,true,"FIT:15|BATTLE:0|BOOST:0|MUVO:0|EFIT:0",1791341987,1791341997
"2026-10-07 00:00:26","504",1,1,9,0,"IN_SERVICE",true,true,true,"FIT:1|BATTLE:0|BOOST:0|MUVO:0|EFIT:0",1791341907,1791341997
"2026-10-07 00:00:26","505",3,0,16,0,"IN_SERVICE",true,true,true,"FIT:3|BATTLE:0|BOOST:0|MUVO:0|EFIT:0",1791341826,1791341997
"2026-10-07 00:00:26","506",26,0,1,0,"IN_SERVICE",true,true,true,"FIT:25|BATTLE:0|BOOST:0|MUVO:0|EFIT:1",1791341888,1791341997
"2026-10-07 00:00:26","508",3,0,16,0,"IN_SERVICE",true,true,true,"FIT:3|BATTLE:0|BOOST:0|MUVO:0|EFIT:0",1791341654,1791341997
"2026-10-07 00:00:26","509",10,0,9,0,"IN_SERVICE",true,true,true,"FIT:6|BATTLE:0|BOOST:0|MUVO:0|EFIT:4",1791341826,1791341997
"2026-10-07 00:00:26","518",3,0,8,0,"IN_SERVICE",true,true,true,"FIT:2|BATTLE:0|BOOST:0|MUVO:0|EFIT:1",1791341827,1791341997
"2026-10-07 00:00:26","519",1,1,13,0,"IN_SERVICE",true,true,true,"FIT:1|BATTLE:0|BOOST:0|MUVO:0|EFIT:0",1791341970,1791341997
"2026-10-07 00:00:26","520",10,0,1,0,"IN_SERVICE",true,true,true,"FIT:1|BATTLE:0|BOOST:0|MUVO:0|EFIT:9",1791341854,1791341997
"2026-10-07 00:00:26","521",6,0,11,0,"IN_SERVICE",true,true,true,"FIT:5|BATTLE:0|BOOST:0|MUVO:0|EFIT:1",1791341890,1791341997
"2026-10-07 00:00:26","522",3,0,16,0,"IN_SERVICE",true,true,true,"FIT:3|BATTLE:0|BOOST:0|MUVO:0|EFIT:0",1791341868,1791341997
"2026-10-07 00:00:26","523",9,0,10,0,"IN_SERVICE",true,true,true,"FIT:9|BATTLE:0|BOOST:0|MUVO:0|EFIT:0",1791341884,1791341997
"2026-10-07 00:00:26","524",4,0,12,0,"IN_SERVICE",true,true,true,"FIT:4|BATTLE:0|BOOST:0|MUVO:0|EFIT:0",1791341938,1791341997
"2026-10-07 00:00:26","525",3,0,16,0,"IN_SERVICE",true,true,true,"FIT:3|BATTLE:0|BOOST:0|MUVO:0|EFIT:0",1791341933,1791341997
"2026-10-07 00:00:26","526",3,0,12,0,"IN_SERVICE",true,true,true,"FIT:3|BATTLE:0|BOOST:0|MUVO:0|EFIT:0",1791341916,1791341997
"2026-10-07 00:00:26","528",4,0,10,1,"IN_SERVICE",true,true,true,"FIT:4|BATTLE:0|BOOST:0|MUVO:0|EFIT:0",1791341883,1791341997
"2026-10-07 00:00:26","529",1,0,14,0,"IN_SERVICE",true,true,true,"FIT:1|BATTLE:0|BOOST:0|MUVO:0|EFIT:0",1791341816,1791341997
"2026-10-07 00:00:26","530",0,0,19,0,"IN_SERVICE",true,true,true,"FIT:0|BATTLE:0|BOOST:0|MUVO:0|EFIT:0",1791341953,1791341997
"2026-10-07 00:00:26","531",7,0,10,0,"IN_SERVICE",true,true,true,"FIT:7|BATTLE:0|BOOST:0|MUVO:0|EFIT:0",1791341870,1791341997
"2026-10-07 00:00:26","536",3,0,8,0,"IN_SERVICE",true,true,true,"FIT:3|BATTLE:0|BOOST:0|MUVO:0|EFIT:0",1791341866,1791341997
"2026-10-07 00:00:26","538",10,0,1,0,"IN_SERVICE",true,true,true,"FIT:10|BATTLE:0|BOOST:0|MUVO:0|EFIT:0",1791341820,1791341997
"2026-10-07 00:00:26","539",13,0,2,0,"IN_SERVICE",true,true,true,"FIT:13|BATTLE:0|BOOST:0|MUVO:0|EFIT:0",1791341837,1791341997
"2026-10-07 00:00:26","540",0,0,15,0,"IN_SERVICE",true,true,true,"FIT:0|BATTLE:0|BOOST:0|MUVO:0|EFIT:0",1791341993,1791341997
"2026-10-07 00:00:26","541",0,0,15,0,"IN_SERVICE",true,true,true,"FIT:0|BATTLE:0|BOOST:0|MUVO:0|EFIT:0",1791341878,1791341997
"2026-10-07 00:00:26","542",8,0,7,0,"IN_SERVICE",true,true,true,"FIT:8|BATTLE:0|BOOST:0|MUVO:0|EFIT:0",1791341932,1791341997
"2026-10-07 00:00:26","543",0,0,15,0,"IN_SERVICE",true,true,true,"FIT:0|BATTLE:0|BOOST:0|MUVO:0|EFIT:0",1791341980,1791341997
"2026-10-07 00:00:26","548",11,2,2,0,"IN_SERVICE",true,true,true,"FIT:11|BATTLE:0|BOOST:0|MUVO:0|EFIT:0",1791341955,1791341997
"2026-10-07 00:00:26","549",3,2,10,0,"IN_SERVICE",true,true,true,"FIT:2|BATTLE:0|BOOST:0|MUVO:0|EFIT:1",1791341989,1791341997
"2026-10-07 00:00:26","551",5,0,10,0,"IN_SERVICE",true,true,true,"FIT:5|BATTLE:0|BOOST:0|MUVO:0|EFIT:0",1791341928,1791341997
"2026-10-07 00:00:26","555",10,0,5,0,"IN_SERVICE",true,true,true,"FIT:10|BATTLE:0|BOOST:0|MUVO:0|EFIT:0",1791341889,1791341997
"2026-10-07 00:00:26","559",14,0,13,0,"IN_SERVICE",true,true,true,"FIT:12|BATTLE:0|BOOST:0|MUVO:0|EFIT:2",1791341898,1791341997
"2026-10-07 00:00:26","565",1,0,14,0,"IN_SERVICE",true,true,true,"FIT:1|BATTLE:0|BOOST:0|MUVO:0|EFIT:0",1791341843,1791341997
"2026-10-07 00:00:26","566",16,0,1,0,"IN_SERVICE",true,true,true,"FIT:16|BATTLE:0|BOOST:0|MUVO:0|EFIT:0",1791341909,1791341997
"2026-10-07 00:00:26","567",6,1,10,0,"IN_SERVICE",true,true,true,"FIT:5|BATTLE:0|BOOST:0|MUVO:0|EFIT:1",1791341967,1791341997
"2026-10-07 00:00:26","570",1,0,10,0,"IN_SERVICE",true,true,true,"FIT:1|BATTLE:0|BOOST:0|MUVO:0|EFIT:0",1791341923,1791341997
"2026-10-07 00:00:26","572",5,0,18,0,"IN_SERVICE",true,true,true,"FIT:5|BATTLE:0|BOOST:0|MUVO:0|EFIT:0",1791341971,1791341997
"2026-10-07 00:00:26","576",6,0,17,0,"IN_SERVICE",true,true,true,"FIT:6|BATTLE:0|BOOST:0|MUVO:0|EFIT:0",1791341981,1791341997
"2026-10-07 00:00:26","577",3,0,12,0,"IN_SERVICE",true,true,true,"FIT:2|BATTLE:0|BOOST:0|MUVO:0|EFIT:1",1791341900,1791341997
"2026-10-07 00:00:26","590",0,1,9,0,"IN_SERVICE",true,true,true,"FIT:0|BATTLE:0|BOOST:0|MUVO:0|EFIT:0",1791341905,1791341997
"2026-10-07 00:00:26","593",15,0,0,0,"IN_SERVICE",true,true,true,"FIT:13|BATTLE:0|BOOST:0|MUVO:0|EFIT:2",1791341941,1791341997
"2026-10-07 00:00:26","594",14,2,3,0,"IN_SERVICE",true,true,true,"FIT:14|BATTLE:0|BOOST:0|MUVO:0|EFIT:0",1791341900,1791341997
"2026-10-07 00:00:26","595",2,0,12,1,"IN_SERVICE",true,true,true,"FIT:2|BATTLE:0|BOOST:0|MUVO:0|EFIT:0",1791341864,1791341997
"2026-10-07 00:00:26","597",11,3,3,2,"IN_SERVICE",true,true,true,"FIT:11|BATTLE:0|BOOST:0|MUVO:0|EFIT:0",1791341939,1791341997
"2026-10-07 00:00:26","598",1,0,8,0,"IN_SERVICE",true,true,true,"FIT:1|BATTLE:0|BOOST:0|MUVO:0|EFIT:0",1791341837,1791341997
"2026-10-07 00:15:19","1",11,1,5,0,"IN_SERVICE",true,true,true,"FIT:11|BATTLE:0|BOOST:0|MUVO:0|EFIT:0",1791342029,1791342918
"2026-10-07 00:15:19","2",9,1,8,1,"IN_SERVICE",true,true,true,"FIT:9|BATTLE:0|BOOST:0|MUVO:0|EFIT:0",1791342795,1791342918
"2026-10-07 00:15:19","3",1,2,15,0,"IN_SERVICE",true,true,true,"FIT:1|BATTLE:0|BOOST:0|MUVO:0|EFIT:0",1791342811,1791342918
"2026-10-07 00:15:19","4",1,1,15,0,"IN_SERVICE",true,true,true,"FIT:1|BATTLE:0|BOOST:0|MUVO:0|EFIT:0",1791342808,1791342918
"2026-10-07 00:15:19","5",8,0,15,0,"IN_SERVICE",true,true,true,"FIT:7|BATTLE:0|BOOST:0|MUVO:0|EFIT:1",1791342754,1791342918
"2026-10-07 00:15:19","6",12,1,5,1,"IN_SERVICE",true,true,true,"FIT:12|BATTLE:0|BOOST:0|MUVO:0|EFIT:0",1791342824,1791342918
"2026-10-07 00:15:19","7",3,0,16,0,"IN_SERVICE",true,true,true,"FIT:2|BATTLE:0|BOOST:0|MUVO:0|EFIT:1",1791342902,1791342918
"2026-10-07 00:15:19","8",7,0,16,0,"IN_SERVICE",true,true,true,"FIT:6|BATTLE:0|BOOST:0|MUVO:0|EFIT:1",1791342777,1791342918
"2026-10-07 00:15:19","9",19,1,3,0,"IN_SERVICE",true,true,true,"FIT:17|BATTLE:0|BOOST:0|MUVO:0|EFIT:2",1791342912,1791342918
"2026-10-07 00:15:19","10",12,0,7,0,"IN_SERVICE",true,true,true,"FIT:10|BATTLE:0|BOOST:0|MUVO:0|EFIT:2",1791342772,1791342918
"2026-10-07 00:15:19","11",11,0,6,0,"IN_SERVICE",true,true,true,"FIT:10|BATTLE:0|BOOST:0|MUVO:0|EFIT:1",1791342863,1791342918
"2026-10-07 00:15:19","12",15,1,3,0,"IN_SERVICE",true,true,true,"FIT:13|BATTLE:0|BOOST:0|MUVO:0|EFIT:2",1791342906,1791342918
"2026-10-07 00:15:19","14",14,0,9,0,"IN_SERVICE",true,true,true,"FIT:12|BATTLE:0|BOOST:0|MUVO:0|EFIT:2",1791342805,1791342918
"2026-10-07 00:15:19","15",4,0,11,0,"IN_SERVICE",true,true,true,"FIT:3|BATTLE:0|BOOST:0|MUVO:0|EFIT:1",1791342829,1791342918
"2026-10-07 00:15:19","16",19,0,4,0,"IN_SERVICE",true,true,true,"FIT:3|BATTLE:0|BOOST:0|MUVO:0|EFIT:16",1791342879,1791342918
"2026-10-07 00:15:19","17",16,0,3,0,"IN_SERVICE",true,true,true,"FIT:11|BATTLE:0|BOOST:0|MUVO:0|EFIT:5",1791342793,1791342918
"2026-10-07 00:15:19","18",10,0,5,0,"IN_SERVICE",true,true,true,"FIT:7|BATTLE:0|BOOST:0|MUVO:0|EFIT:3",1791342843,1791342918
"2026-10-07 00:15:19","19",3,0,7,1,"IN_SERVICE",true,true,true,"FIT:2|BATTLE:0|BOOST:0|MUVO:0|EFIT:1",1791342820,1791342918
"2026-10-07 00:15:19","20",4,2,16,1,"IN_SERVICE",true,true,true,"FIT:2|BATTLE:0|BOOST:0|MUVO:0|EFIT:2",1791342900,1791342918
"2026-10-07 00:15:19","21",6,1,9,0,"IN_SERVICE",true,true,true,"FIT:3|BATTLE:0|BOOST:0|MUVO:0|EFIT:3",1791342871,1791342918
"2026-10-07 00:15:19","22",7,0,8,0,"IN_SERVICE",true,true,true,"FIT:7|BATTLE:0|BOOST:0|MUVO:0|EFIT:0",1791342842,1791342918
"2026-10-07 00:15:19","23",5,4,11,0,"IN_SERVICE",true,true,true,"FIT:4|BATTLE:0|BOOST:0|MUVO:0|EFIT:1",1791342879,1791342918
"2026-10-07 00:15:19","24",8,0,15,0,"IN_SERVICE",true,true,true,"FIT:8|BATTLE:0|BOOST:0|MUVO:0|EFIT:0",1791342861,1791342918
"2026-10-07 00:15:19","25",6,1,13,0,"IN_SERVICE",true,true,true,"FIT:5|BATTLE:0|BOOST:0|MUVO:0|EFIT:1",1791342873,1791342918
"2026-10-07 00:15:19","26",3,4,16,0,"IN_SERVICE",true,true,true,"FIT:3|BATTLE:0|BOOST:0|MUVO:0|EFIT:0",1791342904,1791342918
"2026-10-07 00:15:19","27",7,0,23,1,"IN_SERVICE",true,true,true,"FIT:5|BATTLE:0|BOOST:0|MUVO:0|EFIT:2",1791342835,1791342918
"2026-10-07 00:15:19","28",23,0,5,1,"IN_SERVICE",true,true,true,"FIT:23|BATTLE:0|BOOST:0|MUVO:0|EFIT:0",1791342768,1791342918
"2026-10-07 00:15:19","30",4,1,11,1,"IN_SERVICE",true,true,true,"FIT:3|BATTLE:0|BOOST:0|MUVO:0|EFIT:1",1791341344,1791342918
"2026-10-07 00:15:19","31",16,2,14,0,"IN_SERVICE",true,true,true,"FIT:16|BATTLE:0|BOOST:0|MUVO:0|EFIT:0",1791342753,1791342918
"2026-10-07 00:15:19","32",21,2,4,0,"IN_SERVICE",true,true,true,"FIT:21|BATTLE:0|BOOST:0|MUVO:0|EFIT:0",1791342809,1791342918
"2026-10-07 00:15:19","33",8,4,2,0,"IN_SERVICE",true,true,true,"FIT:8|BATTLE:0|BOOST:0|MUVO:0|EFIT:0",1791342852,1791342918
"2026-10-07 00:15:19","34",7,1,23,0,"IN_SERVICE",true,true,true,"FIT:4|BATTLE:0|BOOST:0|MUVO:0|EFIT:3",1791342853,1791342918
"2026-10-07 00:15:19","35",8,1,26,0,"IN_SERVICE",true,true,true,"FIT:2|BATTLE:0|BOOST:0|MUVO:0|EFIT:6",1791342752,1791342918
"2026-10-07 00:15:19","36",10,0,5,0,"IN_SERVICE",true,true,true,"FIT:9|BATTLE:0|BOOST:0|MUVO:0|EFIT:1",1791342802,1791342918
"2026-10-07 00:15:19","37",9,0,5,0,"IN_SERVICE",true,true,true,"FIT:9|BATTLE:0|BOOST:0|MUVO:0|EFIT:0",1791342747,1791342918
"2026-10-07 00:15:19","38",1,0,30,0,"IN_SERVICE",true,true,true,"FIT:1|BATTLE:0|BOOST:0|MUVO:0|EFIT:0",1791342740,1791342918
"2026-10-07 00:15:19","39",1,0,10,0,"IN_SERVICE",true,true,true,"FIT:0|BATTLE:0|BOOST:0|MUVO:0|EFIT:1",1791342832,1791342918
"2026-10-07 00:15:19","40",7,1,11,0,"IN_SERVICE",true,true,true,"FIT:2|BATTLE:0|BOOST:0|MUVO:0|EFIT:5",1791342792,1791342918
"2026-10-07 00:15:19","41",8,1,10,0,"IN_SERVICE",true,true,true,"FIT:8|BATTLE:0|BOOST:0|MUVO:0|EFIT:0",1791342826,1791342918
"2026-10-07 00:15:19","42",2,0,17,0,"IN_SERVICE",true,true,true,"FIT:2|BATTLE:0|BOOST:0|MUVO:0|EFIT:0",1791342914,1791342918
"2026-10-07 00:15:19","43",14,0,3,0,"IN_SERVICE",true,true,true,"FIT:14|BATTLE:0|BOOST:0|MUVO:0|EFIT:0",1791342911,1791342918
"2026-10-07 00:15:19","44",17,1,1,0,"IN_SERVICE",true,true,true,"FIT:13|BATTLE:0|BOOST:0|MUVO:0|EFIT:4",1791342911,1791342918
"2026-10-07 00:15:19","45",17,0,2,0,"IN_SERVICE",true,true,true,"FIT:16|BATTLE:0|BOOST:0|MUVO:0|EFIT:1",1791342768,1791342918
"2026-10-07 00:15:19","46",5,1,18,0,"IN_SERVICE",true,true,true,"FIT:4|BATTLE:0|BOOST:0|MUVO:0|EFIT:1",1791342824,1791342918
"2026-10-07 00:15:19","47",3,0,12,0,"IN_SERVICE",true,true,true,"FIT:3|BATTLE:0|BOOST:0|MUVO:0|EFIT:0",1791342849,1791342918
"2026-10-07 00:15:19","48",6,0,13,0,"IN_SERVICE",true,true,true,"FIT:6|BATTLE:0|BOOST:0|MUVO:0|EFIT:0",1791342874,1791342918
"2026-10-07 00:15:19","49",3,1,10,0,"IN_SERVICE",true,true,true,"FIT:3|BATTLE:0|BOOST:0|MUVO:0|EFIT:0",1791342893,1791342918
"2026-10-07 00:15:19","50",6,1,15,1,"IN_SERVICE",true,true,true,"FIT:6|BATTLE:0|BOOST:0|MUVO:0|EFIT:0",1791342822,1791342918
"2026-10-07 00:15:19","51",13,1,2,1,"IN_SERVICE",true,true,true,"FIT:12|BATTLE:0|BOOST:0|MUVO:0|EFIT:1",1791342851,1791342918
"2026-10-07 00:15:19","52",3,0,11,1,"IN_SERVICE",true,true,true,"FIT:2|BATTLE:0|BOOST:0|MUVO:0|EFIT:1",1791342794,1791342918
"2026-10-07 00:15:19","53",4,0,7,0,"IN_SERVICE",true,true,true,"FIT:4|BATTLE:0|BOOST:0|MUVO:0|EFIT:0",1791342764,1791342918
"2026-10-07 00:15:19","54",1,0,18,0,"IN_SERVICE",true,true,true,"FIT:1|BATTLE:0|BOOST:0|MUVO:0|EFIT:0",1791342894,1791342918
"2026-10-07 00:15:19","55",6,0,11,0,"IN_SERVICE",true,true,true,"FIT:6|BATTLE:0|BOOST:0|MUVO:0|EFIT:0",1791342857,1791342918
"2026-10-07 00:15:19","56",21,0,2,0,"IN_SERVICE",true,true,true,"FIT:21|BATTLE:0|BOOST:0|MUVO:0|EFIT:0",1791342781,1791342918
"2026-10-07 00:15:19","57",8,0,7,0,"IN_SERVICE",true,true,true,"FIT:8|BATTLE:0|BOOST:0|MUVO:0|EFIT:0",1791342764,1791342918
"2026-10-07 00:15:19","58",3,0,19,1,"IN_SERVICE",true,true,true,"FIT:3|BATTLE:0|BOOST:0|MUVO:0|EFIT:0",1791342802,1791342918
"2026-10-07 00:15:19","59",1,0,10,0,"IN_SERVICE",true,true,true,"FIT:1|BATTLE:0|BOOST:0|MUVO:0|EFIT:0",1791342861,1791342918
"2026-10-07 00:15:19","60",1,0,13,1,"IN_SERVICE",true,true,true,"FIT:1|BATTLE:0|BOOST:0|MUVO:0|EFIT:0",1791342792,1791342918
"2026-10-07 00:15:19","61",13,0,4,0,"IN_SERVICE",true,true,true,"FIT:13|BATTLE:0|BOOST:0|MUVO:0|EFIT:0",1791342876,1791342918
"2026-10-07 00:15:19","62",10,0,5,0,"IN_SERVICE",true,true,true,"FIT:10|BATTLE:0|BOOST:0|MUVO:0|EFIT:0",1791342737,1791342918
"2026-10-07 00:15:19","63",5,0,8,1,"IN_SERVICE",true,true,true,"FIT:5|BATTLE:0|BOOST:0|MUVO:0|EFIT:0",1791342878,1791342918
"2026-10-07 00:15:19","64",9,0,10,0,"IN_SERVICE",true,true,true,"FIT:8|BATTLE:0|BOOST:0|MUVO:0|EFIT:1",1791342773,1791342918
"2026-10-07 00:15:19","65",1,0,20,2,"IN_SERVICE",true,true,true,"FIT:1|BATTLE:0|BOOST:0|MUVO:0|EFIT:0",1791342736,1791342918
"2026-10-07 00:15:19","66",0,0,11,0,"IN_SERVICE",true,true,true,"FIT:0|BATTLE:0|BOOST:0|MUVO:0|EFIT:0",1791342762,1791342918
"2026-10-07 00:15:19","67",13,1,1,0,"IN_SERVICE",true,true,true,"FIT:13|BATTLE:0|BOOST:0|MUVO:0|EFIT:0",1791342784,1791342918
"2026-10-07 00:15:19","68",17,0,6,0,"IN_SERVICE",true,true,true,"FIT:16|BATTLE:0|BOOST:0|MUVO:0|EFIT:1",1791342746,1791342918
"2026-10-07 00:15:19","69",7,2,14,0,"IN_SERVICE",true,true,true,"FIT:3|BATTLE:0|BOOST:0|MUVO:0|EFIT:4",1791337505,1791342918
"2026-10-07 00:15:19","70",21,2,0,0,"IN_SERVICE",true,true,true,"FIT:19|BATTLE:0|BOOST:0|MUVO:0|EFIT:2",1791342820,1791342918
"2026-10-07 00:15:19","71",16,1,2,0,"IN_SERVICE",true,true,true,"FIT:15|BATTLE:0|BOOST:0|MUVO:0|EFIT:1",1791342815,1791342918
"2026-10-07 00:15:19","73",5,0,18,0,"IN_SERVICE",true,true,true,"FIT:3|BATTLE:0|BOOST:0|MUVO:0|EFIT:2",1791342797,1791342918
"2026-10-07 00:15:19","74",13,4,2,0,"IN_SERVICE",true,true,true,"FIT:12|BATTLE:0|BOOST:0|MUVO:0|EFIT:1",1791342781,1791342918
"2026-10-07 00:15:19","75",3,1,11,0,"IN_SERVICE",true,true,true,"FIT:0|BATTLE:0|BOOST:0|MUVO:0|EFIT:3",1791342896,1791342918
"2026-10-07 00:15:19","76",1,0,18,0,"IN_SERVICE",true,true,true,"FIT:1|BATTLE:0|BOOST:0|MUVO:0|EFIT:0",1791342755,1791342918
"2026-10-07 00:15:19","77",1,0,16,0,"IN_SERVICE",true,true,true,"FIT:1|BATTLE:0|BOOST:0|MUVO:0|EFIT:0",1791342812,1791342918
"2026-10-07 00:15:19","78",9,0,2,0,"IN_SERVICE",true,true,true,"FIT:9|BATTLE:0|BOOST:0|MUVO:0|EFIT:0",1791342884,1791342918
"2026-10-07 00:15:19","79",11,0,0,0,"IN_SERVICE",true,true,true,"FIT:9|BATTLE:0|BOOST:0|MUVO:0|EFIT:2",1791342875,1791342918
"2026-10-07 00:15:19","80",18,0,0,0,"IN_SERVICE",true,true,true,"FIT:17|BATTLE:0|BOOST:0|MUVO:0|EFIT:1",1791342812,1791342918
"2026-10-07 00:15:19","81",6,2,7,1,"IN_SERVICE",true,true,true,"FIT:6|BATTLE:0|BOOST:0|MUVO:0|EFIT:0",1791342807,1791342918
"2026-10-07 00:15:19","82",4,1,23,1,"IN_SERVICE",true,true,true,"FIT:4|BATTLE:0|BOOST:0|MUVO:0|EFIT:0",1791342872,1791342918
"2026-10-07 00:15:19","83",11,0,17,3,"IN_SERVICE",true,true,true,"FIT:1|BATTLE:0|BOOST:0|MUVO:0|EFIT:10",1791342794,1791342918
"2026-10-07 00:15:19","84",5,1,9,0,"IN_SERVICE",true,true,true,"FIT:3|BATTLE:0|BOOST:0|MUVO:0|EFIT:2",1791342862,1791342918
"2026-10-07 00:15:19","85",4,0,19,0,"IN_SERVICE",true,true,true,"FIT:4|BATTLE:0|BOOST:0|MUVO:0|EFIT:0",1791342891,1791342918
"2026-10-07 00:15:19","86",10,0,24,1,"IN_SERVICE",true,true,true,"FIT:0|BATTLE:0|BOOST:0|MUVO:0|EFIT:10",1791342841,1791342918
"2026-10-07 00:15:19","87",1,0,17,1,"IN_SERVICE",true,true,true,"FIT:0|BATTLE:0|BOOST:0|MUVO:0|EFIT:1",1791342794,1791342918
"2026-10-07 00:15:19","88",3,0,16,0,"IN_SERVICE",true,true,true,"FIT:0|BATTLE:0|BOOST:0|MUVO:0|EFIT:3",1791342800,1791342918
"2026-10-07 00:15:19","89",2,1,12,1,"IN_SERVICE",true,true,true,"FIT:2|BATTLE:0|BOOST:0|MUVO:0|EFIT:0",1791342853,1791342918
"2026-10-07 00:15:19","90",9,1,2,0,"IN_SERVICE",true,true,true,"FIT:9|BATTLE:0|BOOST:0|MUVO:0|EFIT:0",1791342882,1791342918
"2026-10-07 00:15:19","91",3,1,8,0,"IN_SERVICE",true,true,true,"FIT:3|BATTLE:0|BOOST:0|MUVO:0|EFIT:0",1791342810,1791342918
"2026-10-07 00:15:19","92",12,0,3,0,"IN_SERVICE",true,true,true,"FIT:10|BATTLE:0|BOOST:0|MUVO:0|EFIT:2",1791342751,1791342918
"2026-10-07 00:15:19","93",10,0,5,0,"IN_SERVICE",true,true,true,"FIT:3|BATTLE:0|BOOST:0|MUVO:0|EFIT:7",1791342792,1791342918
"2026-10-07 00:15:19","94",7,0,8,0,"IN_SERVICE",true,true,true,"FIT:5|BATTLE:0|BOOST:0|MUVO:0|EFIT:2",1791342812,1791342918
"2026-10-07 00:15:19","95",10,0,7,0,"IN_SERVICE",true,true,true,"FIT:8|BATTLE:0|BOOST:0|MUVO:0|EFIT:2",1791342768,1791342918
"2026-10-07 00:15:19","96",11,2,6,0,"IN_SERVICE",true,true,true,"FIT:10|BATTLE:0|BOOST:0|MUVO:0|EFIT:1",1791342795,1791342918
"2026-10-07 00:15:19","97",0,2,13,0,"IN_SERVICE",true,true,true,"FIT:0|BATTLE:0|BOOST:0|MUVO:0|EFIT:0",1791342779,1791342918
"2026-10-07 00:15:19","98",3,1,10,0,"IN_SERVICE",true,true,true,"FIT:2|BATTLE:0|BOOST:0|MUVO:0|EFIT:1",1791342913,1791342918
"2026-10-07 00:15:19","99",5,0,6,0,"IN_SERVICE",true,true,true,"FIT:4|BATTLE:0|BOOST:0|MUVO:0|EFIT:1",1791342874,1791342918
"2026-10-07 00:15:19","100",5,5,4,0,"IN_SERVICE",true,true,true,"FIT:5|BATTLE:0|BOOST:0|MUVO:0|EFIT:0",1791342773,1791342918
"2026-10-07 00:15:19","101",5,2,13,0,"IN_SERVICE",true,true,true,"FIT:2|BATTLE:0|BOOST:0|MUVO:0|EFIT:3",1791342786,1791342918
"2026-10-07 00:15:19","102",13,1,13,0,"IN_SERVICE",true,true,true,"FIT:6|BATTLE:0|BOOST:0|MUVO:0|EFIT:7",1791342837,1791342918
"2026-10-07 00:15:19","103",4,3,8,0,"IN_SERVICE",true,true,true,"FIT:1|BATTLE:0|BOOST:0|MUVO:0|EFIT:3",1791342817,1791342918
"2026-10-07 00:15:19","104",10,0,1,0,"IN_SERVICE",true,true,true,"FIT:9|BATTLE:0|BOOST:0|MUVO:0|EFIT:1",1791342759,1791342918
"2026-10-07 00:15:19","105",9,0,7,0,"IN_SERVICE",true,true,true,"FIT:9|BATTLE:0|BOOST:0|MUVO:0|EFIT:0",1791342788,1791342918
"2026-10-07 00:15:19","107",3,0,16,0,"IN_SERVICE",true,true,true,"FIT:3|BATTLE:0|BOOST:0|MUVO:0|EFIT:0",1791342800,1791342918
"2026-10-07 00:15:19","109",15,3,17,0,"IN_SERVICE",true,true,true,"FIT:14|BATTLE:0|BOOST:0|MUVO:0|EFIT:1",1791342739,1791342918
"2026-10-07 00:15:19","111",15,0,3,0,"IN_SERVICE",true,true,true,"FIT:14|BATTLE:0|BOOST:0|MUVO:0|EFIT:1",1791342746,1791342918
"2026-10-07 00:15:19","112",6,1,12,0,"IN_SERVICE",true,true,true,"FIT:5|BATTLE:0|BOOST:0|MUVO:0|EFIT:1",1791342898,1791342918
"2026-10-07 00:15:19","113",1,0,14,0,"IN_SERVICE",true,true,true,"FIT:0|BATTLE:0|BOOST:0|MUVO:0|EFIT:1",1791342812,1791342918
"2026-10-07 00:15:19","114",11,0,10,0,"IN_SERVICE",true,true,true,"FIT:4|BATTLE:0|BOOST:0|MUVO:0|EFIT:7",1791342804,1791342918
"2026-10-07 00:15:19","116",4,1,12,0,"IN_SERVICE",true,true,true,"FIT:4|BATTLE:0|BOOST:0|MUVO:0|EFIT:0",1791342842,1791342918
"2026-10-07 00:15:19","117",23,0,4,0,"IN_SERVICE",true,true,true,"FIT:21|BATTLE:0|BOOST:0|MUVO:0|EFIT:2",1791342780,1791342918
"2026-10-07 00:15:19","118",11,0,4,0,"IN_SERVICE",true,true,true,"FIT:11|BATTLE:0|BOOST:0|MUVO:0|EFIT:0",1791342839,1791342918
"2026-10-07 00:15:19","119",10,0,1,0,"IN_SERVICE",true,true,true,"FIT:8|BATTLE:0|BOOST:0|MUVO:0|EFIT:2",1791342909,1791342918
"2026-10-07 00:15:19","120",12,1,10,0,"IN_SERVICE",true,true,true,"FIT:11|BATTLE:0|BOOST:0|MUVO:0|EFIT:1",1791342774,1791342918
"2026-10-07 00:15:19","121",12,0,11,0,"IN_SERVICE",true,true,true,"FIT:11|BATTLE:0|BOOST:0|MUVO:0|EFIT:1",1791342779,1791342918
"2026-10-07 00:15:19","122",10,0,13,0,"IN_SERVICE",true,true,true,"FIT:10|BATTLE:0|BOOST:0|MUVO:0|EFIT:0",1791342789,1791342918
"2026-10-07 00:15:19","123",0,1,13,0,"IN_SERVICE",true,true,true,"FIT:0|BATTLE:0|BOOST:0|MUVO:0|EFIT:0",1791342820,1791342918
"2026-10-07 00:15:19","124",2,0,13,0,"IN_SERVICE",true,true,true,"FIT:1|BATTLE:0|BOOST:0|MUVO:0|EFIT:1",1791342783,1791342918
"2026-10-07 00:15:19","125",10,0,9,0,"IN_SERVICE",true,true,true,"FIT:9|BATTLE:0|BOOST:0|MUVO:0|EFIT:1",1791342821,1791342918
"2026-10-07 00:15:19","126",7,2,6,0,"IN_SERVICE",true,true,true,"FIT:6|BATTLE:0|BOOST:0|MUVO:0|EFIT:1",1791342781,1791342918
"2026-10-07 00:15:19","127",11,1,3,0,"IN_SERVICE",true,true,true,"FIT:10|BATTLE:0|BOOST:0|MUVO:0|EFIT:1",1791342886,1791342918
"2026-10-07 00:15:19","128",16,0,3,0,"IN_SERVICE",true,true,true,"FIT:15|BATTLE:0|BOOST:0|MUVO:0|EFIT:1",1791342781,1791342918
"2026-10-07 00:15:19","129",4,2,5,0,"IN_SERVICE",true,true,true,"FIT:3|BATTLE:0|BOOST:0|MUVO:0|EFIT:1",1791342917,1791342918
"2026-10-07 00:15:19","131",16,2,5,0,"IN_SERVICE",true,true,true,"FIT:16|BATTLE:0|BOOST:0|MUVO:0|EFIT:0",1791342784,1791342918
"2026-10-07 00:15:19","132",10,0,9,0,"IN_SERVICE",true,true,true,"FIT:9|BATTLE:0|BOOST:0|MUVO:0|EFIT:1",1791342757,1791342918
"2026-10-07 00:15:19","133",4,0,11,0,"IN_SERVICE",true,true,true,"FIT:4|BATTLE:0|BOOST:0|MUVO:0|EFIT:0",1791342830,1791342918
"2026-10-07 00:15:19","134",0,1,22,0,"IN_SERVICE",true,true,true,"FIT:0|BATTLE:0|BOOST:0|MUVO:0|EFIT:0",1791342852,1791342918
"2026-10-07 00:15:19","136",5,0,9,1,"IN_SERVICE",true,true,true,"FIT:3|BATTLE:0|BOOST:0|MUVO:0|EFIT:2",1791342848,1791342918
"2026-10-07 00:15:19","137",16,1,2,0,"IN_SERVICE",true,true,true,"FIT:14|BATTLE:0|BOOST:0|MUVO:0|EFIT:2",1791342794,1791342918
"2026-10-07 00:15:19","138",10,1,4,0,"IN_SERVICE",true,true,true,"FIT:10|BATTLE:0|BOOST:0|MUVO:0|EFIT:0",1791342878,1791342918
"2026-10-07 00:15:19","139",21,2,0,0,"IN_SERVICE",true,true,true,"FIT:20|BATTLE:0|BOOST:0|MUVO:0|EFIT:1",1791342742,1791342918
"2026-10-07 00:15:19","140",18,0,10,1,"IN_SERVICE",true,true,true,"FIT:13|BATTLE:0|BOOST:0|MUVO:0|EFIT:5",1791342877,1791342918
"2026-10-07 00:15:19","141",7,0,8,0,"IN_SERVICE",true,true,true,"FIT:7|BATTLE:0|BOOST:0|MUVO:0|EFIT:0",1791342792,1791342918
"2026-10-07 00:15:19","142",4,2,13,0,"IN_SERVICE",true,true,true,"FIT:2|BATTLE:0|BOOST:0|MUVO:0|EFIT:2",1791342779,1791342918
"2026-10-07 00:15:19","143",2,0,13,0,"IN_SERVICE",true,true,true,"FIT:2|BATTLE:0|BOOST:0|MUVO:0|EFIT:0",1791342870,1791342918
"2026-10-07 00:15:19","145",7,0,12,0,"IN_SERVICE",true,true,true,"FIT:4|BATTLE:0|BOOST:0|MUVO:0|EFIT:3",1791342882,1791342918
"2026-10-07 00:15:19","146",9,0,6,0,"IN_SERVICE",true,true,true,"FIT:9|BATTLE:0|BOOST:0|MUVO:0|EFIT:0",1791342750,1791342918
"2026-10-07 00:15:19","148",1,0,14,0,"IN_SERVICE",true,true,true,"FIT:1|BATTLE:0|BOOST:0|MUVO:0|EFIT:0",1791342780,1791342918
"2026-10-07 00:15:19","149",3,0,12,0,"IN_SERVICE",true,true,true,"FIT:2|BATTLE:0|BOOST:0|MUVO:0|EFIT:1",1791342746,1791342918
"2026-10-07 00:15:19","150",3,0,12,0,"IN_SERVICE",true,true,true,"FIT:3|BATTLE:0|BOOST:0|MUVO:0|EFIT:0",1791342760,1791342918
"2026-10-07 00:15:19","152",2,2,7,0,"IN_SERVICE",true,true,true,"FIT:2|BATTLE:0|BOOST:0|MUVO:0|EFIT:0",1791342869,1791342918
"2026-10-07 00:15:19","153",7,0,12,0,"IN_SERVICE",true,true,true,"FIT:6|BATTLE:0|BOOST:0|MUVO:0|EFIT:1",1791342900,1791342918
"2026-10-07 00:15:19","154",9,0,8,0,"IN_SERVICE",true,true,true,"FIT:9|BATTLE:0|BOOST:0|MUVO:0|EFIT:0",1791342808,1791342918
"2026-10-07 00:15:19","155",15,0,4,0,"IN_SERVICE",true,true,true,"FIT:15|BATTLE:0|BOOST:0|MUVO:0|EFIT:0",1791342779,1791342918
"2026-10-07 00:15:19","157",9,0,10,0,"IN_SERVICE",true,true,true,"FIT:9|BATTLE:0|BOOST:0|MUVO:0|EFIT:0",1791342795,1791342918
"2026-10-07 00:15:19","158",14,1,4,0,"IN_SERVICE",true,true,true,"FIT:14|BATTLE:0|BOOST:0|MUVO:0|EFIT:0",1791342850,1791342918
"2026-10-07 00:15:19","159",4,1,10,0,"IN_SERVICE",true,true,true,"FIT:4|BATTLE:0|BOOST:0|MUVO:0|EFIT:0",1791342826,1791342918
"2026-10-07 00:15:19","160",1,0,12,0,"IN_SERVICE",true,true,true,"FIT:1|BATTLE:0|BOOST:0|MUVO:0|EFIT:0",1791342885,1791342918
"2026-10-07 00:15:19","161",4,1,6,0,"IN_SERVICE",true,true,true,"FIT:4|BATTLE:0|BOOST:0|MUVO:0|EFIT:0",1791342904,1791342918
"2026-10-07 00:15:19","162",7,0,10,0,"IN_SERVICE",true,true,true,"FIT:7|BATTLE:0|BOOST:0|MUVO:0|EFIT:0",1791342910,1791342918
"2026-10-07 00:15:19","163",11,1,5,0,"IN_SERVICE",true,true,true,"FIT:8|BATTLE:0|BOOST:0|MUVO:0|EFIT:3",1791342770,1791342918
"2026-10-07 00:15:19","164",6,0,11,0,"IN_SERVICE",true,true,true,"FIT:6|BATTLE:0|BOOST:0|MUVO:0|EFIT:0",1791342828,1791342918
"2026-10-07 00:15:19","165",8,0,7,0,"IN_SERVICE",true,true,true,"FIT:8|BATTLE:0|BOOST:0|MUVO:0|EFIT:0",1791342745,1791342918
"2026-10-07 00:15:19","166",11,0,0,0,"IN_SERVICE",true,true,true,"FIT:11|BATTLE:0|BOOST:0|MUVO:0|EFIT:0",1791342774,1791342918
"2026-10-07 00:15:19","167",3,0,28,0,"IN_SERVICE",true,true,true,"FIT:3|BATTLE:0|BOOST:0|MUVO:0|EFIT:0",1791342860,1791342918
"2026-10-07 00:15:19","168",4,0,14,1,"IN_SERVICE",true,true,true,"FIT:4|BATTLE:0|BOOST:0|MUVO:0|EFIT:0",1791342915,1791342918
"2026-10-07 00:15:19","169",9,1,5,0,"IN_SERVICE",true,true,true,"FIT:9|BATTLE:0|BOOST:0|MUVO:0|EFIT:0",1791342868,1791342918
"2026-10-07 00:15:19","170",13,0,1,1,"IN_SERVICE",true,true,true,"FIT:13|BATTLE:0|BOOST:0|MUVO:0|EFIT:0",1791342880,1791342918
"2026-10-07 00:15:19","171",3,0,7,1,"IN_SERVICE",true,true,true,"FIT:3|BATTLE:0|BOOST:0|MUVO:0|EFIT:0",1791342862,1791342918
"2026-10-07 00:15:19","172",9,0,2,0,"IN_SERVICE",true,true,true,"FIT:9|BATTLE:0|BOOST:0|MUVO:0|EFIT:0",1791342743,1791342918
"2026-10-07 00:15:19","173",5,0,10,0,"IN_SERVICE",true,true,true,"FIT:5|BATTLE:0|BOOST:0|MUVO:0|EFIT:0",1791342814,1791342918
"2026-10-07 00:15:19","174",3,0,12,0,"IN_SERVICE",true,true,true,"FIT:3|BATTLE:0|BOOST:0|MUVO:0|EFIT:0",1791321398,1791342918
"2026-10-07 00:15:19","175",21,0,1,0,"IN_SERVICE",true,true,true,"FIT:21|BATTLE:0|BOOST:0|MUVO:0|EFIT:0",1791342826,1791342918
"2026-10-07 00:15:19","176",9,1,5,0,"IN_SERVICE",true,true,true,"FIT:9|BATTLE:0|BOOST:0|MUVO:0|EFIT:0",1791342887,1791342918
"2026-10-07 00:15:19","177",2,0,13,0,"IN_SERVICE",true,true,true,"FIT:2|BATTLE:0|BOOST:0|MUVO:0|EFIT:0",1791342799,1791342918
"2026-10-07 00:15:19","178",14,0,3,2,"IN_SERVICE",true,true,true,"FIT:14|BATTLE:0|BOOST:0|MUVO:0|EFIT:0",1791342917,1791342918
"2026-10-07 00:15:19","179",19,0,0,0,"IN_SERVICE",true,true,true,"FIT:19|BATTLE:0|BOOST:0|MUVO:0|EFIT:0",1791342886,1791342918
"2026-10-07 00:15:19","180",10,0,5,0,"IN_SERVICE",true,true,true,"FIT:10|BATTLE:0|BOOST:0|MUVO:0|EFIT:0",1791342859,1791342918
"2026-10-07 00:15:19","181",13,1,1,0,"IN_SERVICE",true,true,true,"FIT:13|BATTLE:0|BOOST:0|MUVO:0|EFIT:0",1791342760,1791342918
"2026-10-07 00:15:19","182",10,0,9,0,"IN_SERVICE",true,true,true,"FIT:10|BATTLE:0|BOOST:0|MUVO:0|EFIT:0",1791342850,1791342918
"2026-10-07 00:15:19","183",2,0,17,0,"IN_SERVICE",true,true,true,"FIT:2|BATTLE:0|BOOST:0|MUVO:0|EFIT:0",1791342888,1791342918
"2026-10-07 00:15:19","184",8,0,11,0,"IN_SERVICE",true,true,true,"FIT:8|BATTLE:0|BOOST:0|MUVO:0|EFIT:0",1791342862,1791342918
"2026-10-07 00:15:19","185",3,3,13,0,"IN_SERVICE",true,true,true,"FIT:3|BATTLE:0|BOOST:0|MUVO:0|EFIT:0",1791342746,1791342918
"2026-10-07 00:15:19","186",4,0,7,0,"IN_SERVICE",true,true,true,"FIT:4|BATTLE:0|BOOST:0|MUVO:0|EFIT:0",1791342814,1791342918
"2026-10-07 00:15:19","187",6,0,11,0,"IN_SERVICE",true,true,true,"FIT:6|BATTLE:0|BOOST:0|MUVO:0|EFIT:0",1791342913,1791342918
"2026-10-07 00:15:19","188",10,0,6,1,"IN_SERVICE",true,true,true,"FIT:10|BATTLE:0|BOOST:0|MUVO:0|EFIT:0",1791342746,1791342918
"2026-10-07 00:15:19","189",6,0,9,0,"IN_SERVICE",true,true,true,"FIT:6|BATTLE:0|BOOST:0|MUVO:0|EFIT:0",1791342743,1791342918
"2026-10-07 00:15:19","190",5,0,25,1,"IN_SERVICE",true,true,true,"FIT:5|BATTLE:0|BOOST:0|MUVO:0|EFIT:0",1791342893,1791342918
"2026-10-07 00:15:19","192",2,0,8,0,"IN_SERVICE",true,true,true,"FIT:2|BATTLE:0|BOOST:0|MUVO:0|EFIT:0",1791342855,1791342918
"2026-10-07 00:15:19","193",8,0,7,0,"IN_SERVICE",true,true,true,"FIT:8|BATTLE:0|BOOST:0|MUVO:0|EFIT:0",1791342885,1791342918
"2026-10-07 00:15:19","194",3,0,14,0,"IN_SERVICE",true,true,true,"FIT:3|BATTLE:0|BOOST:0|MUVO:0|EFIT:0",1791342899,1791342918
"2026-10-07 00:15:19","195",14,0,1,0,"IN_SERVICE",true,true,true,"FIT:14|BATTLE:0|BOOST:0|MUVO:0|EFIT:0",1791342812,1791342918
"2026-10-07 00:15:19","196",10,0,5,0,"IN_SERVICE",true,true,true,"FIT:10|BATTLE:0|BOOST:0|MUVO:0|EFIT:0",1791342913,1791342918
"2026-10-07 00:15:19","197",3,0,11,1,"IN_SERVICE",true,true,true,"FIT:3|BATTLE:0|BOOST:0|MUVO:0|EFIT:0",1791342909,1791342918
"2026-10-07 00:15:19","198",10,0,5,0,"IN_SERVICE",true,true,true,"FIT:10|BATTLE:0|BOOST:0|MUVO:0|EFIT:0",1791342805,1791342918
"2026-10-07 00:15:19","199",22,1,4,0,"IN_SERVICE",true,true,true,"FIT:22|BATTLE:0|BOOST:0|MUVO:0|EFIT:0",1791342779,1791342918
"2026-10-07 00:15:19","200",8,2,5,0,"IN_SERVICE",true,true,true,"FIT:8|BATTLE:0|BOOST:0|MUVO:0|EFIT:0",1791342863,1791342918
"2026-10-07 00:15:19","201",14,0,1,0,"IN_SERVICE",true,true,true,"FIT:14|BATTLE:0|BOOST:0|MUVO:0|EFIT:0",1791342808,1791342918
"2026-10-07 00:15:19","202",2,0,17,0,"IN_SERVICE",true,true,true,"FIT:2|BATTLE:0|BOOST:0|MUVO:0|EFIT:0",1791342832,1791342918
"2026-10-07 00:15:19","203",0,0,18,1,"IN_SERVICE",true,true,true,"FIT:0|BATTLE:0|BOOST:0|MUVO:0|EFIT:0",1791342841,1791342918
"2026-10-07 00:15:19","204",2,1,15,0,"IN_SERVICE",true,true,true,"FIT:2|BATTLE:0|BOOST:0|MUVO:0|EFIT:0",1791342839,1791342918
"2026-10-07 00:15:19","205",1,0,16,0,"IN_SERVICE",true,true,true,"FIT:1|BATTLE:0|BOOST:0|MUVO:0|EFIT:0",1791342831,1791342918
"2026-10-07 00:15:19","206",7,2,6,0,"IN_SERVICE",true,true,true,"FIT:6|BATTLE:0|BOOST:0|MUVO:0|EFIT:1",1791342875,1791342918
"2026-10-07 00:15:19","207",4,2,18,0,"IN_SERVICE",true,true,true,"FIT:4|BATTLE:0|BOOST:0|MUVO:0|EFIT:0",1791342744,1791342918
"2026-10-07 00:15:19","208",2,0,15,0,"IN_SERVICE",true,true,true,"FIT:1|BATTLE:0|BOOST:0|MUVO:0|EFIT:1",1791342809,1791342918
"2026-10-07 00:15:19","209",3,1,15,0,"IN_SERVICE",true,true,true,"FIT:3|BATTLE:0|BOOST:0|MUVO:0|EFIT:0",1791342857,1791342918
"2026-10-07 00:15:19","210",27,1,1,0,"IN_SERVICE",true,true,true,"FIT:26|BATTLE:0|BOOST:0|MUVO:0|EFIT:1",1791342824,1791342918
"2026-10-07 00:15:19","212",2,0,12,1,"IN_SERVICE",true,true,true,"FIT:2|BATTLE:0|BOOST:0|MUVO:0|EFIT:0",1791342834,1791342918
"2026-10-07 00:15:19","213",5,0,14,0,"IN_SERVICE",true,true,true,"FIT:5|BATTLE:0|BOOST:0|MUVO:0|EFIT:0",1791342810,1791342918
"2026-10-07 00:15:19","214",8,1,13,0,"IN_SERVICE",true,true,true,"FIT:8|BATTLE:0|BOOST:0|MUVO:0|EFIT:0",1791342755,1791342918
"2026-10-07 00:15:19","215",1,0,21,1,"IN_SERVICE",true,true,true,"FIT:1|BATTLE:0|BOOST:0|MUVO:0|EFIT:0",1791342822,1791342918
"2026-10-07 00:15:19","217",14,0,1,0,"IN_SERVICE",true,true,true,"FIT:14|BATTLE:0|BOOST:0|MUVO:0|EFIT:0",1791342897,1791342918
"2026-10-07 00:15:19","220",10,2,7,0,"IN_SERVICE",true,true,true,"FIT:9|BATTLE:0|BOOST:0|MUVO:0|EFIT:1",1791342797,1791342918
"2026-10-07 00:15:19","221",12,0,1,0,"IN_SERVICE",true,true,true,"FIT:12|BATTLE:0|BOOST:0|MUVO:0|EFIT:0",1791342783,1791342918
"2026-10-07 00:15:19","222",5,1,9,0,"IN_SERVICE",true,true,true,"FIT:5|BATTLE:0|BOOST:0|MUVO:0|EFIT:0",1791342888,1791342918
"2026-10-07 00:15:19","223",15,1,1,0,"IN_SERVICE",true,true,true,"FIT:15|BATTLE:0|BOOST:0|MUVO:0|EFIT:0",1791342736,1791342918
"2026-10-07 00:15:19","224",1,1,13,0,"IN_SERVICE",true,true,true,"FIT:1|BATTLE:0|BOOST:0|MUVO:0|EFIT:0",1791342897,1791342918
"2026-10-07 00:15:19","225",8,1,2,0,"IN_SERVICE",true,true,true,"FIT:6|BATTLE:0|BOOST:0|MUVO:0|EFIT:2",1791342911,1791342918
"2026-10-07 00:15:19","226",22,0,1,0,"IN_SERVICE",true,true,true,"FIT:21|BATTLE:0|BOOST:0|MUVO:0|EFIT:1",1791342844,1791342918
"2026-10-07 00:15:19","228",9,0,8,2,"IN_SERVICE",true,true,true,"FIT:9|BATTLE:0|BOOST:0|MUVO:0|EFIT:0",1791342822,1791342918
"2026-10-07 00:15:19","229",5,0,11,1,"IN_SERVICE",true,true,true,"FIT:5|BATTLE:0|BOOST:0|MUVO:0|EFIT:0",1791342750,1791342918
"2026-10-07 00:15:19","230",14,1,4,0,"IN_SERVICE",true,true,true,"FIT:13|BATTLE:0|BOOST:0|MUVO:0|EFIT:1",1791342775,1791342918
"2026-10-07 00:15:19","231",10,3,0,2,"IN_SERVICE",true,true,true,"FIT:10|BATTLE:0|BOOST:0|MUVO:0|EFIT:0",1791342783,1791342918
"2026-10-07 00:15:19","232",18,1,10,0,"IN_SERVICE",true,true,true,"FIT:18|BATTLE:0|BOOST:0|MUVO:0|EFIT:0",1791342778,1791342918
"2026-10-07 00:15:19","233",14,1,16,0,"IN_SERVICE",true,true,true,"FIT:14|BATTLE:0|BOOST:0|MUVO:0|EFIT:0",1791342806,1791342918
"2026-10-07 00:15:19","234",10,0,5,0,"IN_SERVICE",true,true,true,"FIT:8|BATTLE:0|BOOST:0|MUVO:0|EFIT:2",1791342754,1791342918
"2026-10-07 00:15:19","235",1,0,13,1,"IN_SERVICE",true,true,true,"FIT:1|BATTLE:0|BOOST:0|MUVO:0|EFIT:0",1791342896,1791342918
"2026-10-07 00:15:19","236",3,0,12,0,"IN_SERVICE",true,true,true,"FIT:3|BATTLE:0|BOOST:0|MUVO:0|EFIT:0",1791342824,1791342918
"2026-10-07 00:15:19","237",4,0,10,0,"IN_SERVICE",true,true,true,"FIT:4|BATTLE:0|BOOST:0|MUVO:0|EFIT:0",1791342769,1791342918
"2026-10-07 00:15:19","238",2,0,12,0,"IN_SERVICE",true,true,true,"FIT:2|BATTLE:0|BOOST:0|MUVO:0|EFIT:0",1791342883,1791342918
"2026-10-07 00:15:19","239",3,0,12,0,"IN_SERVICE",true,true,true,"FIT:3|BATTLE:0|BOOST:0|MUVO:0|EFIT:0",1791342783,1791342918
"2026-10-07 00:15:19","240",3,0,11,0,"IN_SERVICE",true,true,true,"FIT:3|BATTLE:0|BOOST:0|MUVO:0|EFIT:0",1791342760,1791342918
"2026-10-07 00:15:19","241",2,0,13,0,"IN_SERVICE",true,true,true,"FIT:2|BATTLE:0|BOOST:0|MUVO:0|EFIT:0",1791342867,1791342918
"2026-10-07 00:15:19","242",8,1,5,0,"IN_SERVICE",true,true,true,"FIT:8|BATTLE:0|BOOST:0|MUVO:0|EFIT:0",1791342749,1791342918
"2026-10-07 00:15:19","244",2,0,9,0,"IN_SERVICE",true,true,true,"FIT:2|BATTLE:0|BOOST:0|MUVO:0|EFIT:0",1791342893,1791342918
"2026-10-07 00:15:19","246",4,0,11,0,"IN_SERVICE",true,true,true,"FIT:4|BATTLE:0|BOOST:0|MUVO:0|EFIT:0",1791342741,1791342918
"2026-10-07 00:15:19","247",2,0,16,0,"IN_SERVICE",true,true,true,"FIT:2|BATTLE:0|BOOST:0|MUVO:0|EFIT:0",1791338703,1791342918
"2026-10-07 00:15:19","248",5,0,10,0,"IN_SERVICE",true,true,true,"FIT:5|BATTLE:0|BOOST:0|MUVO:0|EFIT:0",1791342901,1791342918
"2026-10-07 00:15:19","250",2,0,9,0,"IN_SERVICE",true,true,true,"FIT:2|BATTLE:0|BOOST:0|MUVO:0|EFIT:0",1791342915,1791342918
"2026-10-07 00:15:19","252",2,0,17,0,"IN_SERVICE",true,true,true,"FIT:2|BATTLE:0|BOOST:0|MUVO:0|EFIT:0",1791342889,1791342918
"2026-10-07 00:15:19","253",4,0,7,0,"IN_SERVICE",true,true,true,"FIT:4|BATTLE:0|BOOST:0|MUVO:0|EFIT:0",1791342789,1791342918
"2026-10-07 00:15:19","254",0,0,11,0,"IN_SERVICE",true,true,true,"FIT:0|BATTLE:0|BOOST:0|MUVO:0|EFIT:0",1791342847,1791342918
"2026-10-07 00:15:19","255",2,0,9,0,"IN_SERVICE",true,true,true,"FIT:2|BATTLE:0|BOOST:0|MUVO:0|EFIT:0",1791342846,1791342918
"2026-10-07 00:15:19","256",7,1,7,0,"IN_SERVICE",true,true,true,"FIT:7|BATTLE:0|BOOST:0|MUVO:0|EFIT:0",1791342813,1791342918
"2026-10-07 00:15:19","257",1,1,22,0,"IN_SERVICE",true,true,true,"FIT:1|BATTLE:0|BOOST:0|MUVO:0|EFIT:0",1791342776,1791342918
"2026-10-07 00:15:19","259",9,0,8,0,"IN_SERVICE",true,true,true,"FIT:9|BATTLE:0|BOOST:0|MUVO:0|EFIT:0",1791342842,1791342918
"2026-10-07 00:15:19","260",2,0,25,0,"IN_SERVICE",true,true,true,"FIT:2|BATTLE:0|BOOST:0|MUVO:0|EFIT:0",1791342905,1791342918
"2026-10-07 00:15:19","261",3,0,12,0,"IN_SERVICE",true,true,true,"FIT:3|BATTLE:0|BOOST:0|MUVO:0|EFIT:0",1791342782,1791342918
"2026-10-07 00:15:19","262",5,0,9,1,"IN_SERVICE",true,true,true,"FIT:5|BATTLE:0|BOOST:0|MUVO:0|EFIT:0",1791342869,1791342918
"2026-10-07 00:15:19","263",9,0,2,0,"IN_SERVICE",true,true,true,"FIT:9|BATTLE:0|BOOST:0|MUVO:0|EFIT:0",1791342762,1791342918
"2026-10-07 00:15:19","271",7,0,4,0,"IN_SERVICE",true,true,true,"FIT:7|BATTLE:0|BOOST:0|MUVO:0|EFIT:0",1791342739,1791342918
"2026-10-07 00:15:19","273",1,0,15,1,"IN_SERVICE",true,true,true,"FIT:1|BATTLE:0|BOOST:0|MUVO:0|EFIT:0",1791342777,1791342918
"2026-10-07 00:15:19","285",2,0,7,2,"IN_SERVICE",true,true,true,"FIT:1|BATTLE:0|BOOST:0|MUVO:0|EFIT:1",1791342785,1791342918
"2026-10-07 00:15:19","287",2,0,8,1,"IN_SERVICE",true,true,true,"FIT:2|BATTLE:0|BOOST:0|MUVO:0|EFIT:0",1791342896,1791342918
"2026-10-07 00:15:19","290",2,0,9,0,"IN_SERVICE",true,true,true,"FIT:2|BATTLE:0|BOOST:0|MUVO:0|EFIT:0",1791342912,1791342918
"2026-10-07 00:15:19","293",7,0,12,0,"IN_SERVICE",true,true,true,"FIT:7|BATTLE:0|BOOST:0|MUVO:0|EFIT:0",1791342859,1791342918
"2026-10-07 00:15:19","295",5,0,14,0,"IN_SERVICE",true,true,true,"FIT:5|BATTLE:0|BOOST:0|MUVO:0|EFIT:0",1791342859,1791342918
"2026-10-07 00:15:19","299",7,1,3,0,"IN_SERVICE",true,true,true,"FIT:7|BATTLE:0|BOOST:0|MUVO:0|EFIT:0",1791342802,1791342918
"2026-10-07 00:15:19","304",4,0,7,0,"IN_SERVICE",true,true,true,"FIT:4|BATTLE:0|BOOST:0|MUVO:0|EFIT:0",1791342840,1791342918
"2026-10-07 00:15:19","313",4,0,7,0,"IN_SERVICE",true,true,true,"FIT:4|BATTLE:0|BOOST:0|MUVO:0|EFIT:0",1791342825,1791342918
"2026-10-07 00:15:19","314",13,0,3,1,"IN_SERVICE",true,true,true,"FIT:13|BATTLE:0|BOOST:0|MUVO:0|EFIT:0",1791342835,1791342918
"2026-10-07 00:15:19","329",7,0,10,0,"IN_SERVICE",true,true,true,"FIT:1|BATTLE:0|BOOST:0|MUVO:0|EFIT:6",1791342865,1791342918
"2026-10-07 00:15:19","330",2,1,9,0,"IN_SERVICE",true,true,true,"FIT:2|BATTLE:0|BOOST:0|MUVO:0|EFIT:0",1791342887,1791342918
"2026-10-07 00:15:19","336",9,0,8,0,"IN_SERVICE",true,true,true,"FIT:9|BATTLE:0|BOOST:0|MUVO:0|EFIT:0",1791342832,1791342918
"2026-10-07 00:15:19","337",16,0,3,0,"IN_SERVICE",true,true,true,"FIT:16|BATTLE:0|BOOST:0|MUVO:0|EFIT:0",1791342900,1791342918
"2026-10-07 00:15:19","338",16,1,6,0,"IN_SERVICE",true,true,true,"FIT:16|BATTLE:0|BOOST:0|MUVO:0|EFIT:0",1791342823,1791342918
"2026-10-07 00:15:19","339",12,0,5,0,"IN_SERVICE",true,true,true,"FIT:12|BATTLE:0|BOOST:0|MUVO:0|EFIT:0",1791342783,1791342918
"2026-10-07 00:15:19","340",15,0,0,0,"IN_SERVICE",true,true,true,"FIT:15|BATTLE:0|BOOST:0|MUVO:0|EFIT:0",1791342853,1791342918
"2026-10-07 00:15:19","342",5,0,6,0,"IN_SERVICE",true,true,true,"FIT:5|BATTLE:0|BOOST:0|MUVO:0|EFIT:0",1791342844,1791342918
"2026-10-07 00:15:19","343",8,0,7,0,"IN_SERVICE",true,true,true,"FIT:8|BATTLE:0|BOOST:0|MUVO:0|EFIT:0",1791342907,1791342918
"2026-10-07 00:15:19","344",7,0,8,0,"IN_SERVICE",true,true,true,"FIT:3|BATTLE:0|BOOST:0|MUVO:0|EFIT:4",1791342839,1791342918
"2026-10-07 00:15:19","345",8,0,19,0,"IN_SERVICE",true,true,true,"FIT:8|BATTLE:0|BOOST:0|MUVO:0|EFIT:0",1791342854,1791342918
"2026-10-07 00:15:19","346",23,0,6,2,"IN_SERVICE",true,true,true,"FIT:23|BATTLE:0|BOOST:0|MUVO:0|EFIT:0",1791342748,1791342918
"2026-10-07 00:15:19","347",17,0,10,0,"IN_SERVICE",true,true,true,"FIT:16|BATTLE:0|BOOST:0|MUVO:0|EFIT:1",1791342908,1791342918
"2026-10-07 00:15:19","349",14,0,1,0,"IN_SERVICE",true,true,true,"FIT:10|BATTLE:0|BOOST:0|MUVO:0|EFIT:4",1791342886,1791342918
"2026-10-07 00:15:19","350",21,0,2,0,"IN_SERVICE",true,true,true,"FIT:21|BATTLE:0|BOOST:0|MUVO:0|EFIT:0",1791342911,1791342918
"2026-10-07 00:15:19","351",12,0,7,0,"IN_SERVICE",true,true,true,"FIT:12|BATTLE:0|BOOST:0|MUVO:0|EFIT:0",1791342843,1791342918
"2026-10-07 00:15:19","352",9,2,0,0,"IN_SERVICE",true,true,true,"FIT:9|BATTLE:0|BOOST:0|MUVO:0|EFIT:0",1791342909,1791342918
"2026-10-07 00:15:19","353",7,0,8,0,"IN_SERVICE",true,true,true,"FIT:7|BATTLE:0|BOOST:0|MUVO:0|EFIT:0",1791342894,1791342918
"2026-10-07 00:15:19","354",10,0,0,1,"IN_SERVICE",true,true,true,"FIT:10|BATTLE:0|BOOST:0|MUVO:0|EFIT:0",1791342611,1791342918
"2026-10-07 00:15:19","355",1,0,10,0,"IN_SERVICE",true,true,true,"FIT:1|BATTLE:0|BOOST:0|MUVO:0|EFIT:0",1791342775,1791342918
"2026-10-07 00:15:19","356",14,0,1,0,"IN_SERVICE",true,true,true,"FIT:14|BATTLE:0|BOOST:0|MUVO:0|EFIT:0",1791342748,1791342918
"2026-10-07 00:15:19","357",6,1,10,0,"IN_SERVICE",true,true,true,"FIT:6|BATTLE:0|BOOST:0|MUVO:0|EFIT:0",1791342790,1791342918
"2026-10-07 00:15:19","358",1,0,14,0,"IN_SERVICE",true,true,true,"FIT:1|BATTLE:0|BOOST:0|MUVO:0|EFIT:0",1791342743,1791342918
"2026-10-07 00:15:19","360",9,0,2,0,"IN_SERVICE",true,true,true,"FIT:9|BATTLE:0|BOOST:0|MUVO:0|EFIT:0",1791342875,1791342918
"2026-10-07 00:15:19","361",4,2,9,2,"IN_SERVICE",true,true,true,"FIT:4|BATTLE:0|BOOST:0|MUVO:0|EFIT:0",1791342737,1791342918
"2026-10-07 00:15:19","362",15,0,8,0,"IN_SERVICE",true,true,true,"FIT:11|BATTLE:0|BOOST:0|MUVO:0|EFIT:4",1791342824,1791342918
"2026-10-07 00:15:19","363",7,0,4,0,"IN_SERVICE",true,true,true,"FIT:7|BATTLE:0|BOOST:0|MUVO:0|EFIT:0",1791342848,1791342918
"2026-10-07 00:15:19","364",16,0,7,0,"IN_SERVICE",true,true,true,"FIT:16|BATTLE:0|BOOST:0|MUVO:0|EFIT:0",1791342247,1791342918
"2026-10-07 00:15:19","365",2,0,9,0,"IN_SERVICE",true,true,true,"FIT:2|BATTLE:0|BOOST:0|MUVO:0|EFIT:0",1791342763,1791342918
"2026-10-07 00:15:19","366",8,0,19,0,"IN_SERVICE",true,true,true,"FIT:8|BATTLE:0|BOOST:0|MUVO:0|EFIT:0",1791342836,1791342918
"2026-10-07 00:15:19","367",18,0,13,0,"IN_SERVICE",true,true,true,"FIT:18|BATTLE:0|BOOST:0|MUVO:0|EFIT:0",1791342862,1791342918
"2026-10-07 00:15:19","370",3,1,13,0,"IN_SERVICE",true,true,true,"FIT:3|BATTLE:0|BOOST:0|MUVO:0|EFIT:0",1791342789,1791342918
"2026-10-07 00:15:19","371",14,1,0,0,"IN_SERVICE",true,true,true,"FIT:14|BATTLE:0|BOOST:0|MUVO:0|EFIT:0",1791342742,1791342918
"2026-10-07 00:15:19","372",6,1,8,0,"IN_SERVICE",true,true,true,"FIT:3|BATTLE:0|BOOST:0|MUVO:0|EFIT:3",1791342831,1791342918
"2026-10-07 00:15:19","373",12,1,1,0,"IN_SERVICE",true,true,true,"FIT:7|BATTLE:0|BOOST:0|MUVO:0|EFIT:5",1791342763,1791342918
"2026-10-07 00:15:19","374",12,0,7,0,"IN_SERVICE",true,true,true,"FIT:11|BATTLE:0|BOOST:0|MUVO:0|EFIT:1",1791342846,1791342918
"2026-10-07 00:15:19","375",9,0,5,1,"IN_SERVICE",true,true,true,"FIT:9|BATTLE:0|BOOST:0|MUVO:0|EFIT:0",1791342745,1791342918
"2026-10-07 00:15:19","376",6,0,5,0,"IN_SERVICE",true,true,true,"FIT:6|BATTLE:0|BOOST:0|MUVO:0|EFIT:0",1791342736,1791342918
"2026-10-07 00:15:19","377",18,0,1,0,"IN_SERVICE",true,true,true,"FIT:18|BATTLE:0|BOOST:0|MUVO:0|EFIT:0",1791342797,1791342918
"2026-10-07 00:15:19","378",11,1,3,0,"IN_SERVICE",true,true,true,"FIT:11|BATTLE:0|BOOST:0|MUVO:0|EFIT:0",1791342869,1791342918
"2026-10-07 00:15:19","379",11,0,6,0,"IN_SERVICE",true,true,true,"FIT:8|BATTLE:0|BOOST:0|MUVO:0|EFIT:3",1791342749,1791342918
"2026-10-07 00:15:19","381",9,0,6,0,"IN_SERVICE",true,true,true,"FIT:9|BATTLE:0|BOOST:0|MUVO:0|EFIT:0",1791342880,1791342918
"2026-10-07 00:15:19","382",3,0,16,0,"IN_SERVICE",true,true,true,"FIT:3|BATTLE:0|BOOST:0|MUVO:0|EFIT:0",1791342809,1791342918
"2026-10-07 00:15:19","383",4,0,7,0,"IN_SERVICE",true,true,true,"FIT:4|BATTLE:0|BOOST:0|MUVO:0|EFIT:0",1791342747,1791342918
"2026-10-07 00:15:19","384",2,0,13,0,"IN_SERVICE",true,true,true,"FIT:2|BATTLE:0|BOOST:0|MUVO:0|EFIT:0",1791342856,1791342918
"2026-10-07 00:15:19","389",3,0,8,0,"IN_SERVICE",true,true,true,"FIT:2|BATTLE:0|BOOST:0|MUVO:0|EFIT:1",1791342818,1791342918
"2026-10-07 00:15:19","391",11,0,6,0,"IN_SERVICE",true,true,true,"FIT:11|BATTLE:0|BOOST:0|MUVO:0|EFIT:0",1791342903,1791342918
"2026-10-07 00:15:19","404",26,0,1,0,"IN_SERVICE",true,true,true,"FIT:25|BATTLE:0|BOOST:0|MUVO:0|EFIT:1",1791342854,1791342918
"2026-10-07 00:15:19","416",11,0,4,0,"IN_SERVICE",true,true,true,"FIT:11|BATTLE:0|BOOST:0|MUVO:0|EFIT:0",1791342852,1791342918
"2026-10-07 00:15:19","417",10,2,2,1,"IN_SERVICE",true,true,true,"FIT:10|BATTLE:0|BOOST:0|MUVO:0|EFIT:0",1791342819,1791342918
"2026-10-07 00:15:19","418",2,2,15,0,"IN_SERVICE",true,true,true,"FIT:0|BATTLE:0|BOOST:0|MUVO:0|EFIT:2",1791342857,1791342918
"2026-10-07 00:15:19","419",5,2,9,3,"IN_SERVICE",true,true,true,"FIT:2|BATTLE:0|BOOST:0|MUVO:0|EFIT:3",1791342801,1791342918
"2026-10-07 00:15:19","421",19,0,3,1,"IN_SERVICE",true,true,true,"FIT:9|BATTLE:0|BOOST:0|MUVO:0|EFIT:10",1791342862,1791342918
"2026-10-07 00:15:19","422",10,0,1,0,"IN_SERVICE",true,true,true,"FIT:10|BATTLE:0|BOOST:0|MUVO:0|EFIT:0",1791342819,1791342918
"2026-10-07 00:15:19","424",14,0,5,0,"IN_SERVICE",true,true,true,"FIT:14|BATTLE:0|BOOST:0|MUVO:0|EFIT:0",1791342880,1791342918
"2026-10-07 00:15:19","425",4,0,23,0,"IN_SERVICE",true,true,true,"FIT:3|BATTLE:0|BOOST:0|MUVO:0|EFIT:1",1791342801,1791342918
"2026-10-07 00:15:19","426",9,0,6,0,"IN_SERVICE",true,true,true,"FIT:6|BATTLE:0|BOOST:0|MUVO:0|EFIT:3",1791342839,1791342918
"2026-10-07 00:15:19","427",4,1,10,0,"IN_SERVICE",true,true,true,"FIT:4|BATTLE:0|BOOST:0|MUVO:0|EFIT:0",1791342849,1791342918
"2026-10-07 00:15:19","429",2,2,11,0,"IN_SERVICE",true,true,true,"FIT:2|BATTLE:0|BOOST:0|MUVO:0|EFIT:0",1791342806,1791342918
"2026-10-07 00:15:19","430",11,0,4,0,"IN_SERVICE",true,true,true,"FIT:3|BATTLE:0|BOOST:0|MUVO:0|EFIT:8",1791342762,1791342918
"2026-10-07 00:15:19","431",9,0,2,0,"IN_SERVICE",true,true,true,"FIT:6|BATTLE:0|BOOST:0|MUVO:0|EFIT:3",1791342908,1791342918
"2026-10-07 00:15:19","432",0,0,11,0,"IN_SERVICE",true,true,true,"FIT:0|BATTLE:0|BOOST:0|MUVO:0|EFIT:0",1791342908,1791342918
"2026-10-07 00:15:19","433",2,0,9,0,"IN_SERVICE",true,true,true,"FIT:2|BATTLE:0|BOOST:0|MUVO:0|EFIT:0",1791342748,1791342918
"2026-10-07 00:15:19","434",10,0,12,1,"IN_SERVICE",true,true,true,"FIT:10|BATTLE:0|BOOST:0|MUVO:0|EFIT:0",1791342825,1791342918
"2026-10-07 00:15:19","435",18,0,1,0,"IN_SERVICE",true,true,true,"FIT:9|BATTLE:0|BOOST:0|MUVO:0|EFIT:9",1791342739,1791342918
"2026-10-07 00:15:19","436",8,1,2,0,"IN_SERVICE",true,true,true,"FIT:3|BATTLE:0|BOOST:0|MUVO:0|EFIT:5",1791342814,1791342918
"2026-10-07 00:15:19","437",11,0,0,0,"IN_SERVICE",true,true,true,"FIT:9|BATTLE:0|BOOST:0|MUVO:0|EFIT:2",1791342741,1791342918
"2026-10-07 00:15:19","438",0,1,8,2,"IN_SERVICE",true,true,true,"FIT:0|BATTLE:0|BOOST:0|MUVO:0|EFIT:0",1791342908,1791342918
"2026-10-07 00:15:19","439",3,1,11,0,"IN_SERVICE",true,true,true,"FIT:3|BATTLE:0|BOOST:0|MUVO:0|EFIT:0",1791342881,1791342918
"2026-10-07 00:15:19","440",9,0,2,0,"IN_SERVICE",true,true,true,"FIT:9|BATTLE:0|BOOST:0|MUVO:0|EFIT:0",1791342752,1791342918
"2026-10-07 00:15:19","442",1,0,10,0,"IN_SERVICE",true,true,true,"FIT:0|BATTLE:0|BOOST:0|MUVO:0|EFIT:1",1791342860,1791342918
"2026-10-07 00:15:19","443",13,0,13,1,"IN_SERVICE",true,true,true,"FIT:13|BATTLE:0|BOOST:0|MUVO:0|EFIT:0",1791342745,1791342918
"2026-10-07 00:15:19","446",6,0,11,0,"IN_SERVICE",true,true,true,"FIT:4|BATTLE:0|BOOST:0|MUVO:0|EFIT:2",1791342829,1791342918
"2026-10-07 00:15:19","448",6,0,4,1,"IN_SERVICE",true,true,true,"FIT:6|BATTLE:0|BOOST:0|MUVO:0|EFIT:0",1791342756,1791342918
"2026-10-07 00:15:19","451",7,0,4,0,"IN_SERVICE",true,true,true,"FIT:7|BATTLE:0|BOOST:0|MUVO:0|EFIT:0",1791342794,1791342918
"2026-10-07 00:15:19","452",3,0,16,0,"IN_SERVICE",true,true,true,"FIT:3|BATTLE:0|BOOST:0|MUVO:0|EFIT:0",1791342901,1791342918
"2026-10-07 00:15:19","454",9,0,6,0,"IN_SERVICE",true,true,true,"FIT:9|BATTLE:0|BOOST:0|MUVO:0|EFIT:0",1791342772,1791342918
"2026-10-07 00:15:19","455",10,0,1,0,"IN_SERVICE",true,true,true,"FIT:10|BATTLE:0|BOOST:0|MUVO:0|EFIT:0",1791342917,1791342918
"2026-10-07 00:15:19","459",6,0,11,0,"IN_SERVICE",true,true,true,"FIT:6|BATTLE:0|BOOST:0|MUVO:0|EFIT:0",1791342869,1791342918
"2026-10-07 00:15:19","460",3,0,20,0,"IN_SERVICE",true,true,true,"FIT:2|BATTLE:0|BOOST:0|MUVO:0|EFIT:1",1791342753,1791342918
"2026-10-07 00:15:19","461",5,0,10,0,"IN_SERVICE",true,true,true,"FIT:4|BATTLE:0|BOOST:0|MUVO:0|EFIT:1",1791342748,1791342918
"2026-10-07 00:15:19","462",2,1,11,1,"IN_SERVICE",true,true,true,"FIT:2|BATTLE:0|BOOST:0|MUVO:0|EFIT:0",1791342877,1791342918
"2026-10-07 00:15:19","463",13,0,2,0,"IN_SERVICE",true,true,true,"FIT:13|BATTLE:0|BOOST:0|MUVO:0|EFIT:0",1791342835,1791342918
"2026-10-07 00:15:19","464",7,1,3,0,"IN_SERVICE",true,true,true,"FIT:3|BATTLE:0|BOOST:0|MUVO:0|EFIT:4",1791342831,1791342918
"2026-10-07 00:15:19","466",17,2,0,0,"IN_SERVICE",true,true,true,"FIT:16|BATTLE:0|BOOST:0|MUVO:0|EFIT:1",1791342770,1791342918
"2026-10-07 00:15:19","467",0,1,14,0,"IN_SERVICE",true,true,true,"FIT:0|BATTLE:0|BOOST:0|MUVO:0|EFIT:0",1791342800,1791342918
"2026-10-07 00:15:19","468",9,0,10,0,"IN_SERVICE",true,true,true,"FIT:9|BATTLE:0|BOOST:0|MUVO:0|EFIT:0",1791342848,1791342918
"2026-10-07 00:15:19","469",16,0,3,0,"IN_SERVICE",true,true,true,"FIT:16|BATTLE:0|BOOST:0|MUVO:0|EFIT:0",1791342780,1791342918
"2026-10-07 00:15:19","470",11,0,8,0,"IN_SERVICE",true,true,true,"FIT:11|BATTLE:0|BOOST:0|MUVO:0|EFIT:0",1791342914,1791342918
"2026-10-07 00:15:19","471",3,0,16,0,"IN_SERVICE",true,true,true,"FIT:2|BATTLE:0|BOOST:0|MUVO:0|EFIT:1",1791342896,1791342918
"2026-10-07 00:15:19","473",7,0,4,0,"IN_SERVICE",true,true,true,"FIT:6|BATTLE:0|BOOST:0|MUVO:0|EFIT:1",1791342794,1791342918
"2026-10-07 00:15:19","474",14,0,1,0,"IN_SERVICE",true,true,true,"FIT:11|BATTLE:0|BOOST:0|MUVO:0|EFIT:3",1791342858,1791342918
"2026-10-07 00:15:19","477",13,0,2,0,"IN_SERVICE",true,true,true,"FIT:2|BATTLE:0|BOOST:0|MUVO:0|EFIT:11",1791342739,1791342918
"2026-10-07 00:15:19","479",17,0,2,0,"IN_SERVICE",true,true,true,"FIT:17|BATTLE:0|BOOST:0|MUVO:0|EFIT:0",1791342906,1791342918
"2026-10-07 00:15:19","487",10,0,1,0,"IN_SERVICE",true,true,true,"FIT:10|BATTLE:0|BOOST:0|MUVO:0|EFIT:0",1791342855,1791342918
"2026-10-07 00:15:19","488",8,0,7,0,"IN_SERVICE",true,true,true,"FIT:8|BATTLE:0|BOOST:0|MUVO:0|EFIT:0",1791342779,1791342918
"2026-10-07 00:15:19","489",11,2,9,1,"IN_SERVICE",true,true,true,"FIT:11|BATTLE:0|BOOST:0|MUVO:0|EFIT:0",1791342763,1791342918
"2026-10-07 00:15:19","490",4,2,5,0,"IN_SERVICE",true,true,true,"FIT:2|BATTLE:0|BOOST:0|MUVO:0|EFIT:2",1791342848,1791342918
"2026-10-07 00:15:19","491",5,0,12,0,"IN_SERVICE",true,true,true,"FIT:5|BATTLE:0|BOOST:0|MUVO:0|EFIT:0",1791342870,1791342918
"2026-10-07 00:15:19","492",0,0,14,1,"IN_SERVICE",true,true,true,"FIT:0|BATTLE:0|BOOST:0|MUVO:0|EFIT:0",1791342877,1791342918
"2026-10-07 00:15:19","493",1,0,16,2,"IN_SERVICE",true,true,true,"FIT:1|BATTLE:0|BOOST:0|MUVO:0|EFIT:0",1791342908,1791342918
"2026-10-07 00:15:19","494",2,1,16,0,"IN_SERVICE",true,true,true,"FIT:2|BATTLE:0|BOOST:0|MUVO:0|EFIT:0",1791342792,1791342918
"2026-10-07 00:15:19","495",4,0,15,0,"IN_SERVICE",true,true,true,"FIT:3|BATTLE:0|BOOST:0|MUVO:0|EFIT:1",1791342766,1791342918
"2026-10-07 00:15:19","497",3,0,12,0,"IN_SERVICE",true,true,true,"FIT:3|BATTLE:0|BOOST:0|MUVO:0|EFIT:0",1791342776,1791342918
"2026-10-07 00:15:19","498",0,2,17,0,"IN_SERVICE",true,true,true,"FIT:0|BATTLE:0|BOOST:0|MUVO:0|EFIT:0",1791342895,1791342918
"2026-10-07 00:15:19","499",0,0,11,0,"IN_SERVICE",true,true,true,"FIT:0|BATTLE:0|BOOST:0|MUVO:0|EFIT:0",1791342800,1791342918
"2026-10-07 00:15:19","500",10,0,1,0,"IN_SERVICE",true,true,true,"FIT:10|BATTLE:0|BOOST:0|MUVO:0|EFIT:0",1791342905,1791342918
"2026-10-07 00:15:19","501",5,0,17,0,"IN_SERVICE",true,true,true,"FIT:5|BATTLE:0|BOOST:0|MUVO:0|EFIT:0",1791342785,1791342918
"2026-10-07 00:15:19","503",15,2,10,0,"IN_SERVICE",true,true,true,"FIT:15|BATTLE:0|BOOST:0|MUVO:0|EFIT:0",1791342898,1791342918
"2026-10-07 00:15:19","504",1,1,9,0,"IN_SERVICE",true,true,true,"FIT:1|BATTLE:0|BOOST:0|MUVO:0|EFIT:0",1791342821,1791342918
"2026-10-07 00:15:19","505",3,0,16,0,"IN_SERVICE",true,true,true,"FIT:3|BATTLE:0|BOOST:0|MUVO:0|EFIT:0",1791342742,1791342918
"2026-10-07 00:15:19","506",26,0,1,0,"IN_SERVICE",true,true,true,"FIT:25|BATTLE:0|BOOST:0|MUVO:0|EFIT:1",1791342807,1791342918
"2026-10-07 00:15:19","508",3,0,16,0,"IN_SERVICE",true,true,true,"FIT:3|BATTLE:0|BOOST:0|MUVO:0|EFIT:0",1791342773,1791342918
"2026-10-07 00:15:19","509",10,0,9,0,"IN_SERVICE",true,true,true,"FIT:6|BATTLE:0|BOOST:0|MUVO:0|EFIT:4",1791342740,1791342918
"2026-10-07 00:15:19","518",3,0,8,0,"IN_SERVICE",true,true,true,"FIT:2|BATTLE:0|BOOST:0|MUVO:0|EFIT:1",1791342917,1791342918
"2026-10-07 00:15:19","519",1,1,13,0,"IN_SERVICE",true,true,true,"FIT:1|BATTLE:0|BOOST:0|MUVO:0|EFIT:0",1791342883,1791342918
"2026-10-07 00:15:19","520",10,0,1,0,"IN_SERVICE",true,true,true,"FIT:1|BATTLE:0|BOOST:0|MUVO:0|EFIT:9",1791342767,1791342918
"2026-10-07 00:15:19","521",7,0,10,0,"IN_SERVICE",true,true,true,"FIT:6|BATTLE:0|BOOST:0|MUVO:0|EFIT:1",1791342800,1791342918
"2026-10-07 00:15:19","522",3,0,16,0,"IN_SERVICE",true,true,true,"FIT:3|BATTLE:0|BOOST:0|MUVO:0|EFIT:0",1791342782,1791342918
"2026-10-07 00:15:19","523",9,0,10,0,"IN_SERVICE",true,true,true,"FIT:9|BATTLE:0|BOOST:0|MUVO:0|EFIT:0",1791342798,1791342918
"2026-10-07 00:15:19","524",4,0,12,0,"IN_SERVICE",true,true,true,"FIT:4|BATTLE:0|BOOST:0|MUVO:0|EFIT:0",1791342843,1791342918
"2026-10-07 00:15:19","525",3,0,16,0,"IN_SERVICE",true,true,true,"FIT:3|BATTLE:0|BOOST:0|MUVO:0|EFIT:0",1791342842,1791342918
"2026-10-07 00:15:19","526",3,0,12,0,"IN_SERVICE",true,true,true,"FIT:3|BATTLE:0|BOOST:0|MUVO:0|EFIT:0",1791342833,1791342918
"2026-10-07 00:15:19","528",4,0,10,1,"IN_SERVICE",true,true,true,"FIT:4|BATTLE:0|BOOST:0|MUVO:0|EFIT:0",1791342787,1791342918
"2026-10-07 00:15:19","529",1,0,14,0,"IN_SERVICE",true,true,true,"FIT:1|BATTLE:0|BOOST:0|MUVO:0|EFIT:0",1791342917,1791342918
"2026-10-07 00:15:19","530",0,0,19,0,"IN_SERVICE",true,true,true,"FIT:0|BATTLE:0|BOOST:0|MUVO:0|EFIT:0",1791342877,1791342918
"2026-10-07 00:15:19","531",7,0,10,0,"IN_SERVICE",true,true,true,"FIT:7|BATTLE:0|BOOST:0|MUVO:0|EFIT:0",1791342787,1791342918
"2026-10-07 00:15:19","536",3,0,8,0,"IN_SERVICE",true,true,true,"FIT:3|BATTLE:0|BOOST:0|MUVO:0|EFIT:0",1791342775,1791342918
"2026-10-07 00:15:19","538",10,0,1,0,"IN_SERVICE",true,true,true,"FIT:10|BATTLE:0|BOOST:0|MUVO:0|EFIT:0",1791342737,1791342918
"2026-10-07 00:15:19","539",13,0,2,0,"IN_SERVICE",true,true,true,"FIT:13|BATTLE:0|BOOST:0|MUVO:0|EFIT:0",1791342748,1791342918
"2026-10-07 00:15:19","540",0,0,15,0,"IN_SERVICE",true,true,true,"FIT:0|BATTLE:0|BOOST:0|MUVO:0|EFIT:0",1791342903,1791342918
"2026-10-07 00:15:19","541",1,0,14,0,"IN_SERVICE",true,true,true,"FIT:1|BATTLE:0|BOOST:0|MUVO:0|EFIT:0",1791342795,1791342918
"2026-10-07 00:15:19","542",8,0,7,0,"IN_SERVICE",true,true,true,"FIT:8|BATTLE:0|BOOST:0|MUVO:0|EFIT:0",1791342837,1791342918
"2026-10-07 00:15:19","543",0,0,15,0,"IN_SERVICE",true,true,true,"FIT:0|BATTLE:0|BOOST:0|MUVO:0|EFIT:0",1791342904,1791342918
"2026-10-07 00:15:19","548",11,2,2,0,"IN_SERVICE",true,true,true,"FIT:11|BATTLE:0|BOOST:0|MUVO:0|EFIT:0",1791342875,1791342918
"2026-10-07 00:15:19","549",3,2,10,0,"IN_SERVICE",true,true,true,"FIT:2|BATTLE:0|BOOST:0|MUVO:0|EFIT:1",1791342904,1791342918
"2026-10-07 00:15:19","551",6,0,9,0,"IN_SERVICE",true,true,true,"FIT:6|BATTLE:0|BOOST:0|MUVO:0|EFIT:0",1791342840,1791342918
"2026-10-07 00:15:19","555",10,0,5,0,"IN_SERVICE",true,true,true,"FIT:10|BATTLE:0|BOOST:0|MUVO:0|EFIT:0",1791342804,1791342918
"2026-10-07 00:15:19","559",14,0,13,0,"IN_SERVICE",true,true,true,"FIT:12|BATTLE:0|BOOST:0|MUVO:0|EFIT:2",1791342816,1791342918
"2026-10-07 00:15:19","565",1,0,14,0,"IN_SERVICE",true,true,true,"FIT:1|BATTLE:0|BOOST:0|MUVO:0|EFIT:0",1791342748,1791342918
"2026-10-07 00:15:19","566",16,0,1,0,"IN_SERVICE",true,true,true,"FIT:16|BATTLE:0|BOOST:0|MUVO:0|EFIT:0",1791342823,1791342918
"2026-10-07 00:15:19","567",6,1,10,0,"IN_SERVICE",true,true,true,"FIT:5|BATTLE:0|BOOST:0|MUVO:0|EFIT:1",1791342883,1791342918
"2026-10-07 00:15:19","570",1,0,10,0,"IN_SERVICE",true,true,true,"FIT:1|BATTLE:0|BOOST:0|MUVO:0|EFIT:0",1791342832,1791342918
"2026-10-07 00:15:19","572",5,0,18,0,"IN_SERVICE",true,true,true,"FIT:5|BATTLE:0|BOOST:0|MUVO:0|EFIT:0",1791342882,1791342918
"2026-10-07 00:15:19","576",6,0,17,0,"IN_SERVICE",true,true,true,"FIT:6|BATTLE:0|BOOST:0|MUVO:0|EFIT:0",1791342890,1791342918
"2026-10-07 00:15:19","577",3,0,12,0,"IN_SERVICE",true,true,true,"FIT:2|BATTLE:0|BOOST:0|MUVO:0|EFIT:1",1791342805,1791342918
"2026-10-07 00:15:19","590",0,1,9,0,"IN_SERVICE",true,true,true,"FIT:0|BATTLE:0|BOOST:0|MUVO:0|EFIT:0",1791342818,1791342918
"2026-10-07 00:15:19","593",15,0,0,0,"IN_SERVICE",true,true,true,"FIT:13|BATTLE:0|BOOST:0|MUVO:0|EFIT:2",1791342857,1791342918
"2026-10-07 00:15:19","594",14,2,3,0,"IN_SERVICE",true,true,true,"FIT:14|BATTLE:0|BOOST:0|MUVO:0|EFIT:0",1791342815,1791342918
"2026-10-07 00:15:19","595",2,0,12,1,"IN_SERVICE",true,true,true,"FIT:2|BATTLE:0|BOOST:0|MUVO:0|EFIT:0",1791342786,1791342918
"2026-10-07 00:15:19","597",11,3,3,2,"IN_SERVICE",true,true,true,"FIT:11|BATTLE:0|BOOST:0|MUVO:0|EFIT:0",1791342855,1791342918
"2026-10-07 00:15:19","598",1,0,8,0,"IN_SERVICE",true,true,true,"FIT:1|BATTLE:0|BOOST:0|MUVO:0|EFIT:0",1791342747,1791342918
"2026-10-07 00:30:58","1",11,1,5,0,"IN_SERVICE",true,true,true,"FIT:11|BATTLE:0|BOOST:0|MUVO:0|EFIT:0",1791343688,1791343858
"2026-10-07 00:30:58","2",9,1,8,1,"IN_SERVICE",true,true,true,"FIT:9|BATTLE:0|BOOST:0|MUVO:0|EFIT:0",1791343710,1791343858
"2026-10-07 00:30:58","3",1,2,15,0,"IN_SERVICE",true,true,true,"FIT:1|BATTLE:0|BOOST:0|MUVO:0|EFIT:0",1791343730,1791343858
"2026-10-07 00:30:58","4",1,1,15,0,"IN_SERVICE",true,true,true,"FIT:1|BATTLE:0|BOOST:0|MUVO:0|EFIT:0",1791343713,1791343858
"2026-10-07 00:30:58","5",8,0,15,0,"IN_SERVICE",true,true,true,"FIT:7|BATTLE:0|BOOST:0|MUVO:0|EFIT:1",1791343676,1791343858
"2026-10-07 00:30:58","6",12,1,5,1,"IN_SERVICE",true,true,true,"FIT:12|BATTLE:0|BOOST:0|MUVO:0|EFIT:0",1791343729,1791343858
"2026-10-07 00:30:58","7",3,0,16,0,"IN_SERVICE",true,true,true,"FIT:2|BATTLE:0|BOOST:0|MUVO:0|EFIT:1",1791343823,1791343858
"2026-10-07 00:30:58","8",7,0,16,0,"IN_SERVICE",true,true,true,"FIT:6|BATTLE:0|BOOST:0|MUVO:0|EFIT:1",1791343697,1791343858
"2026-10-07 00:30:58","9",19,1,3,0,"IN_SERVICE",true,true,true,"FIT:17|BATTLE:0|BOOST:0|MUVO:0|EFIT:2",1791343822,1791343858
"2026-10-07 00:30:58","10",12,0,7,0,"IN_SERVICE",true,true,true,"FIT:10|BATTLE:0|BOOST:0|MUVO:0|EFIT:2",1791343677,1791343858
"2026-10-07 00:30:58","11",11,0,6,0,"IN_SERVICE",true,true,true,"FIT:10|BATTLE:0|BOOST:0|MUVO:0|EFIT:1",1791343773,1791343858
"2026-10-07 00:30:58","12",15,1,3,0,"IN_SERVICE",true,true,true,"FIT:13|BATTLE:0|BOOST:0|MUVO:0|EFIT:2",1791343820,1791343858
"2026-10-07 00:30:58","14",14,0,9,0,"IN_SERVICE",true,true,true,"FIT:12|BATTLE:0|BOOST:0|MUVO:0|EFIT:2",1791343712,1791343858
"2026-10-07 00:30:58","15",4,0,11,0,"IN_SERVICE",true,true,true,"FIT:3|BATTLE:0|BOOST:0|MUVO:0|EFIT:1",1791343745,1791343858
"2026-10-07 00:30:58","16",19,0,4,0,"IN_SERVICE",true,true,true,"FIT:3|BATTLE:0|BOOST:0|MUVO:0|EFIT:16",1791343802,1791343858
"2026-10-07 00:30:58","17",16,0,3,0,"IN_SERVICE",true,true,true,"FIT:11|BATTLE:0|BOOST:0|MUVO:0|EFIT:5",1791343698,1791343858
"2026-10-07 00:30:58","18",10,0,5,0,"IN_SERVICE",true,true,true,"FIT:7|BATTLE:0|BOOST:0|MUVO:0|EFIT:3",1791343758,1791343858
"2026-10-07 00:30:58","19",3,0,7,1,"IN_SERVICE",true,true,true,"FIT:2|BATTLE:0|BOOST:0|MUVO:0|EFIT:1",1791343725,1791343858
"2026-10-07 00:30:58","20",4,2,16,1,"IN_SERVICE",true,true,true,"FIT:2|BATTLE:0|BOOST:0|MUVO:0|EFIT:2",1791343805,1791343858
"2026-10-07 00:30:58","21",6,1,9,0,"IN_SERVICE",true,true,true,"FIT:3|BATTLE:0|BOOST:0|MUVO:0|EFIT:3",1791343790,1791343858
"2026-10-07 00:30:58","22",7,0,8,0,"IN_SERVICE",true,true,true,"FIT:7|BATTLE:0|BOOST:0|MUVO:0|EFIT:0",1791343758,1791343858
"2026-10-07 00:30:58","23",4,4,12,0,"IN_SERVICE",true,true,true,"FIT:3|BATTLE:0|BOOST:0|MUVO:0|EFIT:1",1791343790,1791343858
"2026-10-07 00:30:58","24",8,0,15,0,"IN_SERVICE",true,true,true,"FIT:8|BATTLE:0|BOOST:0|MUVO:0|EFIT:0",1791343765,1791343858
"2026-10-07 00:30:58","25",6,1,13,0,"IN_SERVICE",true,true,true,"FIT:5|BATTLE:0|BOOST:0|MUVO:0|EFIT:1",1791343779,1791343858
"2026-10-07 00:30:58","26",2,4,17,0,"IN_SERVICE",true,true,true,"FIT:2|BATTLE:0|BOOST:0|MUVO:0|EFIT:0",1791343809,1791343858
"2026-10-07 00:30:58","27",7,0,23,1,"IN_SERVICE",true,true,true,"FIT:5|BATTLE:0|BOOST:0|MUVO:0|EFIT:2",1791343740,1791343858
"2026-10-07 00:30:58","28",24,0,4,1,"IN_SERVICE",true,true,true,"FIT:24|BATTLE:0|BOOST:0|MUVO:0|EFIT:0",1791343855,1791343858
"2026-10-07 00:30:58","30",4,1,11,1,"IN_SERVICE",true,true,true,"FIT:3|BATTLE:0|BOOST:0|MUVO:0|EFIT:1",1791341344,1791343858
"2026-10-07 00:30:58","31",16,2,14,0,"IN_SERVICE",true,true,true,"FIT:16|BATTLE:0|BOOST:0|MUVO:0|EFIT:0",1791343844,1791343858
"2026-10-07 00:30:58","32",21,2,4,0,"IN_SERVICE",true,true,true,"FIT:21|BATTLE:0|BOOST:0|MUVO:0|EFIT:0",1791343720,1791343858
"2026-10-07 00:30:58","33",8,4,2,0,"IN_SERVICE",true,true,true,"FIT:8|BATTLE:0|BOOST:0|MUVO:0|EFIT:0",1791343762,1791343858
"2026-10-07 00:30:58","34",7,1,23,0,"IN_SERVICE",true,true,true,"FIT:4|BATTLE:0|BOOST:0|MUVO:0|EFIT:3",1791343762,1791343858
"2026-10-07 00:30:58","35",8,1,26,0,"IN_SERVICE",true,true,true,"FIT:2|BATTLE:0|BOOST:0|MUVO:0|EFIT:6",1791343843,1791343858
"2026-10-07 00:30:58","36",10,0,5,0,"IN_SERVICE",true,true,true,"FIT:9|BATTLE:0|BOOST:0|MUVO:0|EFIT:1",1791343718,1791343858
"2026-10-07 00:30:58","37",9,0,5,0,"IN_SERVICE",true,true,true,"FIT:9|BATTLE:0|BOOST:0|MUVO:0|EFIT:0",1791343833,1791343858
"2026-10-07 00:30:58","38",1,0,30,0,"IN_SERVICE",true,true,true,"FIT:1|BATTLE:0|BOOST:0|MUVO:0|EFIT:0",1791343826,1791343858
"2026-10-07 00:30:58","39",1,0,10,0,"IN_SERVICE",true,true,true,"FIT:0|BATTLE:0|BOOST:0|MUVO:0|EFIT:1",1791343746,1791343858
"2026-10-07 00:30:58","40",7,1,11,0,"IN_SERVICE",true,true,true,"FIT:2|BATTLE:0|BOOST:0|MUVO:0|EFIT:5",1791343703,1791343858
"2026-10-07 00:30:58","41",8,1,10,0,"IN_SERVICE",true,true,true,"FIT:8|BATTLE:0|BOOST:0|MUVO:0|EFIT:0",1791343736,1791343858
"2026-10-07 00:30:58","42",2,0,17,0,"IN_SERVICE",true,true,true,"FIT:2|BATTLE:0|BOOST:0|MUVO:0|EFIT:0",1791343819,1791343858
"2026-10-07 00:30:58","43",14,0,3,0,"IN_SERVICE",true,true,true,"FIT:14|BATTLE:0|BOOST:0|MUVO:0|EFIT:0",1791343826,1791343858
"2026-10-07 00:30:58","44",17,1,1,0,"IN_SERVICE",true,true,true,"FIT:13|BATTLE:0|BOOST:0|MUVO:0|EFIT:4",1791343816,1791343858
"2026-10-07 00:30:58","45",17,0,2,0,"IN_SERVICE",true,true,true,"FIT:16|BATTLE:0|BOOST:0|MUVO:0|EFIT:1",1791343853,1791343858
"2026-10-07 00:30:58","46",5,1,18,0,"IN_SERVICE",true,true,true,"FIT:4|BATTLE:0|BOOST:0|MUVO:0|EFIT:1",1791343741,1791343858
"2026-10-07 00:30:58","47",3,0,12,0,"IN_SERVICE",true,true,true,"FIT:3|BATTLE:0|BOOST:0|MUVO:0|EFIT:0",1791343754,1791343858
"2026-10-07 00:30:58","48",6,0,13,0,"IN_SERVICE",true,true,true,"FIT:6|BATTLE:0|BOOST:0|MUVO:0|EFIT:0",1791343789,1791343858
"2026-10-07 00:30:58","49",3,1,10,0,"IN_SERVICE",true,true,true,"FIT:3|BATTLE:0|BOOST:0|MUVO:0|EFIT:0",1791343798,1791343858
"2026-10-07 00:30:58","50",6,1,15,1,"IN_SERVICE",true,true,true,"FIT:6|BATTLE:0|BOOST:0|MUVO:0|EFIT:0",1791343739,1791343858
"2026-10-07 00:30:58","51",13,1,2,1,"IN_SERVICE",true,true,true,"FIT:12|BATTLE:0|BOOST:0|MUVO:0|EFIT:1",1791343763,1791343858
"2026-10-07 00:30:58","52",3,0,11,1,"IN_SERVICE",true,true,true,"FIT:2|BATTLE:0|BOOST:0|MUVO:0|EFIT:1",1791343705,1791343858
"2026-10-07 00:30:58","53",4,0,7,0,"IN_SERVICE",true,true,true,"FIT:4|BATTLE:0|BOOST:0|MUVO:0|EFIT:0",1791343851,1791343858
"2026-10-07 00:30:58","54",1,0,18,0,"IN_SERVICE",true,true,true,"FIT:1|BATTLE:0|BOOST:0|MUVO:0|EFIT:0",1791343803,1791343858
"2026-10-07 00:30:58","55",6,0,11,0,"IN_SERVICE",true,true,true,"FIT:6|BATTLE:0|BOOST:0|MUVO:0|EFIT:0",1791343762,1791343858
"2026-10-07 00:30:58","56",21,0,2,0,"IN_SERVICE",true,true,true,"FIT:21|BATTLE:0|BOOST:0|MUVO:0|EFIT:0",1791343697,1791343858
"2026-10-07 00:30:58","57",8,0,7,0,"IN_SERVICE",true,true,true,"FIT:8|BATTLE:0|BOOST:0|MUVO:0|EFIT:0",1791343850,1791343858
"2026-10-07 00:30:58","58",3,0,19,1,"IN_SERVICE",true,true,true,"FIT:3|BATTLE:0|BOOST:0|MUVO:0|EFIT:0",1791343718,1791343858
"2026-10-07 00:30:58","59",1,0,10,0,"IN_SERVICE",true,true,true,"FIT:1|BATTLE:0|BOOST:0|MUVO:0|EFIT:0",1791343782,1791343858
"2026-10-07 00:30:58","60",1,0,13,1,"IN_SERVICE",true,true,true,"FIT:1|BATTLE:0|BOOST:0|MUVO:0|EFIT:0",1791343709,1791343858
"2026-10-07 00:30:58","61",13,0,4,0,"IN_SERVICE",true,true,true,"FIT:13|BATTLE:0|BOOST:0|MUVO:0|EFIT:0",1791343792,1791343858
"2026-10-07 00:30:58","62",10,0,5,0,"IN_SERVICE",true,true,true,"FIT:10|BATTLE:0|BOOST:0|MUVO:0|EFIT:0",1791343823,1791343858
"2026-10-07 00:30:58","63",5,0,8,1,"IN_SERVICE",true,true,true,"FIT:5|BATTLE:0|BOOST:0|MUVO:0|EFIT:0",1791343795,1791343858
"2026-10-07 00:30:58","64",8,0,11,0,"IN_SERVICE",true,true,true,"FIT:7|BATTLE:0|BOOST:0|MUVO:0|EFIT:1",1791343678,1791343858
"2026-10-07 00:30:58","65",1,0,20,2,"IN_SERVICE",true,true,true,"FIT:1|BATTLE:0|BOOST:0|MUVO:0|EFIT:0",1791343827,1791343858
"2026-10-07 00:30:58","66",0,0,11,0,"IN_SERVICE",true,true,true,"FIT:0|BATTLE:0|BOOST:0|MUVO:0|EFIT:0",1791343846,1791343858
"2026-10-07 00:30:58","67",13,1,1,0,"IN_SERVICE",true,true,true,"FIT:13|BATTLE:0|BOOST:0|MUVO:0|EFIT:0",1791343695,1791343858
"2026-10-07 00:30:58","68",17,0,6,0,"IN_SERVICE",true,true,true,"FIT:16|BATTLE:0|BOOST:0|MUVO:0|EFIT:1",1791343832,1791343858
"2026-10-07 00:30:58","69",7,2,14,0,"IN_SERVICE",true,true,true,"FIT:3|BATTLE:0|BOOST:0|MUVO:0|EFIT:4",1791337505,1791343858
"2026-10-07 00:30:58","70",21,2,0,0,"IN_SERVICE",true,true,true,"FIT:19|BATTLE:0|BOOST:0|MUVO:0|EFIT:2",1791343727,1791343858
"2026-10-07 00:30:58","71",17,1,1,0,"IN_SERVICE",true,true,true,"FIT:16|BATTLE:0|BOOST:0|MUVO:0|EFIT:1",1791343731,1791343858
"2026-10-07 00:30:58","73",6,0,17,0,"IN_SERVICE",true,true,true,"FIT:4|BATTLE:0|BOOST:0|MUVO:0|EFIT:2",1791343715,1791343858
"2026-10-07 00:30:58","74",13,4,2,0,"IN_SERVICE",true,true,true,"FIT:12|BATTLE:0|BOOST:0|MUVO:0|EFIT:1",1791343692,1791343858
"2026-10-07 00:30:58","75",3,1,11,0,"IN_SERVICE",true,true,true,"FIT:0|BATTLE:0|BOOST:0|MUVO:0|EFIT:3",1791343804,1791343858
"2026-10-07 00:30:58","76",1,0,18,0,"IN_SERVICE",true,true,true,"FIT:1|BATTLE:0|BOOST:0|MUVO:0|EFIT:0",1791343841,1791343858
"2026-10-07 00:30:58","77",1,0,16,0,"IN_SERVICE",true,true,true,"FIT:1|BATTLE:0|BOOST:0|MUVO:0|EFIT:0",1791343723,1791343858
"2026-10-07 00:30:58","78",9,0,2,0,"IN_SERVICE",true,true,true,"FIT:9|BATTLE:0|BOOST:0|MUVO:0|EFIT:0",1791343802,1791343858
"2026-10-07 00:30:58","79",11,0,0,0,"IN_SERVICE",true,true,true,"FIT:9|BATTLE:0|BOOST:0|MUVO:0|EFIT:2",1791343791,1791343858
"2026-10-07 00:30:58","80",18,0,0,0,"IN_SERVICE",true,true,true,"FIT:17|BATTLE:0|BOOST:0|MUVO:0|EFIT:1",1791343728,1791343858
"2026-10-07 00:30:58","81",5,0,9,1,"IN_SERVICE",true,true,true,"FIT:5|BATTLE:0|BOOST:0|MUVO:0|EFIT:0",1791343717,1791343858
"2026-10-07 00:30:58","82",4,2,24,0,"IN_SERVICE",true,true,true,"FIT:4|BATTLE:0|BOOST:0|MUVO:0|EFIT:0",1791343778,1791343858
"2026-10-07 00:30:58","83",11,0,17,3,"IN_SERVICE",true,true,true,"FIT:1|BATTLE:0|BOOST:0|MUVO:0|EFIT:10",1791343710,1791343858
"2026-10-07 00:30:58","84",5,0,10,0,"IN_SERVICE",true,true,true,"FIT:3|BATTLE:0|BOOST:0|MUVO:0|EFIT:2",1791343780,1791343858
"2026-10-07 00:30:58","85",4,0,19,0,"IN_SERVICE",true,true,true,"FIT:4|BATTLE:0|BOOST:0|MUVO:0|EFIT:0",1791343810,1791343858
"2026-10-07 00:30:58","86",10,0,24,1,"IN_SERVICE",true,true,true,"FIT:0|BATTLE:0|BOOST:0|MUVO:0|EFIT:10",1791343757,1791343858
"2026-10-07 00:30:58","87",1,0,17,1,"IN_SERVICE",true,true,true,"FIT:0|BATTLE:0|BOOST:0|MUVO:0|EFIT:1",1791343703,1791343858
"2026-10-07 00:30:58","88",3,0,16,0,"IN_SERVICE",true,true,true,"FIT:0|BATTLE:0|BOOST:0|MUVO:0|EFIT:3",1791343705,1791343858
"2026-10-07 00:30:58","89",2,1,12,1,"IN_SERVICE",true,true,true,"FIT:2|BATTLE:0|BOOST:0|MUVO:0|EFIT:0",1791343758,1791343858
"2026-10-07 00:30:58","90",9,1,2,0,"IN_SERVICE",true,true,true,"FIT:9|BATTLE:0|BOOST:0|MUVO:0|EFIT:0",1791343796,1791343858
"2026-10-07 00:30:58","91",2,1,9,0,"IN_SERVICE",true,true,true,"FIT:2|BATTLE:0|BOOST:0|MUVO:0|EFIT:0",1791343718,1791343858
"2026-10-07 00:30:58","92",12,0,3,0,"IN_SERVICE",true,true,true,"FIT:10|BATTLE:0|BOOST:0|MUVO:0|EFIT:2",1791343851,1791343858
"2026-10-07 00:30:58","93",10,0,5,0,"IN_SERVICE",true,true,true,"FIT:3|BATTLE:0|BOOST:0|MUVO:0|EFIT:7",1791343699,1791343858
"2026-10-07 00:30:58","94",7,0,8,0,"IN_SERVICE",true,true,true,"FIT:5|BATTLE:0|BOOST:0|MUVO:0|EFIT:2",1791343717,1791343858
"2026-10-07 00:30:58","95",10,0,7,0,"IN_SERVICE",true,true,true,"FIT:8|BATTLE:0|BOOST:0|MUVO:0|EFIT:2",1791343854,1791343858
"2026-10-07 00:30:58","96",11,2,6,0,"IN_SERVICE",true,true,true,"FIT:10|BATTLE:0|BOOST:0|MUVO:0|EFIT:1",1791343713,1791343858
"2026-10-07 00:30:58","97",0,2,13,0,"IN_SERVICE",true,true,true,"FIT:0|BATTLE:0|BOOST:0|MUVO:0|EFIT:0",1791343686,1791343858
"2026-10-07 00:30:58","98",3,1,10,0,"IN_SERVICE",true,true,true,"FIT:2|BATTLE:0|BOOST:0|MUVO:0|EFIT:1",1791343829,1791343858
"2026-10-07 00:30:58","99",6,0,5,0,"IN_SERVICE",true,true,true,"FIT:5|BATTLE:0|BOOST:0|MUVO:0|EFIT:1",1791343778,1791343858
"2026-10-07 00:30:58","100",5,5,4,0,"IN_SERVICE",true,true,true,"FIT:5|BATTLE:0|BOOST:0|MUVO:0|EFIT:0",1791343678,1791343858
"2026-10-07 00:30:58","101",5,2,13,0,"IN_SERVICE",true,true,true,"FIT:2|BATTLE:0|BOOST:0|MUVO:0|EFIT:3",1791343692,1791343858
"2026-10-07 00:30:58","102",13,1,13,0,"IN_SERVICE",true,true,true,"FIT:6|BATTLE:0|BOOST:0|MUVO:0|EFIT:7",1791343752,1791343858
"2026-10-07 00:30:58","103",4,3,8,0,"IN_SERVICE",true,true,true,"FIT:1|BATTLE:0|BOOST:0|MUVO:0|EFIT:3",1791343722,1791343858
"2026-10-07 00:30:58","104",10,0,1,0,"IN_SERVICE",true,true,true,"FIT:9|BATTLE:0|BOOST:0|MUVO:0|EFIT:1",1791343849,1791343858
"2026-10-07 00:30:58","105",9,0,7,0,"IN_SERVICE",true,true,true,"FIT:9|BATTLE:0|BOOST:0|MUVO:0|EFIT:0",1791343706,1791343858
"2026-10-07 00:30:58","107",3,0,16,0,"IN_SERVICE",true,true,true,"FIT:3|BATTLE:0|BOOST:0|MUVO:0|EFIT:0",1791343705,1791343858
"2026-10-07 00:30:58","109",15,3,17,0,"IN_SERVICE",true,true,true,"FIT:14|BATTLE:0|BOOST:0|MUVO:0|EFIT:1",1791343825,1791343858
"2026-10-07 00:30:58","111",15,0,3,0,"IN_SERVICE",true,true,true,"FIT:14|BATTLE:0|BOOST:0|MUVO:0|EFIT:1",1791343832,1791343858
"2026-10-07 00:30:58","112",7,1,11,0,"IN_SERVICE",true,true,true,"FIT:6|BATTLE:0|BOOST:0|MUVO:0|EFIT:1",1791343803,1791343858
"2026-10-07 00:30:58","113",1,0,14,0,"IN_SERVICE",true,true,true,"FIT:0|BATTLE:0|BOOST:0|MUVO:0|EFIT:1",1791343721,1791343858
"2026-10-07 00:30:58","114",11,0,10,0,"IN_SERVICE",true,true,true,"FIT:4|BATTLE:0|BOOST:0|MUVO:0|EFIT:7",1791343709,1791343858
"2026-10-07 00:30:58","116",4,1,12,0,"IN_SERVICE",true,true,true,"FIT:4|BATTLE:0|BOOST:0|MUVO:0|EFIT:0",1791343754,1791343858
"2026-10-07 00:30:58","117",22,0,5,0,"IN_SERVICE",true,true,true,"FIT:20|BATTLE:0|BOOST:0|MUVO:0|EFIT:2",1791343685,1791343858
"2026-10-07 00:30:58","118",11,0,4,0,"IN_SERVICE",true,true,true,"FIT:11|BATTLE:0|BOOST:0|MUVO:0|EFIT:0",1791343745,1791343858
"2026-10-07 00:30:58","119",10,0,1,0,"IN_SERVICE",true,true,true,"FIT:8|BATTLE:0|BOOST:0|MUVO:0|EFIT:2",1791343830,1791343858
"2026-10-07 00:30:58","120",12,1,10,0,"IN_SERVICE",true,true,true,"FIT:11|BATTLE:0|BOOST:0|MUVO:0|EFIT:1",1791343688,1791343858
"2026-10-07 00:30:58","121",12,0,11,0,"IN_SERVICE",true,true,true,"FIT:11|BATTLE:0|BOOST:0|MUVO:0|EFIT:1",1791343684,1791343858
"2026-10-07 00:30:58","122",10,0,13,0,"IN_SERVICE",true,true,true,"FIT:10|BATTLE:0|BOOST:0|MUVO:0|EFIT:0",1791343708,1791343858
"2026-10-07 00:30:58","123",0,1,13,0,"IN_SERVICE",true,true,true,"FIT:0|BATTLE:0|BOOST:0|MUVO:0|EFIT:0",1791343734,1791343858
"2026-10-07 00:30:58","124",2,0,13,0,"IN_SERVICE",true,true,true,"FIT:1|BATTLE:0|BOOST:0|MUVO:0|EFIT:1",1791343688,1791343858
"2026-10-07 00:30:58","125",10,0,9,0,"IN_SERVICE",true,true,true,"FIT:9|BATTLE:0|BOOST:0|MUVO:0|EFIT:1",1791343729,1791343858
"2026-10-07 00:30:58","126",7,2,6,0,"IN_SERVICE",true,true,true,"FIT:6|BATTLE:0|BOOST:0|MUVO:0|EFIT:1",1791343692,1791343858
"2026-10-07 00:30:58","127",11,1,3,0,"IN_SERVICE",true,true,true,"FIT:10|BATTLE:0|BOOST:0|MUVO:0|EFIT:1",1791343792,1791343858
"2026-10-07 00:30:58","128",17,0,2,0,"IN_SERVICE",true,true,true,"FIT:16|BATTLE:0|BOOST:0|MUVO:0|EFIT:1",1791343686,1791343858
"2026-10-07 00:30:58","129",3,2,6,0,"IN_SERVICE",true,true,true,"FIT:2|BATTLE:0|BOOST:0|MUVO:0|EFIT:1",1791343822,1791343858
"2026-10-07 00:30:58","131",17,2,4,0,"IN_SERVICE",true,true,true,"FIT:17|BATTLE:0|BOOST:0|MUVO:0|EFIT:0",1791343689,1791343858
"2026-10-07 00:30:58","132",10,0,9,0,"IN_SERVICE",true,true,true,"FIT:9|BATTLE:0|BOOST:0|MUVO:0|EFIT:1",1791343678,1791343858
"2026-10-07 00:30:58","133",4,0,11,0,"IN_SERVICE",true,true,true,"FIT:4|BATTLE:0|BOOST:0|MUVO:0|EFIT:0",1791343739,1791343858
"2026-10-07 00:30:58","134",1,1,21,0,"IN_SERVICE",true,true,true,"FIT:0|BATTLE:0|BOOST:0|MUVO:0|EFIT:1",1791343758,1791343858
"2026-10-07 00:30:58","136",5,0,9,1,"IN_SERVICE",true,true,true,"FIT:3|BATTLE:0|BOOST:0|MUVO:0|EFIT:2",1791343754,1791343858
"2026-10-07 00:30:58","137",16,1,2,0,"IN_SERVICE",true,true,true,"FIT:14|BATTLE:0|BOOST:0|MUVO:0|EFIT:2",1791343699,1791343858
"2026-10-07 00:30:58","138",10,1,4,0,"IN_SERVICE",true,true,true,"FIT:10|BATTLE:0|BOOST:0|MUVO:0|EFIT:0",1791343795,1791343858
"2026-10-07 00:30:58","139",21,2,0,0,"IN_SERVICE",true,true,true,"FIT:20|BATTLE:0|BOOST:0|MUVO:0|EFIT:1",1791343828,1791343858
"2026-10-07 00:30:58","140",18,0,10,1,"IN_SERVICE",true,true,true,"FIT:13|BATTLE:0|BOOST:0|MUVO:0|EFIT:5",1791343785,1791343858
"2026-10-07 00:30:58","141",7,0,8,0,"IN_SERVICE",true,true,true,"FIT:7|BATTLE:0|BOOST:0|MUVO:0|EFIT:0",1791343707,1791343858
"2026-10-07 00:30:58","142",3,0,16,0,"IN_SERVICE",true,true,true,"FIT:1|BATTLE:0|BOOST:0|MUVO:0|EFIT:2",1791343691,1791343858
"2026-10-07 00:30:58","143",2,0,13,0,"IN_SERVICE",true,true,true,"FIT:2|BATTLE:0|BOOST:0|MUVO:0|EFIT:0",1791343776,1791343858
"2026-10-07 00:30:58","145",7,0,12,0,"IN_SERVICE",true,true,true,"FIT:4|BATTLE:0|BOOST:0|MUVO:0|EFIT:3",1791343792,1791343858
"2026-10-07 00:30:58","146",9,0,6,0,"IN_SERVICE",true,true,true,"FIT:9|BATTLE:0|BOOST:0|MUVO:0|EFIT:0",1791343849,1791343858
"2026-10-07 00:30:58","148",1,0,14,0,"IN_SERVICE",true,true,true,"FIT:1|BATTLE:0|BOOST:0|MUVO:0|EFIT:0",1791343695,1791343858
"2026-10-07 00:30:58","149",3,0,12,0,"IN_SERVICE",true,true,true,"FIT:2|BATTLE:0|BOOST:0|MUVO:0|EFIT:1",1791343844,1791343858
"2026-10-07 00:30:58","150",3,0,12,0,"IN_SERVICE",true,true,true,"FIT:3|BATTLE:0|BOOST:0|MUVO:0|EFIT:0",1791343845,1791343858
"2026-10-07 00:30:58","152",2,2,7,0,"IN_SERVICE",true,true,true,"FIT:2|BATTLE:0|BOOST:0|MUVO:0|EFIT:0",1791343789,1791343858
"2026-10-07 00:30:58","153",7,0,12,0,"IN_SERVICE",true,true,true,"FIT:6|BATTLE:0|BOOST:0|MUVO:0|EFIT:1",1791343820,1791343858
"2026-10-07 00:30:58","154",9,0,8,0,"IN_SERVICE",true,true,true,"FIT:9|BATTLE:0|BOOST:0|MUVO:0|EFIT:0",1791343726,1791343858
"2026-10-07 00:30:58","155",15,0,4,0,"IN_SERVICE",true,true,true,"FIT:15|BATTLE:0|BOOST:0|MUVO:0|EFIT:0",1791343688,1791343858
"2026-10-07 00:30:58","157",9,0,10,0,"IN_SERVICE",true,true,true,"FIT:9|BATTLE:0|BOOST:0|MUVO:0|EFIT:0",1791343700,1791343858
"2026-10-07 00:30:58","158",14,1,4,0,"IN_SERVICE",true,true,true,"FIT:14|BATTLE:0|BOOST:0|MUVO:0|EFIT:0",1791343770,1791343858
"2026-10-07 00:30:58","159",4,1,10,0,"IN_SERVICE",true,true,true,"FIT:4|BATTLE:0|BOOST:0|MUVO:0|EFIT:0",1791343735,1791343858
"2026-10-07 00:30:58","160",1,0,12,0,"IN_SERVICE",true,true,true,"FIT:1|BATTLE:0|BOOST:0|MUVO:0|EFIT:0",1791343795,1791343858
"2026-10-07 00:30:58","161",4,1,6,0,"IN_SERVICE",true,true,true,"FIT:4|BATTLE:0|BOOST:0|MUVO:0|EFIT:0",1791343809,1791343858
"2026-10-07 00:30:58","162",7,0,10,0,"IN_SERVICE",true,true,true,"FIT:7|BATTLE:0|BOOST:0|MUVO:0|EFIT:0",1791343824,1791343858
"2026-10-07 00:30:58","163",11,1,5,0,"IN_SERVICE",true,true,true,"FIT:8|BATTLE:0|BOOST:0|MUVO:0|EFIT:3",1791343856,1791343858
"2026-10-07 00:30:58","164",6,0,11,0,"IN_SERVICE",true,true,true,"FIT:6|BATTLE:0|BOOST:0|MUVO:0|EFIT:0",1791343744,1791343858
"2026-10-07 00:30:58","165",8,0,7,0,"IN_SERVICE",true,true,true,"FIT:8|BATTLE:0|BOOST:0|MUVO:0|EFIT:0",1791343831,1791343858
"2026-10-07 00:30:58","166",11,0,0,0,"IN_SERVICE",true,true,true,"FIT:11|BATTLE:0|BOOST:0|MUVO:0|EFIT:0",1791343679,1791343858
"2026-10-07 00:30:58","167",3,0,28,0,"IN_SERVICE",true,true,true,"FIT:3|BATTLE:0|BOOST:0|MUVO:0|EFIT:0",1791343765,1791343858
"2026-10-07 00:30:58","168",4,0,14,1,"IN_SERVICE",true,true,true,"FIT:4|BATTLE:0|BOOST:0|MUVO:0|EFIT:0",1791343831,1791343858
"2026-10-07 00:30:58","169",9,1,5,0,"IN_SERVICE",true,true,true,"FIT:9|BATTLE:0|BOOST:0|MUVO:0|EFIT:0",1791343775,1791343858
"2026-10-07 00:30:58","170",13,0,2,0,"IN_SERVICE",true,true,true,"FIT:13|BATTLE:0|BOOST:0|MUVO:0|EFIT:0",1791343785,1791343858
"2026-10-07 00:30:58","171",3,0,7,1,"IN_SERVICE",true,true,true,"FIT:3|BATTLE:0|BOOST:0|MUVO:0|EFIT:0",1791343772,1791343858
"2026-10-07 00:30:58","172",9,0,2,0,"IN_SERVICE",true,true,true,"FIT:9|BATTLE:0|BOOST:0|MUVO:0|EFIT:0",1791343829,1791343858
"2026-10-07 00:30:58","173",5,0,10,0,"IN_SERVICE",true,true,true,"FIT:5|BATTLE:0|BOOST:0|MUVO:0|EFIT:0",1791343727,1791343858
"2026-10-07 00:30:58","174",3,0,12,0,"IN_SERVICE",true,true,true,"FIT:3|BATTLE:0|BOOST:0|MUVO:0|EFIT:0",1791321398,1791343858
"2026-10-07 00:30:58","175",21,0,1,0,"IN_SERVICE",true,true,true,"FIT:21|BATTLE:0|BOOST:0|MUVO:0|EFIT:0",1791343735,1791343858
"2026-10-07 00:30:58","176",9,0,6,0,"IN_SERVICE",true,true,true,"FIT:9|BATTLE:0|BOOST:0|MUVO:0|EFIT:0",1791343812,1791343858
"2026-10-07 00:30:58","177",2,0,13,0,"IN_SERVICE",true,true,true,"FIT:2|BATTLE:0|BOOST:0|MUVO:0|EFIT:0",1791343713,1791343858
"2026-10-07 00:30:58","178",14,0,3,2,"IN_SERVICE",true,true,true,"FIT:14|BATTLE:0|BOOST:0|MUVO:0|EFIT:0",1791343833,1791343858
"2026-10-07 00:30:58","179",19,0,0,0,"IN_SERVICE",true,true,true,"FIT:19|BATTLE:0|BOOST:0|MUVO:0|EFIT:0",1791343803,1791343858
"2026-10-07 00:30:58","180",10,0,5,0,"IN_SERVICE",true,true,true,"FIT:10|BATTLE:0|BOOST:0|MUVO:0|EFIT:0",1791343773,1791343858
"2026-10-07 00:30:58","181",13,1,1,0,"IN_SERVICE",true,true,true,"FIT:13|BATTLE:0|BOOST:0|MUVO:0|EFIT:0",1791343849,1791343858
"2026-10-07 00:30:58","182",10,0,9,0,"IN_SERVICE",true,true,true,"FIT:10|BATTLE:0|BOOST:0|MUVO:0|EFIT:0",1791343766,1791343858
"2026-10-07 00:30:58","183",2,0,17,0,"IN_SERVICE",true,true,true,"FIT:2|BATTLE:0|BOOST:0|MUVO:0|EFIT:0",1791343795,1791343858
"2026-10-07 00:30:58","184",9,0,10,0,"IN_SERVICE",true,true,true,"FIT:9|BATTLE:0|BOOST:0|MUVO:0|EFIT:0",1791343770,1791343858
"2026-10-07 00:30:58","185",3,3,13,0,"IN_SERVICE",true,true,true,"FIT:3|BATTLE:0|BOOST:0|MUVO:0|EFIT:0",1791343677,1791343858
"2026-10-07 00:30:58","186",4,0,7,0,"IN_SERVICE",true,true,true,"FIT:4|BATTLE:0|BOOST:0|MUVO:0|EFIT:0",1791343729,1791343858
"2026-10-07 00:30:58","187",6,0,11,0,"IN_SERVICE",true,true,true,"FIT:6|BATTLE:0|BOOST:0|MUVO:0|EFIT:0",1791343837,1791343858
"2026-10-07 00:30:58","188",10,0,6,1,"IN_SERVICE",true,true,true,"FIT:10|BATTLE:0|BOOST:0|MUVO:0|EFIT:0",1791343849,1791343858
"2026-10-07 00:30:58","189",6,0,9,0,"IN_SERVICE",true,true,true,"FIT:6|BATTLE:0|BOOST:0|MUVO:0|EFIT:0",1791343829,1791343858
"2026-10-07 00:30:58","190",5,0,25,1,"IN_SERVICE",true,true,true,"FIT:5|BATTLE:0|BOOST:0|MUVO:0|EFIT:0",1791343808,1791343858
"2026-10-07 00:30:58","192",2,0,8,0,"IN_SERVICE",true,true,true,"FIT:2|BATTLE:0|BOOST:0|MUVO:0|EFIT:0",1791343761,1791343858
"2026-10-07 00:30:58","193",8,0,7,0,"IN_SERVICE",true,true,true,"FIT:8|BATTLE:0|BOOST:0|MUVO:0|EFIT:0",1791343789,1791343858
"2026-10-07 00:30:58","194",3,0,14,0,"IN_SERVICE",true,true,true,"FIT:3|BATTLE:0|BOOST:0|MUVO:0|EFIT:0",1791343814,1791343858
"2026-10-07 00:30:58","195",14,0,1,0,"IN_SERVICE",true,true,true,"FIT:14|BATTLE:0|BOOST:0|MUVO:0|EFIT:0",1791343731,1791343858
"2026-10-07 00:30:58","196",10,0,5,0,"IN_SERVICE",true,true,true,"FIT:10|BATTLE:0|BOOST:0|MUVO:0|EFIT:0",1791343824,1791343858
"2026-10-07 00:30:58","197",3,0,11,1,"IN_SERVICE",true,true,true,"FIT:3|BATTLE:0|BOOST:0|MUVO:0|EFIT:0",1791343814,1791343858
"2026-10-07 00:30:58","198",9,0,6,0,"IN_SERVICE",true,true,true,"FIT:9|BATTLE:0|BOOST:0|MUVO:0|EFIT:0",1791343717,1791343858
"2026-10-07 00:30:58","199",22,1,4,0,"IN_SERVICE",true,true,true,"FIT:22|BATTLE:0|BOOST:0|MUVO:0|EFIT:0",1791343689,1791343858
"2026-10-07 00:30:58","200",8,2,5,0,"IN_SERVICE",true,true,true,"FIT:8|BATTLE:0|BOOST:0|MUVO:0|EFIT:0",1791343779,1791343858
"2026-10-07 00:30:58","201",14,0,1,0,"IN_SERVICE",true,true,true,"FIT:14|BATTLE:0|BOOST:0|MUVO:0|EFIT:0",1791343725,1791343858
"2026-10-07 00:30:58","202",2,0,17,0,"IN_SERVICE",true,true,true,"FIT:2|BATTLE:0|BOOST:0|MUVO:0|EFIT:0",1791343746,1791343858
"2026-10-07 00:30:58","203",0,0,18,1,"IN_SERVICE",true,true,true,"FIT:0|BATTLE:0|BOOST:0|MUVO:0|EFIT:0",1791343759,1791343858
"2026-10-07 00:30:58","204",2,1,15,0,"IN_SERVICE",true,true,true,"FIT:2|BATTLE:0|BOOST:0|MUVO:0|EFIT:0",1791343748,1791343858
"2026-10-07 00:30:58","205",1,0,16,0,"IN_SERVICE",true,true,true,"FIT:1|BATTLE:0|BOOST:0|MUVO:0|EFIT:0",1791343750,1791343858
"2026-10-07 00:30:58","206",7,2,6,0,"IN_SERVICE",true,true,true,"FIT:6|BATTLE:0|BOOST:0|MUVO:0|EFIT:1",1791343797,1791343858
"2026-10-07 00:30:58","207",4,2,18,0,"IN_SERVICE",true,true,true,"FIT:4|BATTLE:0|BOOST:0|MUVO:0|EFIT:0",1791343829,1791343858
"2026-10-07 00:30:58","208",2,0,15,0,"IN_SERVICE",true,true,true,"FIT:1|BATTLE:0|BOOST:0|MUVO:0|EFIT:1",1791343715,1791343858
"2026-10-07 00:30:58","209",3,1,15,0,"IN_SERVICE",true,true,true,"FIT:3|BATTLE:0|BOOST:0|MUVO:0|EFIT:0",1791343762,1791343858
"2026-10-07 00:30:58","210",27,1,1,0,"IN_SERVICE",true,true,true,"FIT:26|BATTLE:0|BOOST:0|MUVO:0|EFIT:1",1791343729,1791343858
"2026-10-07 00:30:58","212",2,0,12,1,"IN_SERVICE",true,true,true,"FIT:2|BATTLE:0|BOOST:0|MUVO:0|EFIT:0",1791343749,1791343858
"2026-10-07 00:30:58","213",5,0,14,0,"IN_SERVICE",true,true,true,"FIT:5|BATTLE:0|BOOST:0|MUVO:0|EFIT:0",1791343715,1791343858
"2026-10-07 00:30:58","214",8,1,13,0,"IN_SERVICE",true,true,true,"FIT:8|BATTLE:0|BOOST:0|MUVO:0|EFIT:0",1791343842,1791343858
"2026-10-07 00:30:58","215",1,0,21,1,"IN_SERVICE",true,true,true,"FIT:1|BATTLE:0|BOOST:0|MUVO:0|EFIT:0",1791343740,1791343858
"2026-10-07 00:30:58","217",14,0,1,0,"IN_SERVICE",true,true,true,"FIT:14|BATTLE:0|BOOST:0|MUVO:0|EFIT:0",1791343811,1791343858
"2026-10-07 00:30:58","220",10,2,7,0,"IN_SERVICE",true,true,true,"FIT:9|BATTLE:0|BOOST:0|MUVO:0|EFIT:1",1791343711,1791343858
"2026-10-07 00:30:58","221",12,0,1,0,"IN_SERVICE",true,true,true,"FIT:12|BATTLE:0|BOOST:0|MUVO:0|EFIT:0",1791343688,1791343858
"2026-10-07 00:30:58","222",5,1,9,0,"IN_SERVICE",true,true,true,"FIT:5|BATTLE:0|BOOST:0|MUVO:0|EFIT:0",1791343805,1791343858
"2026-10-07 00:30:58","223",15,1,1,0,"IN_SERVICE",true,true,true,"FIT:15|BATTLE:0|BOOST:0|MUVO:0|EFIT:0",1791343835,1791343858
"2026-10-07 00:30:58","224",1,1,13,0,"IN_SERVICE",true,true,true,"FIT:1|BATTLE:0|BOOST:0|MUVO:0|EFIT:0",1791343805,1791343858
"2026-10-07 00:30:58","225",8,1,2,0,"IN_SERVICE",true,true,true,"FIT:6|BATTLE:0|BOOST:0|MUVO:0|EFIT:2",1791343820,1791343858
"2026-10-07 00:30:58","226",22,0,1,0,"IN_SERVICE",true,true,true,"FIT:21|BATTLE:0|BOOST:0|MUVO:0|EFIT:1",1791343754,1791343858
"2026-10-07 00:30:58","228",10,0,7,2,"IN_SERVICE",true,true,true,"FIT:10|BATTLE:0|BOOST:0|MUVO:0|EFIT:0",1791343739,1791343858
"2026-10-07 00:30:58","229",6,0,10,1,"IN_SERVICE",true,true,true,"FIT:6|BATTLE:0|BOOST:0|MUVO:0|EFIT:0",1791343851,1791343858
"2026-10-07 00:30:58","230",14,1,4,0,"IN_SERVICE",true,true,true,"FIT:13|BATTLE:0|BOOST:0|MUVO:0|EFIT:1",1791343692,1791343858
"2026-10-07 00:30:58","231",10,3,0,2,"IN_SERVICE",true,true,true,"FIT:10|BATTLE:0|BOOST:0|MUVO:0|EFIT:0",1791343697,1791343858
"2026-10-07 00:30:58","232",18,1,10,0,"IN_SERVICE",true,true,true,"FIT:18|BATTLE:0|BOOST:0|MUVO:0|EFIT:0",1791343690,1791343858
"2026-10-07 00:30:58","233",14,1,16,0,"IN_SERVICE",true,true,true,"FIT:14|BATTLE:0|BOOST:0|MUVO:0|EFIT:0",1791343711,1791343858
"2026-10-07 00:30:58","234",10,0,5,0,"IN_SERVICE",true,true,true,"FIT:8|BATTLE:0|BOOST:0|MUVO:0|EFIT:2",1791343852,1791343858
"2026-10-07 00:30:58","235",1,0,13,1,"IN_SERVICE",true,true,true,"FIT:1|BATTLE:0|BOOST:0|MUVO:0|EFIT:0",1791343820,1791343858
"2026-10-07 00:30:58","236",3,0,12,0,"IN_SERVICE",true,true,true,"FIT:3|BATTLE:0|BOOST:0|MUVO:0|EFIT:0",1791343744,1791343858
"2026-10-07 00:30:58","237",4,0,10,0,"IN_SERVICE",true,true,true,"FIT:4|BATTLE:0|BOOST:0|MUVO:0|EFIT:0",1791343685,1791343858
"2026-10-07 00:30:58","238",2,0,12,0,"IN_SERVICE",true,true,true,"FIT:2|BATTLE:0|BOOST:0|MUVO:0|EFIT:0",1791343799,1791343858
"2026-10-07 00:30:58","239",3,0,12,0,"IN_SERVICE",true,true,true,"FIT:3|BATTLE:0|BOOST:0|MUVO:0|EFIT:0",1791343687,1791343858
"2026-10-07 00:30:58","240",3,0,11,0,"IN_SERVICE",true,true,true,"FIT:3|BATTLE:0|BOOST:0|MUVO:0|EFIT:0",1791343681,1791343858
"2026-10-07 00:30:58","241",2,0,13,0,"IN_SERVICE",true,true,true,"FIT:2|BATTLE:0|BOOST:0|MUVO:0|EFIT:0",1791343783,1791343858
"2026-10-07 00:30:58","242",8,1,5,0,"IN_SERVICE",true,true,true,"FIT:8|BATTLE:0|BOOST:0|MUVO:0|EFIT:0",1791343835,1791343858
"2026-10-07 00:30:58","244",2,0,9,0,"IN_SERVICE",true,true,true,"FIT:2|BATTLE:0|BOOST:0|MUVO:0|EFIT:0",1791343814,1791343858
"2026-10-07 00:30:58","246",4,0,11,0,"IN_SERVICE",true,true,true,"FIT:4|BATTLE:0|BOOST:0|MUVO:0|EFIT:0",1791343839,1791343858
"2026-10-07 00:30:58","247",2,0,16,0,"IN_SERVICE",true,true,true,"FIT:2|BATTLE:0|BOOST:0|MUVO:0|EFIT:0",1791338703,1791343858
"2026-10-07 00:30:58","248",5,0,10,0,"IN_SERVICE",true,true,true,"FIT:5|BATTLE:0|BOOST:0|MUVO:0|EFIT:0",1791343806,1791343858
"2026-10-07 00:30:58","250",2,0,9,0,"IN_SERVICE",true,true,true,"FIT:2|BATTLE:0|BOOST:0|MUVO:0|EFIT:0",1791343832,1791343858
"2026-10-07 00:30:58","252",2,0,17,0,"IN_SERVICE",true,true,true,"FIT:2|BATTLE:0|BOOST:0|MUVO:0|EFIT:0",1791343804,1791343858
"2026-10-07 00:30:58","253",4,0,7,0,"IN_SERVICE",true,true,true,"FIT:4|BATTLE:0|BOOST:0|MUVO:0|EFIT:0",1791343704,1791343858
"2026-10-07 00:30:58","254",0,0,11,0,"IN_SERVICE",true,true,true,"FIT:0|BATTLE:0|BOOST:0|MUVO:0|EFIT:0",1791343753,1791343858
"2026-10-07 00:30:58","255",2,0,9,0,"IN_SERVICE",true,true,true,"FIT:2|BATTLE:0|BOOST:0|MUVO:0|EFIT:0",1791343762,1791343858
"2026-10-07 00:30:58","256",7,1,7,0,"IN_SERVICE",true,true,true,"FIT:7|BATTLE:0|BOOST:0|MUVO:0|EFIT:0",1791343731,1791343858
"2026-10-07 00:30:58","257",1,1,22,0,"IN_SERVICE",true,true,true,"FIT:1|BATTLE:0|BOOST:0|MUVO:0|EFIT:0",1791343693,1791343858
"2026-10-07 00:30:58","259",9,0,8,0,"IN_SERVICE",true,true,true,"FIT:9|BATTLE:0|BOOST:0|MUVO:0|EFIT:0",1791343751,1791343858
"2026-10-07 00:30:58","260",2,0,25,0,"IN_SERVICE",true,true,true,"FIT:2|BATTLE:0|BOOST:0|MUVO:0|EFIT:0",1791343821,1791343858
"2026-10-07 00:30:58","261",3,0,12,0,"IN_SERVICE",true,true,true,"FIT:3|BATTLE:0|BOOST:0|MUVO:0|EFIT:0",1791343698,1791343858
"2026-10-07 00:30:58","262",5,0,9,1,"IN_SERVICE",true,true,true,"FIT:5|BATTLE:0|BOOST:0|MUVO:0|EFIT:0",1791343784,1791343858
"2026-10-07 00:30:58","263",9,0,2,0,"IN_SERVICE",true,true,true,"FIT:9|BATTLE:0|BOOST:0|MUVO:0|EFIT:0",1791343678,1791343858
"2026-10-07 00:30:58","271",7,0,4,0,"IN_SERVICE",true,true,true,"FIT:7|BATTLE:0|BOOST:0|MUVO:0|EFIT:0",1791343843,1791343858
"2026-10-07 00:30:58","273",1,0,15,1,"IN_SERVICE",true,true,true,"FIT:1|BATTLE:0|BOOST:0|MUVO:0|EFIT:0",1791343681,1791343858
"2026-10-07 00:30:58","285",2,0,7,2,"IN_SERVICE",true,true,true,"FIT:1|BATTLE:0|BOOST:0|MUVO:0|EFIT:1",1791343699,1791343858
"2026-10-07 00:30:58","287",2,0,8,1,"IN_SERVICE",true,true,true,"FIT:2|BATTLE:0|BOOST:0|MUVO:0|EFIT:0",1791343807,1791343858
"2026-10-07 00:30:58","290",2,0,9,0,"IN_SERVICE",true,true,true,"FIT:2|BATTLE:0|BOOST:0|MUVO:0|EFIT:0",1791343825,1791343858
"2026-10-07 00:30:58","293",7,0,12,0,"IN_SERVICE",true,true,true,"FIT:7|BATTLE:0|BOOST:0|MUVO:0|EFIT:0",1791343776,1791343858
"2026-10-07 00:30:58","295",4,0,15,0,"IN_SERVICE",true,true,true,"FIT:4|BATTLE:0|BOOST:0|MUVO:0|EFIT:0",1791343772,1791343858
"2026-10-07 00:30:58","299",7,1,3,0,"IN_SERVICE",true,true,true,"FIT:7|BATTLE:0|BOOST:0|MUVO:0|EFIT:0",1791343714,1791343858
"2026-10-07 00:30:58","304",4,0,7,0,"IN_SERVICE",true,true,true,"FIT:4|BATTLE:0|BOOST:0|MUVO:0|EFIT:0",1791343754,1791343858
"2026-10-07 00:30:58","313",4,0,7,0,"IN_SERVICE",true,true,true,"FIT:4|BATTLE:0|BOOST:0|MUVO:0|EFIT:0",1791343731,1791343858
"2026-10-07 00:30:58","314",13,0,3,1,"IN_SERVICE",true,true,true,"FIT:13|BATTLE:0|BOOST:0|MUVO:0|EFIT:0",1791343740,1791343858
"2026-10-07 00:30:58","329",7,0,10,0,"IN_SERVICE",true,true,true,"FIT:1|BATTLE:0|BOOST:0|MUVO:0|EFIT:6",1791343771,1791343858
"2026-10-07 00:30:58","330",2,1,9,0,"IN_SERVICE",true,true,true,"FIT:2|BATTLE:0|BOOST:0|MUVO:0|EFIT:0",1791343795,1791343858
"2026-10-07 00:30:58","336",9,0,8,0,"IN_SERVICE",true,true,true,"FIT:9|BATTLE:0|BOOST:0|MUVO:0|EFIT:0",1791343753,1791343858
"2026-10-07 00:30:58","337",16,0,3,0,"IN_SERVICE",true,true,true,"FIT:16|BATTLE:0|BOOST:0|MUVO:0|EFIT:0",1791343805,1791343858
"2026-10-07 00:30:58","338",16,1,6,0,"IN_SERVICE",true,true,true,"FIT:16|BATTLE:0|BOOST:0|MUVO:0|EFIT:0",1791343728,1791343858
"2026-10-07 00:30:58","339",12,0,5,0,"IN_SERVICE",true,true,true,"FIT:12|BATTLE:0|BOOST:0|MUVO:0|EFIT:0",1791343692,1791343858
"2026-10-07 00:30:58","340",15,0,0,0,"IN_SERVICE",true,true,true,"FIT:15|BATTLE:0|BOOST:0|MUVO:0|EFIT:0",1791343770,1791343858
"2026-10-07 00:30:58","342",5,0,6,0,"IN_SERVICE",true,true,true,"FIT:5|BATTLE:0|BOOST:0|MUVO:0|EFIT:0",1791343764,1791343858
"2026-10-07 00:30:58","343",8,0,7,0,"IN_SERVICE",true,true,true,"FIT:8|BATTLE:0|BOOST:0|MUVO:0|EFIT:0",1791343812,1791343858
"2026-10-07 00:30:58","344",7,0,8,0,"IN_SERVICE",true,true,true,"FIT:3|BATTLE:0|BOOST:0|MUVO:0|EFIT:4",1791343744,1791343858
"2026-10-07 00:30:58","345",8,0,19,0,"IN_SERVICE",true,true,true,"FIT:8|BATTLE:0|BOOST:0|MUVO:0|EFIT:0",1791343763,1791343858
"2026-10-07 00:30:58","346",23,0,6,2,"IN_SERVICE",true,true,true,"FIT:23|BATTLE:0|BOOST:0|MUVO:0|EFIT:0",1791343846,1791343858
"2026-10-07 00:30:58","347",17,0,10,0,"IN_SERVICE",true,true,true,"FIT:16|BATTLE:0|BOOST:0|MUVO:0|EFIT:1",1791343824,1791343858
"2026-10-07 00:30:58","349",14,0,1,0,"IN_SERVICE",true,true,true,"FIT:10|BATTLE:0|BOOST:0|MUVO:0|EFIT:4",1791343801,1791343858
"2026-10-07 00:30:58","350",21,0,2,0,"IN_SERVICE",true,true,true,"FIT:21|BATTLE:0|BOOST:0|MUVO:0|EFIT:0",1791343816,1791343858
"2026-10-07 00:30:58","351",12,0,7,0,"IN_SERVICE",true,true,true,"FIT:12|BATTLE:0|BOOST:0|MUVO:0|EFIT:0",1791343748,1791343858
"2026-10-07 00:30:58","352",9,2,0,0,"IN_SERVICE",true,true,true,"FIT:9|BATTLE:0|BOOST:0|MUVO:0|EFIT:0",1791343826,1791343858
"2026-10-07 00:30:58","353",7,0,8,0,"IN_SERVICE",true,true,true,"FIT:7|BATTLE:0|BOOST:0|MUVO:0|EFIT:0",1791343810,1791343858
"2026-10-07 00:30:58","354",10,0,0,1,"IN_SERVICE",true,true,true,"FIT:10|BATTLE:0|BOOST:0|MUVO:0|EFIT:0",1791343727,1791343858
"2026-10-07 00:30:58","355",1,0,10,0,"IN_SERVICE",true,true,true,"FIT:1|BATTLE:0|BOOST:0|MUVO:0|EFIT:0",1791343684,1791343858
"2026-10-07 00:30:58","356",14,0,1,0,"IN_SERVICE",true,true,true,"FIT:14|BATTLE:0|BOOST:0|MUVO:0|EFIT:0",1791343849,1791343858
"2026-10-07 00:30:58","357",6,1,10,0,"IN_SERVICE",true,true,true,"FIT:6|BATTLE:0|BOOST:0|MUVO:0|EFIT:0",1791343701,1791343858
"2026-10-07 00:30:58","358",1,0,14,0,"IN_SERVICE",true,true,true,"FIT:1|BATTLE:0|BOOST:0|MUVO:0|EFIT:0",1791343839,1791343858
"2026-10-07 00:30:58","360",9,0,2,0,"IN_SERVICE",true,true,true,"FIT:9|BATTLE:0|BOOST:0|MUVO:0|EFIT:0",1791343786,1791343858
"2026-10-07 00:30:58","361",4,0,11,2,"IN_SERVICE",true,true,true,"FIT:4|BATTLE:0|BOOST:0|MUVO:0|EFIT:0",1791343823,1791343858
"2026-10-07 00:30:58","362",15,0,8,0,"IN_SERVICE",true,true,true,"FIT:11|BATTLE:0|BOOST:0|MUVO:0|EFIT:4",1791343729,1791343858
"2026-10-07 00:30:58","363",7,0,4,0,"IN_SERVICE",true,true,true,"FIT:7|BATTLE:0|BOOST:0|MUVO:0|EFIT:0",1791343764,1791343858
"2026-10-07 00:30:58","364",16,0,7,0,"IN_SERVICE",true,true,true,"FIT:16|BATTLE:0|BOOST:0|MUVO:0|EFIT:0",1791342247,1791343858
"2026-10-07 00:30:58","365",2,0,9,0,"IN_SERVICE",true,true,true,"FIT:2|BATTLE:0|BOOST:0|MUVO:0|EFIT:0",1791343679,1791343858
"2026-10-07 00:30:58","366",8,0,19,0,"IN_SERVICE",true,true,true,"FIT:8|BATTLE:0|BOOST:0|MUVO:0|EFIT:0",1791343739,1791343858
"2026-10-07 00:30:58","367",18,0,13,0,"IN_SERVICE",true,true,true,"FIT:18|BATTLE:0|BOOST:0|MUVO:0|EFIT:0",1791343771,1791343858
"2026-10-07 00:30:58","370",3,0,14,0,"IN_SERVICE",true,true,true,"FIT:3|BATTLE:0|BOOST:0|MUVO:0|EFIT:0",1791343698,1791343858
"2026-10-07 00:30:58","371",14,1,0,0,"IN_SERVICE",true,true,true,"FIT:14|BATTLE:0|BOOST:0|MUVO:0|EFIT:0",1791343833,1791343858
"2026-10-07 00:30:58","372",6,1,8,0,"IN_SERVICE",true,true,true,"FIT:3|BATTLE:0|BOOST:0|MUVO:0|EFIT:3",1791343745,1791343858
"2026-10-07 00:30:58","373",11,1,2,0,"IN_SERVICE",true,true,true,"FIT:6|BATTLE:0|BOOST:0|MUVO:0|EFIT:5",1791343854,1791343858
"2026-10-07 00:30:58","374",12,0,7,0,"IN_SERVICE",true,true,true,"FIT:11|BATTLE:0|BOOST:0|MUVO:0|EFIT:1",1791343754,1791343858
"2026-10-07 00:30:58","375",9,0,5,1,"IN_SERVICE",true,true,true,"FIT:9|BATTLE:0|BOOST:0|MUVO:0|EFIT:0",1791343848,1791343858
"2026-10-07 00:30:58","376",6,0,5,0,"IN_SERVICE",true,true,true,"FIT:6|BATTLE:0|BOOST:0|MUVO:0|EFIT:0",1791343827,1791343858
"2026-10-07 00:30:58","377",18,0,1,0,"IN_SERVICE",true,true,true,"FIT:18|BATTLE:0|BOOST:0|MUVO:0|EFIT:0",1791343710,1791343858
"2026-10-07 00:30:58","378",11,0,4,0,"IN_SERVICE",true,true,true,"FIT:11|BATTLE:0|BOOST:0|MUVO:0|EFIT:0",1791343788,1791343858
"2026-10-07 00:30:58","379",13,0,4,0,"IN_SERVICE",true,true,true,"FIT:10|BATTLE:0|BOOST:0|MUVO:0|EFIT:3",1791343839,1791343858
"2026-10-07 00:30:58","381",9,0,6,0,"IN_SERVICE",true,true,true,"FIT:9|BATTLE:0|BOOST:0|MUVO:0|EFIT:0",1791343792,1791343858
"2026-10-07 00:30:58","382",3,0,16,0,"IN_SERVICE",true,true,true,"FIT:3|BATTLE:0|BOOST:0|MUVO:0|EFIT:0",1791343720,1791343858
"2026-10-07 00:30:58","383",4,0,7,0,"IN_SERVICE",true,true,true,"FIT:4|BATTLE:0|BOOST:0|MUVO:0|EFIT:0",1791343848,1791343858
"2026-10-07 00:30:58","384",2,0,13,0,"IN_SERVICE",true,true,true,"FIT:2|BATTLE:0|BOOST:0|MUVO:0|EFIT:0",1791343770,1791343858
"2026-10-07 00:30:58","389",3,0,8,0,"IN_SERVICE",true,true,true,"FIT:2|BATTLE:0|BOOST:0|MUVO:0|EFIT:1",1791343738,1791343858
"2026-10-07 00:30:58","391",11,0,6,0,"IN_SERVICE",true,true,true,"FIT:11|BATTLE:0|BOOST:0|MUVO:0|EFIT:0",1791343822,1791343858
"2026-10-07 00:30:58","404",26,0,1,0,"IN_SERVICE",true,true,true,"FIT:25|BATTLE:0|BOOST:0|MUVO:0|EFIT:1",1791343758,1791343858
"2026-10-07 00:30:58","416",11,0,4,0,"IN_SERVICE",true,true,true,"FIT:11|BATTLE:0|BOOST:0|MUVO:0|EFIT:0",1791343765,1791343858
"2026-10-07 00:30:58","417",10,2,2,1,"IN_SERVICE",true,true,true,"FIT:10|BATTLE:0|BOOST:0|MUVO:0|EFIT:0",1791343738,1791343858
"2026-10-07 00:30:58","418",2,0,17,0,"IN_SERVICE",true,true,true,"FIT:0|BATTLE:0|BOOST:0|MUVO:0|EFIT:2",1791343762,1791343858
"2026-10-07 00:30:58","419",5,2,9,3,"IN_SERVICE",true,true,true,"FIT:2|BATTLE:0|BOOST:0|MUVO:0|EFIT:3",1791343718,1791343858
"2026-10-07 00:30:58","421",19,0,3,1,"IN_SERVICE",true,true,true,"FIT:9|BATTLE:0|BOOST:0|MUVO:0|EFIT:10",1791343768,1791343858
"2026-10-07 00:30:58","422",10,0,1,0,"IN_SERVICE",true,true,true,"FIT:10|BATTLE:0|BOOST:0|MUVO:0|EFIT:0",1791343736,1791343858
"2026-10-07 00:30:58","424",14,0,5,0,"IN_SERVICE",true,true,true,"FIT:14|BATTLE:0|BOOST:0|MUVO:0|EFIT:0",1791343792,1791343858
"2026-10-07 00:30:58","425",4,0,23,0,"IN_SERVICE",true,true,true,"FIT:3|BATTLE:0|BOOST:0|MUVO:0|EFIT:1",1791343728,1791343858
"2026-10-07 00:30:58","426",9,0,6,0,"IN_SERVICE",true,true,true,"FIT:6|BATTLE:0|BOOST:0|MUVO:0|EFIT:3",1791343754,1791343858
"2026-10-07 00:30:58","427",4,1,10,0,"IN_SERVICE",true,true,true,"FIT:4|BATTLE:0|BOOST:0|MUVO:0|EFIT:0",1791343758,1791343858
"2026-10-07 00:30:58","429",2,2,11,0,"IN_SERVICE",true,true,true,"FIT:2|BATTLE:0|BOOST:0|MUVO:0|EFIT:0",1791343711,1791343858
"2026-10-07 00:30:58","430",11,0,4,0,"IN_SERVICE",true,true,true,"FIT:3|BATTLE:0|BOOST:0|MUVO:0|EFIT:8",1791343857,1791343858
"2026-10-07 00:30:58","431",9,0,2,0,"IN_SERVICE",true,true,true,"FIT:6|BATTLE:0|BOOST:0|MUVO:0|EFIT:3",1791343815,1791343858
"2026-10-07 00:30:58","432",0,0,11,0,"IN_SERVICE",true,true,true,"FIT:0|BATTLE:0|BOOST:0|MUVO:0|EFIT:0",1791343820,1791343858
"2026-10-07 00:30:58","433",2,0,9,0,"IN_SERVICE",true,true,true,"FIT:2|BATTLE:0|BOOST:0|MUVO:0|EFIT:0",1791343844,1791343858
"2026-10-07 00:30:58","434",10,0,12,1,"IN_SERVICE",true,true,true,"FIT:10|BATTLE:0|BOOST:0|MUVO:0|EFIT:0",1791343741,1791343858
"2026-10-07 00:30:58","435",18,0,1,0,"IN_SERVICE",true,true,true,"FIT:9|BATTLE:0|BOOST:0|MUVO:0|EFIT:9",1791343829,1791343858
"2026-10-07 00:30:58","436",8,1,2,0,"IN_SERVICE",true,true,true,"FIT:3|BATTLE:0|BOOST:0|MUVO:0|EFIT:5",1791343730,1791343858
"2026-10-07 00:30:58","437",11,0,0,0,"IN_SERVICE",true,true,true,"FIT:9|BATTLE:0|BOOST:0|MUVO:0|EFIT:2",1791343849,1791343858
"2026-10-07 00:30:58","438",0,1,8,2,"IN_SERVICE",true,true,true,"FIT:0|BATTLE:0|BOOST:0|MUVO:0|EFIT:0",1791343826,1791343858
"2026-10-07 00:30:58","439",3,0,12,0,"IN_SERVICE",true,true,true,"FIT:3|BATTLE:0|BOOST:0|MUVO:0|EFIT:0",1791343797,1791343858
"2026-10-07 00:30:58","440",9,0,2,0,"IN_SERVICE",true,true,true,"FIT:9|BATTLE:0|BOOST:0|MUVO:0|EFIT:0",1791343843,1791343858
"2026-10-07 00:30:58","442",1,0,10,0,"IN_SERVICE",true,true,true,"FIT:0|BATTLE:0|BOOST:0|MUVO:0|EFIT:1",1791343773,1791343858
"2026-10-07 00:30:58","443",13,0,13,1,"IN_SERVICE",true,true,true,"FIT:13|BATTLE:0|BOOST:0|MUVO:0|EFIT:0",1791343832,1791343858
"2026-10-07 00:30:58","446",6,0,11,0,"IN_SERVICE",true,true,true,"FIT:4|BATTLE:0|BOOST:0|MUVO:0|EFIT:2",1791343743,1791343858
"2026-10-07 00:30:58","448",6,0,4,1,"IN_SERVICE",true,true,true,"FIT:6|BATTLE:0|BOOST:0|MUVO:0|EFIT:0",1791343855,1791343858
"2026-10-07 00:30:58","451",7,0,4,0,"IN_SERVICE",true,true,true,"FIT:7|BATTLE:0|BOOST:0|MUVO:0|EFIT:0",1791343712,1791343858
"2026-10-07 00:30:58","452",3,0,16,0,"IN_SERVICE",true,true,true,"FIT:3|BATTLE:0|BOOST:0|MUVO:0|EFIT:0",1791343819,1791343858
"2026-10-07 00:30:58","454",9,0,6,0,"IN_SERVICE",true,true,true,"FIT:9|BATTLE:0|BOOST:0|MUVO:0|EFIT:0",1791343685,1791343858
"2026-10-07 00:30:58","455",10,0,1,0,"IN_SERVICE",true,true,true,"FIT:10|BATTLE:0|BOOST:0|MUVO:0|EFIT:0",1791343823,1791343858
"2026-10-07 00:30:58","459",6,0,11,0,"IN_SERVICE",true,true,true,"FIT:6|BATTLE:0|BOOST:0|MUVO:0|EFIT:0",1791343787,1791343858
"2026-10-07 00:30:58","460",3,0,20,0,"IN_SERVICE",true,true,true,"FIT:2|BATTLE:0|BOOST:0|MUVO:0|EFIT:1",1791343851,1791343858
"2026-10-07 00:30:58","461",5,0,10,0,"IN_SERVICE",true,true,true,"FIT:4|BATTLE:0|BOOST:0|MUVO:0|EFIT:1",1791343849,1791343858
"2026-10-07 00:30:58","462",2,1,11,1,"IN_SERVICE",true,true,true,"FIT:2|BATTLE:0|BOOST:0|MUVO:0|EFIT:0",1791343792,1791343858
"2026-10-07 00:30:58","463",13,0,2,0,"IN_SERVICE",true,true,true,"FIT:13|BATTLE:0|BOOST:0|MUVO:0|EFIT:0",1791343749,1791343858
"2026-10-07 00:30:58","464",7,1,3,0,"IN_SERVICE",true,true,true,"FIT:3|BATTLE:0|BOOST:0|MUVO:0|EFIT:4",1791343736,1791343858
"2026-10-07 00:30:58","466",15,0,4,0,"IN_SERVICE",true,true,true,"FIT:14|BATTLE:0|BOOST:0|MUVO:0|EFIT:1",1791343856,1791343858
"2026-10-07 00:30:58","467",0,1,14,0,"IN_SERVICE",true,true,true,"FIT:0|BATTLE:0|BOOST:0|MUVO:0|EFIT:0",1791343713,1791343858
"2026-10-07 00:30:58","468",9,0,10,0,"IN_SERVICE",true,true,true,"FIT:9|BATTLE:0|BOOST:0|MUVO:0|EFIT:0",1791343752,1791343858
"2026-10-07 00:30:58","469",17,0,1,1,"IN_SERVICE",true,true,true,"FIT:17|BATTLE:0|BOOST:0|MUVO:0|EFIT:0",1791343709,1791343858
"2026-10-07 00:30:58","470",11,0,8,0,"IN_SERVICE",true,true,true,"FIT:11|BATTLE:0|BOOST:0|MUVO:0|EFIT:0",1791343832,1791343858
"2026-10-07 00:30:58","471",3,0,16,0,"IN_SERVICE",true,true,true,"FIT:2|BATTLE:0|BOOST:0|MUVO:0|EFIT:1",1791343813,1791343858
"2026-10-07 00:30:58","473",7,0,4,0,"IN_SERVICE",true,true,true,"FIT:6|BATTLE:0|BOOST:0|MUVO:0|EFIT:1",1791343709,1791343858
"2026-10-07 00:30:58","474",14,0,1,0,"IN_SERVICE",true,true,true,"FIT:11|BATTLE:0|BOOST:0|MUVO:0|EFIT:3",1791343763,1791343858
"2026-10-07 00:30:58","477",13,0,2,0,"IN_SERVICE",true,true,true,"FIT:2|BATTLE:0|BOOST:0|MUVO:0|EFIT:11",1791343836,1791343858
"2026-10-07 00:30:58","479",17,0,2,0,"IN_SERVICE",true,true,true,"FIT:17|BATTLE:0|BOOST:0|MUVO:0|EFIT:0",1791343815,1791343858
"2026-10-07 00:30:58","487",10,0,1,0,"IN_SERVICE",true,true,true,"FIT:10|BATTLE:0|BOOST:0|MUVO:0|EFIT:0",1791343759,1791343858
"2026-10-07 00:30:58","488",8,0,7,0,"IN_SERVICE",true,true,true,"FIT:8|BATTLE:0|BOOST:0|MUVO:0|EFIT:0",1791343684,1791343858
"2026-10-07 00:30:58","489",11,2,9,1,"IN_SERVICE",true,true,true,"FIT:11|BATTLE:0|BOOST:0|MUVO:0|EFIT:0",1791343679,1791343858
"2026-10-07 00:30:58","490",4,2,5,0,"IN_SERVICE",true,true,true,"FIT:2|BATTLE:0|BOOST:0|MUVO:0|EFIT:2",1791343768,1791343858
"2026-10-07 00:30:58","491",5,0,12,0,"IN_SERVICE",true,true,true,"FIT:5|BATTLE:0|BOOST:0|MUVO:0|EFIT:0",1791343774,1791343858
"2026-10-07 00:30:58","492",0,0,14,1,"IN_SERVICE",true,true,true,"FIT:0|BATTLE:0|BOOST:0|MUVO:0|EFIT:0",1791343782,1791343858
"2026-10-07 00:30:58","493",1,0,16,2,"IN_SERVICE",true,true,true,"FIT:1|BATTLE:0|BOOST:0|MUVO:0|EFIT:0",1791343823,1791343858
"2026-10-07 00:30:58","494",2,1,16,0,"IN_SERVICE",true,true,true,"FIT:2|BATTLE:0|BOOST:0|MUVO:0|EFIT:0",1791343705,1791343858
"2026-10-07 00:30:58","495",4,0,15,0,"IN_SERVICE",true,true,true,"FIT:3|BATTLE:0|BOOST:0|MUVO:0|EFIT:1",1791343685,1791343858
"2026-10-07 00:30:58","497",3,0,12,0,"IN_SERVICE",true,true,true,"FIT:3|BATTLE:0|BOOST:0|MUVO:0|EFIT:0",1791343691,1791343858
"2026-10-07 00:30:58","498",0,2,17,0,"IN_SERVICE",true,true,true,"FIT:0|BATTLE:0|BOOST:0|MUVO:0|EFIT:0",1791343800,1791343858
"2026-10-07 00:30:58","499",0,0,11,0,"IN_SERVICE",true,true,true,"FIT:0|BATTLE:0|BOOST:0|MUVO:0|EFIT:0",1791343704,1791343858
"2026-10-07 00:30:58","500",10,0,1,0,"IN_SERVICE",true,true,true,"FIT:10|BATTLE:0|BOOST:0|MUVO:0|EFIT:0",1791343810,1791343858
"2026-10-07 00:30:58","501",5,0,17,0,"IN_SERVICE",true,true,true,"FIT:5|BATTLE:0|BOOST:0|MUVO:0|EFIT:0",1791343690,1791343858
"2026-10-07 00:30:58","503",16,2,9,0,"IN_SERVICE",true,true,true,"FIT:16|BATTLE:0|BOOST:0|MUVO:0|EFIT:0",1791343806,1791343858
"2026-10-07 00:30:58","504",1,1,9,0,"IN_SERVICE",true,true,true,"FIT:1|BATTLE:0|BOOST:0|MUVO:0|EFIT:0",1791343737,1791343858
"2026-10-07 00:30:58","505",3,0,16,0,"IN_SERVICE",true,true,true,"FIT:3|BATTLE:0|BOOST:0|MUVO:0|EFIT:0",1791343842,1791343858
"2026-10-07 00:30:58","506",26,0,1,0,"IN_SERVICE",true,true,true,"FIT:25|BATTLE:0|BOOST:0|MUVO:0|EFIT:1",1791343723,1791343858
"2026-10-07 00:30:58","508",3,0,16,0,"IN_SERVICE",true,true,true,"FIT:3|BATTLE:0|BOOST:0|MUVO:0|EFIT:0",1791343696,1791343858
"2026-10-07 00:30:58","509",10,0,9,0,"IN_SERVICE",true,true,true,"FIT:6|BATTLE:0|BOOST:0|MUVO:0|EFIT:4",1791343840,1791343858
"2026-10-07 00:30:58","518",3,0,8,0,"IN_SERVICE",true,true,true,"FIT:2|BATTLE:0|BOOST:0|MUVO:0|EFIT:1",1791343828,1791343858
"2026-10-07 00:30:58","519",1,1,13,0,"IN_SERVICE",true,true,true,"FIT:1|BATTLE:0|BOOST:0|MUVO:0|EFIT:0",1791343797,1791343858
"2026-10-07 00:30:58","520",10,0,1,0,"IN_SERVICE",true,true,true,"FIT:1|BATTLE:0|BOOST:0|MUVO:0|EFIT:9",1791343683,1791343858
"2026-10-07 00:30:58","521",7,0,10,0,"IN_SERVICE",true,true,true,"FIT:6|BATTLE:0|BOOST:0|MUVO:0|EFIT:1",1791343712,1791343858
"2026-10-07 00:30:58","522",3,0,16,0,"IN_SERVICE",true,true,true,"FIT:3|BATTLE:0|BOOST:0|MUVO:0|EFIT:0",1791343695,1791343858
"2026-10-07 00:30:58","523",9,0,10,0,"IN_SERVICE",true,true,true,"FIT:9|BATTLE:0|BOOST:0|MUVO:0|EFIT:0",1791343713,1791343858
"2026-10-07 00:30:58","524",4,0,12,0,"IN_SERVICE",true,true,true,"FIT:4|BATTLE:0|BOOST:0|MUVO:0|EFIT:0",1791343747,1791343858
"2026-10-07 00:30:58","525",3,0,16,0,"IN_SERVICE",true,true,true,"FIT:3|BATTLE:0|BOOST:0|MUVO:0|EFIT:0",1791343752,1791343858
"2026-10-07 00:30:58","526",3,0,12,0,"IN_SERVICE",true,true,true,"FIT:3|BATTLE:0|BOOST:0|MUVO:0|EFIT:0",1791343753,1791343858
"2026-10-07 00:30:58","528",4,0,10,1,"IN_SERVICE",true,true,true,"FIT:4|BATTLE:0|BOOST:0|MUVO:0|EFIT:0",1791343690,1791343858
"2026-10-07 00:30:58","529",1,0,14,0,"IN_SERVICE",true,true,true,"FIT:1|BATTLE:0|BOOST:0|MUVO:0|EFIT:0",1791343834,1791343858
"2026-10-07 00:30:58","530",0,0,19,0,"IN_SERVICE",true,true,true,"FIT:0|BATTLE:0|BOOST:0|MUVO:0|EFIT:0",1791343798,1791343858
"2026-10-07 00:30:58","531",7,0,10,0,"IN_SERVICE",true,true,true,"FIT:7|BATTLE:0|BOOST:0|MUVO:0|EFIT:0",1791343699,1791343858
"2026-10-07 00:30:58","536",3,0,8,0,"IN_SERVICE",true,true,true,"FIT:3|BATTLE:0|BOOST:0|MUVO:0|EFIT:0",1791343684,1791343858
"2026-10-07 00:30:58","538",10,0,1,0,"IN_SERVICE",true,true,true,"FIT:10|BATTLE:0|BOOST:0|MUVO:0|EFIT:0",1791343838,1791343858
"2026-10-07 00:30:58","539",13,0,2,0,"IN_SERVICE",true,true,true,"FIT:13|BATTLE:0|BOOST:0|MUVO:0|EFIT:0",1791343840,1791343858
"2026-10-07 00:30:58","540",0,0,15,0,"IN_SERVICE",true,true,true,"FIT:0|BATTLE:0|BOOST:0|MUVO:0|EFIT:0",1791343813,1791343858
"2026-10-07 00:30:58","541",1,0,14,0,"IN_SERVICE",true,true,true,"FIT:1|BATTLE:0|BOOST:0|MUVO:0|EFIT:0",1791343719,1791343858
"2026-10-07 00:30:58","542",8,0,7,0,"IN_SERVICE",true,true,true,"FIT:8|BATTLE:0|BOOST:0|MUVO:0|EFIT:0",1791343743,1791343858
"2026-10-07 00:30:58","543",0,0,15,0,"IN_SERVICE",true,true,true,"FIT:0|BATTLE:0|BOOST:0|MUVO:0|EFIT:0",1791343826,1791343858
"2026-10-07 00:30:58","548",11,2,2,0,"IN_SERVICE",true,true,true,"FIT:11|BATTLE:0|BOOST:0|MUVO:0|EFIT:0",1791343793,1791343858
"2026-10-07 00:30:58","549",3,2,10,0,"IN_SERVICE",true,true,true,"FIT:2|BATTLE:0|BOOST:0|MUVO:0|EFIT:1",1791343824,1791343858
"2026-10-07 00:30:58","551",6,0,9,0,"IN_SERVICE",true,true,true,"FIT:6|BATTLE:0|BOOST:0|MUVO:0|EFIT:0",1791343752,1791343858
"2026-10-07 00:30:58","555",10,0,5,0,"IN_SERVICE",true,true,true,"FIT:10|BATTLE:0|BOOST:0|MUVO:0|EFIT:0",1791343720,1791343858
"2026-10-07 00:30:58","559",14,0,13,0,"IN_SERVICE",true,true,true,"FIT:12|BATTLE:0|BOOST:0|MUVO:0|EFIT:2",1791343736,1791343858
"2026-10-07 00:30:58","565",1,0,14,0,"IN_SERVICE",true,true,true,"FIT:1|BATTLE:0|BOOST:0|MUVO:0|EFIT:0",1791343834,1791343858
"2026-10-07 00:30:58","566",16,0,1,0,"IN_SERVICE",true,true,true,"FIT:16|BATTLE:0|BOOST:0|MUVO:0|EFIT:0",1791343740,1791343858
"2026-10-07 00:30:58","567",6,1,10,0,"IN_SERVICE",true,true,true,"FIT:5|BATTLE:0|BOOST:0|MUVO:0|EFIT:1",1791343795,1791343858
"2026-10-07 00:30:58","570",1,0,10,0,"IN_SERVICE",true,true,true,"FIT:1|BATTLE:0|BOOST:0|MUVO:0|EFIT:0",1791343742,1791343858
"2026-10-07 00:30:58","572",5,0,18,0,"IN_SERVICE",true,true,true,"FIT:5|BATTLE:0|BOOST:0|MUVO:0|EFIT:0",1791343793,1791343858
"2026-10-07 00:30:58","576",8,0,15,0,"IN_SERVICE",true,true,true,"FIT:8|BATTLE:0|BOOST:0|MUVO:0|EFIT:0",1791343801,1791343858
"2026-10-07 00:30:58","577",3,0,12,0,"IN_SERVICE",true,true,true,"FIT:2|BATTLE:0|BOOST:0|MUVO:0|EFIT:1",1791343710,1791343858
"2026-10-07 00:30:58","590",0,1,9,0,"IN_SERVICE",true,true,true,"FIT:0|BATTLE:0|BOOST:0|MUVO:0|EFIT:0",1791343731,1791343858
"2026-10-07 00:30:58","593",15,0,0,0,"IN_SERVICE",true,true,true,"FIT:13|BATTLE:0|BOOST:0|MUVO:0|EFIT:2",1791343770,1791343858
"2026-10-07 00:30:58","594",14,2,3,0,"IN_SERVICE",true,true,true,"FIT:14|BATTLE:0|BOOST:0|MUVO:0|EFIT:0",1791343737,1791343858
"2026-10-07 00:30:58","595",2,0,12,1,"IN_SERVICE",true,true,true,"FIT:2|BATTLE:0|BOOST:0|MUVO:0|EFIT:0",1791343702,1791343858
"2026-10-07 00:30:58","597",10,3,4,2,"IN_SERVICE",true,true,true,"FIT:10|BATTLE:0|BOOST:0|MUVO:0|EFIT:0",1791343772,1791343858
"2026-10-07 00:30:58","598",1,0,8,0,"IN_SERVICE",true,true,true,"FIT:1|BATTLE:0|BOOST:0|MUVO:0|EFIT:0",1791343840,1791343858
"2026-10-07 00:45:19","1",11,0,6,0,"IN_SERVICE",true,true,true,"FIT:11|BATTLE:0|BOOST:0|MUVO:0|EFIT:0",1791344597,1791344716
"2026-10-07 00:45:19","2",9,1,8,1,"IN_SERVICE",true,true,true,"FIT:9|BATTLE:0|BOOST:0|MUVO:0|EFIT:0",1791344626,1791344716
"2026-10-07 00:45:19","3",1,2,15,0,"IN_SERVICE",true,true,true,"FIT:1|BATTLE:0|BOOST:0|MUVO:0|EFIT:0",1791344650,1791344716
"2026-10-07 00:45:19","4",1,1,15,0,"IN_SERVICE",true,true,true,"FIT:1|BATTLE:0|BOOST:0|MUVO:0|EFIT:0",1791344619,1791344716
"2026-10-07 00:45:19","5",8,0,15,0,"IN_SERVICE",true,true,true,"FIT:7|BATTLE:0|BOOST:0|MUVO:0|EFIT:1",1791344593,1791344716
"2026-10-07 00:45:19","6",12,1,5,1,"IN_SERVICE",true,true,true,"FIT:12|BATTLE:0|BOOST:0|MUVO:0|EFIT:0",1791344634,1791344716
"2026-10-07 00:45:19","7",3,0,16,0,"IN_SERVICE",true,true,true,"FIT:2|BATTLE:0|BOOST:0|MUVO:0|EFIT:1",1791344560,1791344716
"2026-10-07 00:45:19","8",7,0,16,0,"IN_SERVICE",true,true,true,"FIT:6|BATTLE:0|BOOST:0|MUVO:0|EFIT:1",1791344614,1791344716
"2026-10-07 00:45:19","9",18,1,4,0,"IN_SERVICE",true,true,true,"FIT:16|BATTLE:0|BOOST:0|MUVO:0|EFIT:2",1791344549,1791344716
"2026-10-07 00:45:19","10",13,0,6,0,"IN_SERVICE",true,true,true,"FIT:11|BATTLE:0|BOOST:0|MUVO:0|EFIT:2",1791344582,1791344716
"2026-10-07 00:45:19","11",11,0,6,0,"IN_SERVICE",true,true,true,"FIT:10|BATTLE:0|BOOST:0|MUVO:0|EFIT:1",1791344684,1791344716
"2026-10-07 00:45:19","12",15,1,3,0,"IN_SERVICE",true,true,true,"FIT:13|BATTLE:0|BOOST:0|MUVO:0|EFIT:2",1791344554,1791344716
"2026-10-07 00:45:19","14",14,0,9,0,"IN_SERVICE",true,true,true,"FIT:12|BATTLE:0|BOOST:0|MUVO:0|EFIT:2",1791344621,1791344716
"2026-10-07 00:45:19","15",4,0,11,0,"IN_SERVICE",true,true,true,"FIT:3|BATTLE:0|BOOST:0|MUVO:0|EFIT:1",1791344663,1791344716
"2026-10-07 00:45:19","16",19,0,4,0,"IN_SERVICE",true,true,true,"FIT:3|BATTLE:0|BOOST:0|MUVO:0|EFIT:16",1791344535,1791344716
"2026-10-07 00:45:19","17",16,0,3,0,"IN_SERVICE",true,true,true,"FIT:11|BATTLE:0|BOOST:0|MUVO:0|EFIT:5",1791344603,1791344716
"2026-10-07 00:45:19","18",10,0,5,0,"IN_SERVICE",true,true,true,"FIT:7|BATTLE:0|BOOST:0|MUVO:0|EFIT:3",1791344669,1791344716
"2026-10-07 00:45:19","19",3,0,7,1,"IN_SERVICE",true,true,true,"FIT:2|BATTLE:0|BOOST:0|MUVO:0|EFIT:1",1791344630,1791344716
"2026-10-07 00:45:19","20",4,2,16,1,"IN_SERVICE",true,true,true,"FIT:2|BATTLE:0|BOOST:0|MUVO:0|EFIT:2",1791344711,1791344716
"2026-10-07 00:45:19","21",6,1,9,0,"IN_SERVICE",true,true,true,"FIT:3|BATTLE:0|BOOST:0|MUVO:0|EFIT:3",1791344706,1791344716
"2026-10-07 00:45:19","22",7,0,8,0,"IN_SERVICE",true,true,true,"FIT:7|BATTLE:0|BOOST:0|MUVO:0|EFIT:0",1791344673,1791344716
"2026-10-07 00:45:19","23",4,4,12,0,"IN_SERVICE",true,true,true,"FIT:3|BATTLE:0|BOOST:0|MUVO:0|EFIT:1",1791344702,1791344716
"2026-10-07 00:45:19","24",8,0,15,0,"IN_SERVICE",true,true,true,"FIT:8|BATTLE:0|BOOST:0|MUVO:0|EFIT:0",1791344671,1791344716
"2026-10-07 00:45:19","25",6,1,13,0,"IN_SERVICE",true,true,true,"FIT:5|BATTLE:0|BOOST:0|MUVO:0|EFIT:1",1791344684,1791344716
"2026-10-07 00:45:19","26",2,4,17,0,"IN_SERVICE",true,true,true,"FIT:2|BATTLE:0|BOOST:0|MUVO:0|EFIT:0",1791344714,1791344716
"2026-10-07 00:45:19","27",7,0,23,1,"IN_SERVICE",true,true,true,"FIT:5|BATTLE:0|BOOST:0|MUVO:0|EFIT:2",1791344645,1791344716
"2026-10-07 00:45:19","28",24,0,4,1,"IN_SERVICE",true,true,true,"FIT:24|BATTLE:0|BOOST:0|MUVO:0|EFIT:0",1791344579,1791344716
"2026-10-07 00:45:19","30",4,1,11,1,"IN_SERVICE",true,true,true,"FIT:3|BATTLE:0|BOOST:0|MUVO:0|EFIT:1",1791341344,1791344716
"2026-10-07 00:45:19","31",16,2,14,0,"IN_SERVICE",true,true,true,"FIT:16|BATTLE:0|BOOST:0|MUVO:0|EFIT:0",1791344572,1791344716
"2026-10-07 00:45:19","32",21,2,4,0,"IN_SERVICE",true,true,true,"FIT:21|BATTLE:0|BOOST:0|MUVO:0|EFIT:0",1791344629,1791344716
"2026-10-07 00:45:19","33",8,4,2,0,"IN_SERVICE",true,true,true,"FIT:8|BATTLE:0|BOOST:0|MUVO:0|EFIT:0",1791344672,1791344716
"2026-10-07 00:45:19","34",7,1,23,0,"IN_SERVICE",true,true,true,"FIT:4|BATTLE:0|BOOST:0|MUVO:0|EFIT:3",1791344672,1791344716
"2026-10-07 00:45:19","35",8,1,26,0,"IN_SERVICE",true,true,true,"FIT:2|BATTLE:0|BOOST:0|MUVO:0|EFIT:6",1791344570,1791344716
"2026-10-07 00:45:19","36",10,0,5,0,"IN_SERVICE",true,true,true,"FIT:9|BATTLE:0|BOOST:0|MUVO:0|EFIT:1",1791344633,1791344716
"2026-10-07 00:45:19","37",9,0,5,0,"IN_SERVICE",true,true,true,"FIT:9|BATTLE:0|BOOST:0|MUVO:0|EFIT:0",1791344557,1791344716
"2026-10-07 00:45:19","38",1,0,30,0,"IN_SERVICE",true,true,true,"FIT:1|BATTLE:0|BOOST:0|MUVO:0|EFIT:0",1791344550,1791344716
"2026-10-07 00:45:19","39",1,0,10,0,"IN_SERVICE",true,true,true,"FIT:0|BATTLE:0|BOOST:0|MUVO:0|EFIT:1",1791344660,1791344716
"2026-10-07 00:45:19","40",7,1,11,0,"IN_SERVICE",true,true,true,"FIT:2|BATTLE:0|BOOST:0|MUVO:0|EFIT:5",1791344620,1791344716
"2026-10-07 00:45:19","41",8,1,10,0,"IN_SERVICE",true,true,true,"FIT:8|BATTLE:0|BOOST:0|MUVO:0|EFIT:0",1791344644,1791344716
"2026-10-07 00:45:19","42",2,0,17,0,"IN_SERVICE",true,true,true,"FIT:2|BATTLE:0|BOOST:0|MUVO:0|EFIT:0",1791344543,1791344716
"2026-10-07 00:45:19","43",14,0,3,0,"IN_SERVICE",true,true,true,"FIT:14|BATTLE:0|BOOST:0|MUVO:0|EFIT:0",1791344557,1791344716
"2026-10-07 00:45:19","44",17,1,1,0,"IN_SERVICE",true,true,true,"FIT:13|BATTLE:0|BOOST:0|MUVO:0|EFIT:4",1791344540,1791344716
"2026-10-07 00:45:19","45",17,0,2,0,"IN_SERVICE",true,true,true,"FIT:16|BATTLE:0|BOOST:0|MUVO:0|EFIT:1",1791344578,1791344716
"2026-10-07 00:45:19","46",5,1,18,0,"IN_SERVICE",true,true,true,"FIT:4|BATTLE:0|BOOST:0|MUVO:0|EFIT:1",1791344660,1791344716
"2026-10-07 00:45:19","47",3,0,12,0,"IN_SERVICE",true,true,true,"FIT:3|BATTLE:0|BOOST:0|MUVO:0|EFIT:0",1791344660,1791344716
"2026-10-07 00:45:19","48",6,0,13,0,"IN_SERVICE",true,true,true,"FIT:6|BATTLE:0|BOOST:0|MUVO:0|EFIT:0",1791344714,1791344716
"2026-10-07 00:45:19","49",3,1,10,0,"IN_SERVICE",true,true,true,"FIT:3|BATTLE:0|BOOST:0|MUVO:0|EFIT:0",1791344702,1791344716
"2026-10-07 00:45:19","50",6,1,15,1,"IN_SERVICE",true,true,true,"FIT:6|BATTLE:0|BOOST:0|MUVO:0|EFIT:0",1791344652,1791344716
"2026-10-07 00:45:19","51",13,1,2,1,"IN_SERVICE",true,true,true,"FIT:12|BATTLE:0|BOOST:0|MUVO:0|EFIT:1",1791344678,1791344716
"2026-10-07 00:45:19","52",3,0,11,1,"IN_SERVICE",true,true,true,"FIT:2|BATTLE:0|BOOST:0|MUVO:0|EFIT:1",1791344614,1791344716
"2026-10-07 00:45:19","53",4,0,7,0,"IN_SERVICE",true,true,true,"FIT:4|BATTLE:0|BOOST:0|MUVO:0|EFIT:0",1791344575,1791344716
"2026-10-07 00:45:19","54",1,0,18,0,"IN_SERVICE",true,true,true,"FIT:1|BATTLE:0|BOOST:0|MUVO:0|EFIT:0",1791344713,1791344716
"2026-10-07 00:45:19","55",6,0,11,0,"IN_SERVICE",true,true,true,"FIT:6|BATTLE:0|BOOST:0|MUVO:0|EFIT:0",1791344668,1791344716
"2026-10-07 00:45:19","56",21,0,2,0,"IN_SERVICE",true,true,true,"FIT:21|BATTLE:0|BOOST:0|MUVO:0|EFIT:0",1791344614,1791344716
"2026-10-07 00:45:19","57",8,0,7,0,"IN_SERVICE",true,true,true,"FIT:8|BATTLE:0|BOOST:0|MUVO:0|EFIT:0",1791344574,1791344716
"2026-10-07 00:45:19","58",3,0,19,1,"IN_SERVICE",true,true,true,"FIT:3|BATTLE:0|BOOST:0|MUVO:0|EFIT:0",1791344638,1791344716
"2026-10-07 00:45:19","59",1,0,10,0,"IN_SERVICE",true,true,true,"FIT:1|BATTLE:0|BOOST:0|MUVO:0|EFIT:0",1791344691,1791344716
"2026-10-07 00:45:19","60",1,0,13,1,"IN_SERVICE",true,true,true,"FIT:1|BATTLE:0|BOOST:0|MUVO:0|EFIT:0",1791344628,1791344716
"2026-10-07 00:45:19","61",13,0,4,0,"IN_SERVICE",true,true,true,"FIT:13|BATTLE:0|BOOST:0|MUVO:0|EFIT:0",1791344708,1791344716
"2026-10-07 00:45:19","62",10,0,5,0,"IN_SERVICE",true,true,true,"FIT:10|BATTLE:0|BOOST:0|MUVO:0|EFIT:0",1791344548,1791344716
"2026-10-07 00:45:19","63",5,0,8,1,"IN_SERVICE",true,true,true,"FIT:5|BATTLE:0|BOOST:0|MUVO:0|EFIT:0",1791344712,1791344716
"2026-10-07 00:45:19","64",7,0,12,0,"IN_SERVICE",true,true,true,"FIT:6|BATTLE:0|BOOST:0|MUVO:0|EFIT:1",1791344583,1791344716
"2026-10-07 00:45:19","65",1,0,20,2,"IN_SERVICE",true,true,true,"FIT:1|BATTLE:0|BOOST:0|MUVO:0|EFIT:0",1791344554,1791344716
"2026-10-07 00:45:19","66",0,0,11,0,"IN_SERVICE",true,true,true,"FIT:0|BATTLE:0|BOOST:0|MUVO:0|EFIT:0",1791344569,1791344716
"2026-10-07 00:45:19","67",13,1,1,0,"IN_SERVICE",true,true,true,"FIT:13|BATTLE:0|BOOST:0|MUVO:0|EFIT:0",1791344604,1791344716
"2026-10-07 00:45:19","68",17,0,6,0,"IN_SERVICE",true,true,true,"FIT:16|BATTLE:0|BOOST:0|MUVO:0|EFIT:1",1791344556,1791344716
"2026-10-07 00:45:19","69",7,2,14,0,"IN_SERVICE",true,true,true,"FIT:3|BATTLE:0|BOOST:0|MUVO:0|EFIT:4",1791337505,1791344716
"2026-10-07 00:45:19","70",21,2,0,0,"IN_SERVICE",true,true,true,"FIT:19|BATTLE:0|BOOST:0|MUVO:0|EFIT:2",1791344637,1791344716
"2026-10-07 00:45:19","71",17,1,1,0,"IN_SERVICE",true,true,true,"FIT:16|BATTLE:0|BOOST:0|MUVO:0|EFIT:1",1791344646,1791344716
"2026-10-07 00:45:19","73",6,0,17,0,"IN_SERVICE",true,true,true,"FIT:4|BATTLE:0|BOOST:0|MUVO:0|EFIT:2",1791344637,1791344716
"2026-10-07 00:45:19","74",13,4,2,0,"IN_SERVICE",true,true,true,"FIT:12|BATTLE:0|BOOST:0|MUVO:0|EFIT:1",1791344604,1791344716
"2026-10-07 00:45:19","75",3,1,11,0,"IN_SERVICE",true,true,true,"FIT:0|BATTLE:0|BOOST:0|MUVO:0|EFIT:3",1791344712,1791344716
"2026-10-07 00:45:19","76",1,0,18,0,"IN_SERVICE",true,true,true,"FIT:1|BATTLE:0|BOOST:0|MUVO:0|EFIT:0",1791344565,1791344716
"2026-10-07 00:45:19","77",1,0,16,0,"IN_SERVICE",true,true,true,"FIT:1|BATTLE:0|BOOST:0|MUVO:0|EFIT:0",1791344633,1791344716
"2026-10-07 00:45:19","78",9,0,2,0,"IN_SERVICE",true,true,true,"FIT:9|BATTLE:0|BOOST:0|MUVO:0|EFIT:0",1791344532,1791344716
"2026-10-07 00:45:19","79",11,0,0,0,"IN_SERVICE",true,true,true,"FIT:9|BATTLE:0|BOOST:0|MUVO:0|EFIT:2",1791344703,1791344716
"2026-10-07 00:45:19","80",18,0,0,0,"IN_SERVICE",true,true,true,"FIT:17|BATTLE:0|BOOST:0|MUVO:0|EFIT:1",1791344644,1791344716
"2026-10-07 00:45:19","81",5,0,9,1,"IN_SERVICE",true,true,true,"FIT:5|BATTLE:0|BOOST:0|MUVO:0|EFIT:0",1791344628,1791344716
"2026-10-07 00:45:19","82",4,2,24,0,"IN_SERVICE",true,true,true,"FIT:4|BATTLE:0|BOOST:0|MUVO:0|EFIT:0",1791344683,1791344716
"2026-10-07 00:45:19","83",11,0,17,3,"IN_SERVICE",true,true,true,"FIT:1|BATTLE:0|BOOST:0|MUVO:0|EFIT:10",1791344629,1791344716
"2026-10-07 00:45:19","84",5,0,10,0,"IN_SERVICE",true,true,true,"FIT:3|BATTLE:0|BOOST:0|MUVO:0|EFIT:2",1791344701,1791344716
"2026-10-07 00:45:19","85",4,0,19,0,"IN_SERVICE",true,true,true,"FIT:4|BATTLE:0|BOOST:0|MUVO:0|EFIT:0",1791344544,1791344716
"2026-10-07 00:45:19","86",10,0,24,1,"IN_SERVICE",true,true,true,"FIT:0|BATTLE:0|BOOST:0|MUVO:0|EFIT:10",1791344677,1791344716
"2026-10-07 00:45:19","87",1,0,17,1,"IN_SERVICE",true,true,true,"FIT:0|BATTLE:0|BOOST:0|MUVO:0|EFIT:1",1791344614,1791344716
"2026-10-07 00:45:19","88",3,0,16,0,"IN_SERVICE",true,true,true,"FIT:0|BATTLE:0|BOOST:0|MUVO:0|EFIT:3",1791344611,1791344716
"2026-10-07 00:45:19","89",2,1,12,1,"IN_SERVICE",true,true,true,"FIT:2|BATTLE:0|BOOST:0|MUVO:0|EFIT:0",1791344662,1791344716
"2026-10-07 00:45:19","90",9,1,2,0,"IN_SERVICE",true,true,true,"FIT:9|BATTLE:0|BOOST:0|MUVO:0|EFIT:0",1791344710,1791344716
"2026-10-07 00:45:19","91",2,1,9,0,"IN_SERVICE",true,true,true,"FIT:2|BATTLE:0|BOOST:0|MUVO:0|EFIT:0",1791344625,1791344716
"2026-10-07 00:45:19","92",12,0,3,0,"IN_SERVICE",true,true,true,"FIT:10|BATTLE:0|BOOST:0|MUVO:0|EFIT:2",1791344584,1791344716
"2026-10-07 00:45:19","93",10,0,5,0,"IN_SERVICE",true,true,true,"FIT:3|BATTLE:0|BOOST:0|MUVO:0|EFIT:7",1791344608,1791344716
"2026-10-07 00:45:19","94",7,0,8,0,"IN_SERVICE",true,true,true,"FIT:5|BATTLE:0|BOOST:0|MUVO:0|EFIT:2",1791344622,1791344716
"2026-10-07 00:45:19","95",10,0,7,0,"IN_SERVICE",true,true,true,"FIT:8|BATTLE:0|BOOST:0|MUVO:0|EFIT:2",1791344578,1791344716
"2026-10-07 00:45:19","96",11,2,6,0,"IN_SERVICE",true,true,true,"FIT:10|BATTLE:0|BOOST:0|MUVO:0|EFIT:1",1791344630,1791344716
"2026-10-07 00:45:19","97",0,2,13,0,"IN_SERVICE",true,true,true,"FIT:0|BATTLE:0|BOOST:0|MUVO:0|EFIT:0",1791344593,1791344716
"2026-10-07 00:45:19","98",3,1,10,0,"IN_SERVICE",true,true,true,"FIT:2|BATTLE:0|BOOST:0|MUVO:0|EFIT:1",1791344561,1791344716
"2026-10-07 00:45:19","99",6,0,5,0,"IN_SERVICE",true,true,true,"FIT:5|BATTLE:0|BOOST:0|MUVO:0|EFIT:1",1791344684,1791344716
"2026-10-07 00:45:19","100",5,5,4,0,"IN_SERVICE",true,true,true,"FIT:5|BATTLE:0|BOOST:0|MUVO:0|EFIT:0",1791344584,1791344716
"2026-10-07 00:45:19","101",5,2,13,0,"IN_SERVICE",true,true,true,"FIT:2|BATTLE:0|BOOST:0|MUVO:0|EFIT:3",1791344596,1791344716
"2026-10-07 00:45:19","102",13,1,13,0,"IN_SERVICE",true,true,true,"FIT:6|BATTLE:0|BOOST:0|MUVO:0|EFIT:7",1791344668,1791344716
"2026-10-07 00:45:19","103",4,3,8,0,"IN_SERVICE",true,true,true,"FIT:1|BATTLE:0|BOOST:0|MUVO:0|EFIT:3",1791344627,1791344716
"2026-10-07 00:45:19","104",10,0,1,0,"IN_SERVICE",true,true,true,"FIT:9|BATTLE:0|BOOST:0|MUVO:0|EFIT:1",1791344578,1791344716
"2026-10-07 00:45:19","105",9,0,7,0,"IN_SERVICE",true,true,true,"FIT:9|BATTLE:0|BOOST:0|MUVO:0|EFIT:0",1791344623,1791344716
"2026-10-07 00:45:19","107",3,0,16,0,"IN_SERVICE",true,true,true,"FIT:3|BATTLE:0|BOOST:0|MUVO:0|EFIT:0",1791344611,1791344716
"2026-10-07 00:45:19","109",15,0,20,0,"IN_SERVICE",true,true,true,"FIT:14|BATTLE:0|BOOST:0|MUVO:0|EFIT:1",1791344549,1791344716
"2026-10-07 00:45:19","111",15,0,3,0,"IN_SERVICE",true,true,true,"FIT:14|BATTLE:0|BOOST:0|MUVO:0|EFIT:1",1791344556,1791344716
"2026-10-07 00:45:19","112",7,1,11,0,"IN_SERVICE",true,true,true,"FIT:6|BATTLE:0|BOOST:0|MUVO:0|EFIT:1",1791344708,1791344716
"2026-10-07 00:45:19","113",1,0,14,0,"IN_SERVICE",true,true,true,"FIT:0|BATTLE:0|BOOST:0|MUVO:0|EFIT:1",1791344632,1791344716
"2026-10-07 00:45:19","114",11,0,10,0,"IN_SERVICE",true,true,true,"FIT:4|BATTLE:0|BOOST:0|MUVO:0|EFIT:7",1791344615,1791344716
"2026-10-07 00:45:19","116",4,1,12,0,"IN_SERVICE",true,true,true,"FIT:4|BATTLE:0|BOOST:0|MUVO:0|EFIT:0",1791344671,1791344716
"2026-10-07 00:45:19","117",23,0,4,0,"IN_SERVICE",true,true,true,"FIT:21|BATTLE:0|BOOST:0|MUVO:0|EFIT:2",1791344590,1791344716
"2026-10-07 00:45:19","118",11,0,4,0,"IN_SERVICE",true,true,true,"FIT:11|BATTLE:0|BOOST:0|MUVO:0|EFIT:0",1791344650,1791344716
"2026-10-07 00:45:19","119",10,0,1,0,"IN_SERVICE",true,true,true,"FIT:8|BATTLE:0|BOOST:0|MUVO:0|EFIT:2",1791344569,1791344716
"2026-10-07 00:45:19","120",12,1,10,0,"IN_SERVICE",true,true,true,"FIT:11|BATTLE:0|BOOST:0|MUVO:0|EFIT:1",1791344604,1791344716
"2026-10-07 00:45:19","121",12,0,11,0,"IN_SERVICE",true,true,true,"FIT:11|BATTLE:0|BOOST:0|MUVO:0|EFIT:1",1791344590,1791344716
"2026-10-07 00:45:19","122",10,0,13,0,"IN_SERVICE",true,true,true,"FIT:10|BATTLE:0|BOOST:0|MUVO:0|EFIT:0",1791344622,1791344716
"2026-10-07 00:45:19","123",0,1,13,0,"IN_SERVICE",true,true,true,"FIT:0|BATTLE:0|BOOST:0|MUVO:0|EFIT:0",1791344649,1791344716
"2026-10-07 00:45:19","124",1,0,14,0,"IN_SERVICE",true,true,true,"FIT:1|BATTLE:0|BOOST:0|MUVO:0|EFIT:0",1791344594,1791344716
"2026-10-07 00:45:19","125",10,0,9,0,"IN_SERVICE",true,true,true,"FIT:9|BATTLE:0|BOOST:0|MUVO:0|EFIT:1",1791344639,1791344716
"2026-10-07 00:45:19","126",7,2,6,0,"IN_SERVICE",true,true,true,"FIT:6|BATTLE:0|BOOST:0|MUVO:0|EFIT:1",1791344602,1791344716
"2026-10-07 00:45:19","127",11,1,3,0,"IN_SERVICE",true,true,true,"FIT:10|BATTLE:0|BOOST:0|MUVO:0|EFIT:1",1791344698,1791344716
"2026-10-07 00:45:19","128",17,0,2,0,"IN_SERVICE",true,true,true,"FIT:16|BATTLE:0|BOOST:0|MUVO:0|EFIT:1",1791344591,1791344716
"2026-10-07 00:45:19","129",4,2,5,0,"IN_SERVICE",true,true,true,"FIT:3|BATTLE:0|BOOST:0|MUVO:0|EFIT:1",1791344546,1791344716
"2026-10-07 00:45:19","131",17,2,4,0,"IN_SERVICE",true,true,true,"FIT:17|BATTLE:0|BOOST:0|MUVO:0|EFIT:0",1791344593,1791344716
"2026-10-07 00:45:19","132",10,1,8,0,"IN_SERVICE",true,true,true,"FIT:9|BATTLE:0|BOOST:0|MUVO:0|EFIT:1",1791344597,1791344716
"2026-10-07 00:45:19","133",4,0,11,0,"IN_SERVICE",true,true,true,"FIT:4|BATTLE:0|BOOST:0|MUVO:0|EFIT:0",1791344649,1791344716
"2026-10-07 00:45:19","134",2,1,20,0,"IN_SERVICE",true,true,true,"FIT:1|BATTLE:0|BOOST:0|MUVO:0|EFIT:1",1791344664,1791344716
"2026-10-07 00:45:19","136",5,0,9,1,"IN_SERVICE",true,true,true,"FIT:3|BATTLE:0|BOOST:0|MUVO:0|EFIT:2",1791344659,1791344716
"2026-10-07 00:45:19","137",16,0,3,0,"IN_SERVICE",true,true,true,"FIT:14|BATTLE:0|BOOST:0|MUVO:0|EFIT:2",1791344605,1791344716
"2026-10-07 00:45:19","138",10,1,4,0,"IN_SERVICE",true,true,true,"FIT:10|BATTLE:0|BOOST:0|MUVO:0|EFIT:0",1791344708,1791344716
"2026-10-07 00:45:19","139",21,2,0,0,"IN_SERVICE",true,true,true,"FIT:20|BATTLE:0|BOOST:0|MUVO:0|EFIT:1",1791344552,1791344716
"2026-10-07 00:45:19","140",17,0,11,1,"IN_SERVICE",true,true,true,"FIT:12|BATTLE:0|BOOST:0|MUVO:0|EFIT:5",1791344693,1791344716
"2026-10-07 00:45:19","141",7,0,8,0,"IN_SERVICE",true,true,true,"FIT:7|BATTLE:0|BOOST:0|MUVO:0|EFIT:0",1791344620,1791344716
"2026-10-07 00:45:19","142",4,0,15,0,"IN_SERVICE",true,true,true,"FIT:2|BATTLE:0|BOOST:0|MUVO:0|EFIT:2",1791344608,1791344716
"2026-10-07 00:45:19","143",2,0,13,0,"IN_SERVICE",true,true,true,"FIT:2|BATTLE:0|BOOST:0|MUVO:0|EFIT:0",1791344682,1791344716
"2026-10-07 00:45:19","145",7,0,12,0,"IN_SERVICE",true,true,true,"FIT:4|BATTLE:0|BOOST:0|MUVO:0|EFIT:3",1791344700,1791344716
"2026-10-07 00:45:19","146",9,0,6,0,"IN_SERVICE",true,true,true,"FIT:9|BATTLE:0|BOOST:0|MUVO:0|EFIT:0",1791344582,1791344716
"2026-10-07 00:45:19","148",1,0,14,0,"IN_SERVICE",true,true,true,"FIT:1|BATTLE:0|BOOST:0|MUVO:0|EFIT:0",1791344614,1791344716
"2026-10-07 00:45:19","149",3,0,12,0,"IN_SERVICE",true,true,true,"FIT:2|BATTLE:0|BOOST:0|MUVO:0|EFIT:1",1791344577,1791344716
"2026-10-07 00:45:19","150",3,0,12,0,"IN_SERVICE",true,true,true,"FIT:3|BATTLE:0|BOOST:0|MUVO:0|EFIT:0",1791344568,1791344716
"2026-10-07 00:45:19","152",2,2,7,0,"IN_SERVICE",true,true,true,"FIT:2|BATTLE:0|BOOST:0|MUVO:0|EFIT:0",1791344707,1791344716
"2026-10-07 00:45:19","153",7,0,12,0,"IN_SERVICE",true,true,true,"FIT:6|BATTLE:0|BOOST:0|MUVO:0|EFIT:1",1791344555,1791344716
"2026-10-07 00:45:19","154",9,0,8,0,"IN_SERVICE",true,true,true,"FIT:9|BATTLE:0|BOOST:0|MUVO:0|EFIT:0",1791344644,1791344716
"2026-10-07 00:45:19","155",15,0,4,0,"IN_SERVICE",true,true,true,"FIT:15|BATTLE:0|BOOST:0|MUVO:0|EFIT:0",1791344593,1791344716
"2026-10-07 00:45:19","157",9,0,10,0,"IN_SERVICE",true,true,true,"FIT:9|BATTLE:0|BOOST:0|MUVO:0|EFIT:0",1791344604,1791344716
"2026-10-07 00:45:19","158",14,0,5,0,"IN_SERVICE",true,true,true,"FIT:14|BATTLE:0|BOOST:0|MUVO:0|EFIT:0",1791344685,1791344716
"2026-10-07 00:45:19","159",3,1,11,0,"IN_SERVICE",true,true,true,"FIT:3|BATTLE:0|BOOST:0|MUVO:0|EFIT:0",1791344644,1791344716
"2026-10-07 00:45:19","160",1,0,12,0,"IN_SERVICE",true,true,true,"FIT:1|BATTLE:0|BOOST:0|MUVO:0|EFIT:0",1791344705,1791344716
"2026-10-07 00:45:19","161",4,1,6,0,"IN_SERVICE",true,true,true,"FIT:4|BATTLE:0|BOOST:0|MUVO:0|EFIT:0",1791344714,1791344716
"2026-10-07 00:45:19","162",7,0,10,0,"IN_SERVICE",true,true,true,"FIT:7|BATTLE:0|BOOST:0|MUVO:0|EFIT:0",1791344556,1791344716
"2026-10-07 00:45:19","163",11,1,5,0,"IN_SERVICE",true,true,true,"FIT:8|BATTLE:0|BOOST:0|MUVO:0|EFIT:3",1791344580,1791344716
"2026-10-07 00:45:19","164",6,0,11,0,"IN_SERVICE",true,true,true,"FIT:6|BATTLE:0|BOOST:0|MUVO:0|EFIT:0",1791344659,1791344716
"2026-10-07 00:45:19","165",8,0,7,0,"IN_SERVICE",true,true,true,"FIT:8|BATTLE:0|BOOST:0|MUVO:0|EFIT:0",1791344555,1791344716
"2026-10-07 00:45:19","166",11,0,0,0,"IN_SERVICE",true,true,true,"FIT:11|BATTLE:0|BOOST:0|MUVO:0|EFIT:0",1791344584,1791344716
"2026-10-07 00:45:19","167",3,0,28,0,"IN_SERVICE",true,true,true,"FIT:3|BATTLE:0|BOOST:0|MUVO:0|EFIT:0",1791344671,1791344716
"2026-10-07 00:45:19","168",4,0,14,1,"IN_SERVICE",true,true,true,"FIT:4|BATTLE:0|BOOST:0|MUVO:0|EFIT:0",1791344564,1791344716
"2026-10-07 00:45:19","169",9,1,5,0,"IN_SERVICE",true,true,true,"FIT:9|BATTLE:0|BOOST:0|MUVO:0|EFIT:0",1791344682,1791344716
"2026-10-07 00:45:19","170",13,0,2,0,"IN_SERVICE",true,true,true,"FIT:13|BATTLE:0|BOOST:0|MUVO:0|EFIT:0",1791344692,1791344716
"2026-10-07 00:45:19","171",3,0,7,1,"IN_SERVICE",true,true,true,"FIT:3|BATTLE:0|BOOST:0|MUVO:0|EFIT:0",1791344688,1791344716
"2026-10-07 00:45:19","172",9,0,2,0,"IN_SERVICE",true,true,true,"FIT:9|BATTLE:0|BOOST:0|MUVO:0|EFIT:0",1791344554,1791344716
"2026-10-07 00:45:19","173",5,0,10,0,"IN_SERVICE",true,true,true,"FIT:5|BATTLE:0|BOOST:0|MUVO:0|EFIT:0",1791344645,1791344716
"2026-10-07 00:45:19","174",3,0,12,0,"IN_SERVICE",true,true,true,"FIT:3|BATTLE:0|BOOST:0|MUVO:0|EFIT:0",1791321398,1791344716
"2026-10-07 00:45:19","175",21,0,1,0,"IN_SERVICE",true,true,true,"FIT:21|BATTLE:0|BOOST:0|MUVO:0|EFIT:0",1791344645,1791344716
"2026-10-07 00:45:19","176",9,0,6,0,"IN_SERVICE",true,true,true,"FIT:9|BATTLE:0|BOOST:0|MUVO:0|EFIT:0",1791344547,1791344716
"2026-10-07 00:45:19","177",2,0,13,0,"IN_SERVICE",true,true,true,"FIT:2|BATTLE:0|BOOST:0|MUVO:0|EFIT:0",1791344631,1791344716
"2026-10-07 00:45:19","178",14,0,3,2,"IN_SERVICE",true,true,true,"FIT:14|BATTLE:0|BOOST:0|MUVO:0|EFIT:0",1791344567,1791344716
"2026-10-07 00:45:19","179",19,0,0,0,"IN_SERVICE",true,true,true,"FIT:19|BATTLE:0|BOOST:0|MUVO:0|EFIT:0",1791344537,1791344716
"2026-10-07 00:45:19","180",10,0,5,0,"IN_SERVICE",true,true,true,"FIT:10|BATTLE:0|BOOST:0|MUVO:0|EFIT:0",1791344685,1791344716
"2026-10-07 00:45:19","181",13,1,1,0,"IN_SERVICE",true,true,true,"FIT:13|BATTLE:0|BOOST:0|MUVO:0|EFIT:0",1791344575,1791344716
"2026-10-07 00:45:19","182",10,0,9,0,"IN_SERVICE",true,true,true,"FIT:10|BATTLE:0|BOOST:0|MUVO:0|EFIT:0",1791344677,1791344716
"2026-10-07 00:45:19","183",2,0,17,0,"IN_SERVICE",true,true,true,"FIT:2|BATTLE:0|BOOST:0|MUVO:0|EFIT:0",1791344703,1791344716
"2026-10-07 00:45:19","184",9,0,10,0,"IN_SERVICE",true,true,true,"FIT:9|BATTLE:0|BOOST:0|MUVO:0|EFIT:0",1791344683,1791344716
"2026-10-07 00:45:19","185",3,3,13,0,"IN_SERVICE",true,true,true,"FIT:3|BATTLE:0|BOOST:0|MUVO:0|EFIT:0",1791344606,1791344716
"2026-10-07 00:45:19","186",4,0,7,0,"IN_SERVICE",true,true,true,"FIT:4|BATTLE:0|BOOST:0|MUVO:0|EFIT:0",1791344646,1791344716
"2026-10-07 00:45:19","187",6,0,11,0,"IN_SERVICE",true,true,true,"FIT:6|BATTLE:0|BOOST:0|MUVO:0|EFIT:0",1791344574,1791344716
"2026-10-07 00:45:19","188",10,0,6,1,"IN_SERVICE",true,true,true,"FIT:10|BATTLE:0|BOOST:0|MUVO:0|EFIT:0",1791344587,1791344716
"2026-10-07 00:45:19","189",6,0,9,0,"IN_SERVICE",true,true,true,"FIT:6|BATTLE:0|BOOST:0|MUVO:0|EFIT:0",1791344553,1791344716
"2026-10-07 00:45:19","190",5,0,25,1,"IN_SERVICE",true,true,true,"FIT:5|BATTLE:0|BOOST:0|MUVO:0|EFIT:0",1791344542,1791344716
"2026-10-07 00:45:19","192",3,0,7,0,"IN_SERVICE",true,true,true,"FIT:3|BATTLE:0|BOOST:0|MUVO:0|EFIT:0",1791344667,1791344716
"2026-10-07 00:45:19","193",8,0,7,0,"IN_SERVICE",true,true,true,"FIT:8|BATTLE:0|BOOST:0|MUVO:0|EFIT:0",1791344694,1791344716
"2026-10-07 00:45:19","194",3,0,14,0,"IN_SERVICE",true,true,true,"FIT:3|BATTLE:0|BOOST:0|MUVO:0|EFIT:0",1791344540,1791344716
"2026-10-07 00:45:19","195",14,0,1,0,"IN_SERVICE",true,true,true,"FIT:14|BATTLE:0|BOOST:0|MUVO:0|EFIT:0",1791344647,1791344716
"2026-10-07 00:45:19","196",10,0,5,0,"IN_SERVICE",true,true,true,"FIT:10|BATTLE:0|BOOST:0|MUVO:0|EFIT:0",1791344553,1791344716
"2026-10-07 00:45:19","197",3,0,11,1,"IN_SERVICE",true,true,true,"FIT:3|BATTLE:0|BOOST:0|MUVO:0|EFIT:0",1791344538,1791344716
"2026-10-07 00:45:19","198",9,0,6,0,"IN_SERVICE",true,true,true,"FIT:9|BATTLE:0|BOOST:0|MUVO:0|EFIT:0",1791344630,1791344716
"2026-10-07 00:45:19","199",23,1,3,0,"IN_SERVICE",true,true,true,"FIT:23|BATTLE:0|BOOST:0|MUVO:0|EFIT:0",1791344596,1791344716
"2026-10-07 00:45:19","200",8,2,5,0,"IN_SERVICE",true,true,true,"FIT:8|BATTLE:0|BOOST:0|MUVO:0|EFIT:0",1791344696,1791344716
"2026-10-07 00:45:19","201",14,0,1,0,"IN_SERVICE",true,true,true,"FIT:14|BATTLE:0|BOOST:0|MUVO:0|EFIT:0",1791344638,1791344716
"2026-10-07 00:45:19","202",2,0,17,0,"IN_SERVICE",true,true,true,"FIT:2|BATTLE:0|BOOST:0|MUVO:0|EFIT:0",1791344660,1791344716
"2026-10-07 00:45:19","203",0,0,18,1,"IN_SERVICE",true,true,true,"FIT:0|BATTLE:0|BOOST:0|MUVO:0|EFIT:0",1791344680,1791344716
"2026-10-07 00:45:19","204",2,1,15,0,"IN_SERVICE",true,true,true,"FIT:2|BATTLE:0|BOOST:0|MUVO:0|EFIT:0",1791344663,1791344716
"2026-10-07 00:45:19","205",1,0,16,0,"IN_SERVICE",true,true,true,"FIT:1|BATTLE:0|BOOST:0|MUVO:0|EFIT:0",1791344666,1791344716
"2026-10-07 00:45:19","206",7,2,6,0,"IN_SERVICE",true,true,true,"FIT:6|BATTLE:0|BOOST:0|MUVO:0|EFIT:1",1791344715,1791344716
"2026-10-07 00:45:19","207",4,2,18,0,"IN_SERVICE",true,true,true,"FIT:4|BATTLE:0|BOOST:0|MUVO:0|EFIT:0",1791344553,1791344716
"2026-10-07 00:45:19","208",2,0,15,0,"IN_SERVICE",true,true,true,"FIT:1|BATTLE:0|BOOST:0|MUVO:0|EFIT:1",1791344620,1791344716
"2026-10-07 00:45:19","209",3,1,15,0,"IN_SERVICE",true,true,true,"FIT:3|BATTLE:0|BOOST:0|MUVO:0|EFIT:0",1791344667,1791344716
"2026-10-07 00:45:19","210",27,1,1,0,"IN_SERVICE",true,true,true,"FIT:26|BATTLE:0|BOOST:0|MUVO:0|EFIT:1",1791344635,1791344716
"2026-10-07 00:45:19","212",2,0,12,1,"IN_SERVICE",true,true,true,"FIT:2|BATTLE:0|BOOST:0|MUVO:0|EFIT:0",1791344664,1791344716
"2026-10-07 00:45:19","213",5,0,14,0,"IN_SERVICE",true,true,true,"FIT:5|BATTLE:0|BOOST:0|MUVO:0|EFIT:0",1791344620,1791344716
"2026-10-07 00:45:19","214",8,1,13,0,"IN_SERVICE",true,true,true,"FIT:8|BATTLE:0|BOOST:0|MUVO:0|EFIT:0",1791344566,1791344716
"2026-10-07 00:45:19","215",1,0,21,1,"IN_SERVICE",true,true,true,"FIT:1|BATTLE:0|BOOST:0|MUVO:0|EFIT:0",1791344654,1791344716
"2026-10-07 00:45:19","217",14,0,1,0,"IN_SERVICE",true,true,true,"FIT:14|BATTLE:0|BOOST:0|MUVO:0|EFIT:0",1791344543,1791344716
"2026-10-07 00:45:19","220",10,2,7,0,"IN_SERVICE",true,true,true,"FIT:9|BATTLE:0|BOOST:0|MUVO:0|EFIT:1",1791344627,1791344716
"2026-10-07 00:45:19","221",12,0,1,0,"IN_SERVICE",true,true,true,"FIT:12|BATTLE:0|BOOST:0|MUVO:0|EFIT:0",1791344593,1791344716
"2026-10-07 00:45:19","222",5,1,9,0,"IN_SERVICE",true,true,true,"FIT:5|BATTLE:0|BOOST:0|MUVO:0|EFIT:0",1791344536,1791344716
"2026-10-07 00:45:19","223",15,1,1,0,"IN_SERVICE",true,true,true,"FIT:15|BATTLE:0|BOOST:0|MUVO:0|EFIT:0",1791344570,1791344716
"2026-10-07 00:45:19","224",1,1,13,0,"IN_SERVICE",true,true,true,"FIT:1|BATTLE:0|BOOST:0|MUVO:0|EFIT:0",1791344714,1791344716
"2026-10-07 00:45:19","225",8,1,2,0,"IN_SERVICE",true,true,true,"FIT:6|BATTLE:0|BOOST:0|MUVO:0|EFIT:2",1791344547,1791344716
"2026-10-07 00:45:19","226",23,0,0,0,"IN_SERVICE",true,true,true,"FIT:22|BATTLE:0|BOOST:0|MUVO:0|EFIT:1",1791344663,1791344716
"2026-10-07 00:45:19","228",10,0,7,2,"IN_SERVICE",true,true,true,"FIT:10|BATTLE:0|BOOST:0|MUVO:0|EFIT:0",1791344654,1791344716
"2026-10-07 00:45:19","229",6,0,10,1,"IN_SERVICE",true,true,true,"FIT:6|BATTLE:0|BOOST:0|MUVO:0|EFIT:0",1791344583,1791344716
"2026-10-07 00:45:19","230",14,1,4,0,"IN_SERVICE",true,true,true,"FIT:13|BATTLE:0|BOOST:0|MUVO:0|EFIT:1",1791344611,1791344716
"2026-10-07 00:45:19","231",10,3,0,2,"IN_SERVICE",true,true,true,"FIT:10|BATTLE:0|BOOST:0|MUVO:0|EFIT:0",1791344612,1791344716
"2026-10-07 00:45:19","232",18,1,10,0,"IN_SERVICE",true,true,true,"FIT:18|BATTLE:0|BOOST:0|MUVO:0|EFIT:0",1791344605,1791344716
"2026-10-07 00:45:19","233",14,1,16,0,"IN_SERVICE",true,true,true,"FIT:14|BATTLE:0|BOOST:0|MUVO:0|EFIT:0",1791344616,1791344716
"2026-10-07 00:45:19","234",10,0,5,0,"IN_SERVICE",true,true,true,"FIT:8|BATTLE:0|BOOST:0|MUVO:0|EFIT:2",1791344587,1791344716
"2026-10-07 00:45:19","235",1,0,13,1,"IN_SERVICE",true,true,true,"FIT:1|BATTLE:0|BOOST:0|MUVO:0|EFIT:0",1791344554,1791344716
"2026-10-07 00:45:19","236",3,0,12,0,"IN_SERVICE",true,true,true,"FIT:3|BATTLE:0|BOOST:0|MUVO:0|EFIT:0",1791344661,1791344716
"2026-10-07 00:45:19","237",4,0,10,0,"IN_SERVICE",true,true,true,"FIT:4|BATTLE:0|BOOST:0|MUVO:0|EFIT:0",1791344604,1791344716
"2026-10-07 00:45:19","238",2,0,12,0,"IN_SERVICE",true,true,true,"FIT:2|BATTLE:0|BOOST:0|MUVO:0|EFIT:0",1791344714,1791344716
"2026-10-07 00:45:19","239",3,0,12,0,"IN_SERVICE",true,true,true,"FIT:3|BATTLE:0|BOOST:0|MUVO:0|EFIT:0",1791344592,1791344716
"2026-10-07 00:45:19","240",3,0,11,0,"IN_SERVICE",true,true,true,"FIT:3|BATTLE:0|BOOST:0|MUVO:0|EFIT:0",1791344413,1791344716
"2026-10-07 00:45:19","241",2,0,13,0,"IN_SERVICE",true,true,true,"FIT:2|BATTLE:0|BOOST:0|MUVO:0|EFIT:0",1791344699,1791344716
"2026-10-07 00:45:19","242",8,1,5,0,"IN_SERVICE",true,true,true,"FIT:8|BATTLE:0|BOOST:0|MUVO:0|EFIT:0",1791344559,1791344716
"2026-10-07 00:45:19","244",2,0,9,0,"IN_SERVICE",true,true,true,"FIT:2|BATTLE:0|BOOST:0|MUVO:0|EFIT:0",1791344549,1791344716
"2026-10-07 00:45:19","246",4,0,11,0,"IN_SERVICE",true,true,true,"FIT:4|BATTLE:0|BOOST:0|MUVO:0|EFIT:0",1791344572,1791344716
"2026-10-07 00:45:19","247",2,0,16,0,"IN_SERVICE",true,true,true,"FIT:2|BATTLE:0|BOOST:0|MUVO:0|EFIT:0",1791338703,1791344716
"2026-10-07 00:45:19","248",5,0,10,0,"IN_SERVICE",true,true,true,"FIT:5|BATTLE:0|BOOST:0|MUVO:0|EFIT:0",1791344711,1791344716
"2026-10-07 00:45:19","250",2,0,9,0,"IN_SERVICE",true,true,true,"FIT:2|BATTLE:0|BOOST:0|MUVO:0|EFIT:0",1791344565,1791344716
"2026-10-07 00:45:19","252",2,0,17,0,"IN_SERVICE",true,true,true,"FIT:2|BATTLE:0|BOOST:0|MUVO:0|EFIT:0",1791344534,1791344716
"2026-10-07 00:45:19","253",4,0,7,0,"IN_SERVICE",true,true,true,"FIT:4|BATTLE:0|BOOST:0|MUVO:0|EFIT:0",1791344620,1791344716
"2026-10-07 00:45:19","254",0,0,11,0,"IN_SERVICE",true,true,true,"FIT:0|BATTLE:0|BOOST:0|MUVO:0|EFIT:0",1791344658,1791344716
"2026-10-07 00:45:19","255",2,0,9,0,"IN_SERVICE",true,true,true,"FIT:2|BATTLE:0|BOOST:0|MUVO:0|EFIT:0",1791344680,1791344716
"2026-10-07 00:45:19","256",7,1,7,0,"IN_SERVICE",true,true,true,"FIT:7|BATTLE:0|BOOST:0|MUVO:0|EFIT:0",1791344651,1791344716
"2026-10-07 00:45:19","257",1,1,22,0,"IN_SERVICE",true,true,true,"FIT:1|BATTLE:0|BOOST:0|MUVO:0|EFIT:0",1791344608,1791344716
"2026-10-07 00:45:19","259",9,0,8,0,"IN_SERVICE",true,true,true,"FIT:9|BATTLE:0|BOOST:0|MUVO:0|EFIT:0",1791344660,1791344716
"2026-10-07 00:45:19","260",2,0,25,0,"IN_SERVICE",true,true,true,"FIT:2|BATTLE:0|BOOST:0|MUVO:0|EFIT:0",1791344552,1791344716
"2026-10-07 00:45:19","261",3,0,12,0,"IN_SERVICE",true,true,true,"FIT:3|BATTLE:0|BOOST:0|MUVO:0|EFIT:0",1791344617,1791344716
"2026-10-07 00:45:19","262",5,0,9,1,"IN_SERVICE",true,true,true,"FIT:5|BATTLE:0|BOOST:0|MUVO:0|EFIT:0",1791344701,1791344716
"2026-10-07 00:45:19","263",9,0,2,0,"IN_SERVICE",true,true,true,"FIT:9|BATTLE:0|BOOST:0|MUVO:0|EFIT:0",1791344596,1791344716
"2026-10-07 00:45:19","271",7,0,4,0,"IN_SERVICE",true,true,true,"FIT:7|BATTLE:0|BOOST:0|MUVO:0|EFIT:0",1791344581,1791344716
"2026-10-07 00:45:19","273",1,0,15,1,"IN_SERVICE",true,true,true,"FIT:1|BATTLE:0|BOOST:0|MUVO:0|EFIT:0",1791344586,1791344716
"2026-10-07 00:45:19","285",2,0,7,2,"IN_SERVICE",true,true,true,"FIT:1|BATTLE:0|BOOST:0|MUVO:0|EFIT:1",1791344613,1791344716
"2026-10-07 00:45:19","287",2,0,8,1,"IN_SERVICE",true,true,true,"FIT:2|BATTLE:0|BOOST:0|MUVO:0|EFIT:0",1791344541,1791344716
"2026-10-07 00:45:19","290",2,0,9,0,"IN_SERVICE",true,true,true,"FIT:2|BATTLE:0|BOOST:0|MUVO:0|EFIT:0",1791344559,1791344716
"2026-10-07 00:45:19","293",7,0,12,0,"IN_SERVICE",true,true,true,"FIT:7|BATTLE:0|BOOST:0|MUVO:0|EFIT:0",1791344692,1791344716
"2026-10-07 00:45:19","295",4,0,15,0,"IN_SERVICE",true,true,true,"FIT:4|BATTLE:0|BOOST:0|MUVO:0|EFIT:0",1791344682,1791344716
"2026-10-07 00:45:19","299",7,1,3,0,"IN_SERVICE",true,true,true,"FIT:7|BATTLE:0|BOOST:0|MUVO:0|EFIT:0",1791344628,1791344716
"2026-10-07 00:45:19","304",4,0,7,0,"IN_SERVICE",true,true,true,"FIT:4|BATTLE:0|BOOST:0|MUVO:0|EFIT:0",1791344670,1791344716
"2026-10-07 00:45:19","313",4,0,7,0,"IN_SERVICE",true,true,true,"FIT:4|BATTLE:0|BOOST:0|MUVO:0|EFIT:0",1791344635,1791344716
"2026-10-07 00:45:19","314",13,0,3,1,"IN_SERVICE",true,true,true,"FIT:13|BATTLE:0|BOOST:0|MUVO:0|EFIT:0",1791344645,1791344716
"2026-10-07 00:45:19","329",7,0,10,0,"IN_SERVICE",true,true,true,"FIT:1|BATTLE:0|BOOST:0|MUVO:0|EFIT:6",1791344676,1791344716
"2026-10-07 00:45:19","330",1,1,10,0,"IN_SERVICE",true,true,true,"FIT:1|BATTLE:0|BOOST:0|MUVO:0|EFIT:0",1791344706,1791344716
"2026-10-07 00:45:19","336",9,0,8,0,"IN_SERVICE",true,true,true,"FIT:9|BATTLE:0|BOOST:0|MUVO:0|EFIT:0",1791344669,1791344716
"2026-10-07 00:45:19","337",16,0,3,0,"IN_SERVICE",true,true,true,"FIT:16|BATTLE:0|BOOST:0|MUVO:0|EFIT:0",1791344710,1791344716
"2026-10-07 00:45:19","338",16,1,6,0,"IN_SERVICE",true,true,true,"FIT:16|BATTLE:0|BOOST:0|MUVO:0|EFIT:0",1791344634,1791344716
"2026-10-07 00:45:19","339",12,0,5,0,"IN_SERVICE",true,true,true,"FIT:12|BATTLE:0|BOOST:0|MUVO:0|EFIT:0",1791344602,1791344716
"2026-10-07 00:45:19","340",15,0,0,0,"IN_SERVICE",true,true,true,"FIT:15|BATTLE:0|BOOST:0|MUVO:0|EFIT:0",1791344687,1791344716
"2026-10-07 00:45:19","342",5,0,6,0,"IN_SERVICE",true,true,true,"FIT:5|BATTLE:0|BOOST:0|MUVO:0|EFIT:0",1791344692,1791344716
"2026-10-07 00:45:19","343",8,0,7,0,"IN_SERVICE",true,true,true,"FIT:8|BATTLE:0|BOOST:0|MUVO:0|EFIT:0",1791344536,1791344716
"2026-10-07 00:45:19","344",7,0,8,0,"IN_SERVICE",true,true,true,"FIT:3|BATTLE:0|BOOST:0|MUVO:0|EFIT:4",1791344649,1791344716
"2026-10-07 00:45:19","345",8,0,19,0,"IN_SERVICE",true,true,true,"FIT:8|BATTLE:0|BOOST:0|MUVO:0|EFIT:0",1791344672,1791344716
"2026-10-07 00:45:19","346",23,0,6,2,"IN_SERVICE",true,true,true,"FIT:23|BATTLE:0|BOOST:0|MUVO:0|EFIT:0",1791344576,1791344716
"2026-10-07 00:45:19","347",17,0,10,0,"IN_SERVICE",true,true,true,"FIT:16|BATTLE:0|BOOST:0|MUVO:0|EFIT:1",1791344555,1791344716
"2026-10-07 00:45:19","349",14,0,1,0,"IN_SERVICE",true,true,true,"FIT:10|BATTLE:0|BOOST:0|MUVO:0|EFIT:4",1791344533,1791344716
"2026-10-07 00:45:19","350",21,0,2,0,"IN_SERVICE",true,true,true,"FIT:21|BATTLE:0|BOOST:0|MUVO:0|EFIT:0",1791344540,1791344716
"2026-10-07 00:45:19","351",12,0,7,0,"IN_SERVICE",true,true,true,"FIT:12|BATTLE:0|BOOST:0|MUVO:0|EFIT:0",1791344653,1791344716
"2026-10-07 00:45:19","352",9,2,0,0,"IN_SERVICE",true,true,true,"FIT:9|BATTLE:0|BOOST:0|MUVO:0|EFIT:0",1791344560,1791344716
"2026-10-07 00:45:19","353",7,0,8,0,"IN_SERVICE",true,true,true,"FIT:7|BATTLE:0|BOOST:0|MUVO:0|EFIT:0",1791344541,1791344716
"2026-10-07 00:45:19","354",10,0,0,1,"IN_SERVICE",true,true,true,"FIT:10|BATTLE:0|BOOST:0|MUVO:0|EFIT:0",1791344646,1791344716
"2026-10-07 00:45:19","355",1,0,10,0,"IN_SERVICE",true,true,true,"FIT:1|BATTLE:0|BOOST:0|MUVO:0|EFIT:0",1791344594,1791344716
"2026-10-07 00:45:19","356",14,0,1,0,"IN_SERVICE",true,true,true,"FIT:14|BATTLE:0|BOOST:0|MUVO:0|EFIT:0",1791344581,1791344716
"2026-10-07 00:45:19","357",6,0,11,0,"IN_SERVICE",true,true,true,"FIT:6|BATTLE:0|BOOST:0|MUVO:0|EFIT:0",1791344611,1791344716
"2026-10-07 00:45:19","358",1,0,14,0,"IN_SERVICE",true,true,true,"FIT:1|BATTLE:0|BOOST:0|MUVO:0|EFIT:0",1791344567,1791344716
"2026-10-07 00:45:19","360",9,0,2,0,"IN_SERVICE",true,true,true,"FIT:9|BATTLE:0|BOOST:0|MUVO:0|EFIT:0",1791344693,1791344716
"2026-10-07 00:45:19","361",4,0,11,2,"IN_SERVICE",true,true,true,"FIT:4|BATTLE:0|BOOST:0|MUVO:0|EFIT:0",1791344547,1791344716
"2026-10-07 00:45:19","362",15,0,8,0,"IN_SERVICE",true,true,true,"FIT:11|BATTLE:0|BOOST:0|MUVO:0|EFIT:4",1791344633,1791344716
"2026-10-07 00:45:19","363",7,0,4,0,"IN_SERVICE",true,true,true,"FIT:7|BATTLE:0|BOOST:0|MUVO:0|EFIT:0",1791344681,1791344716
"2026-10-07 00:45:19","364",16,0,7,0,"IN_SERVICE",true,true,true,"FIT:16|BATTLE:0|BOOST:0|MUVO:0|EFIT:0",1791342247,1791344716
"2026-10-07 00:45:19","365",2,0,9,0,"IN_SERVICE",true,true,true,"FIT:2|BATTLE:0|BOOST:0|MUVO:0|EFIT:0",1791344594,1791344716
"2026-10-07 00:45:19","366",9,0,18,0,"IN_SERVICE",true,true,true,"FIT:9|BATTLE:0|BOOST:0|MUVO:0|EFIT:0",1791344643,1791344716
"2026-10-07 00:45:19","367",18,0,13,0,"IN_SERVICE",true,true,true,"FIT:18|BATTLE:0|BOOST:0|MUVO:0|EFIT:0",1791344680,1791344716
"2026-10-07 00:45:19","370",3,0,14,0,"IN_SERVICE",true,true,true,"FIT:3|BATTLE:0|BOOST:0|MUVO:0|EFIT:0",1791344608,1791344716
"2026-10-07 00:45:19","371",14,1,0,0,"IN_SERVICE",true,true,true,"FIT:14|BATTLE:0|BOOST:0|MUVO:0|EFIT:0",1791344559,1791344716
"2026-10-07 00:45:19","372",6,1,8,0,"IN_SERVICE",true,true,true,"FIT:3|BATTLE:0|BOOST:0|MUVO:0|EFIT:3",1791344660,1791344716
"2026-10-07 00:45:19","373",11,1,2,0,"IN_SERVICE",true,true,true,"FIT:6|BATTLE:0|BOOST:0|MUVO:0|EFIT:5",1791344581,1791344716
"2026-10-07 00:45:19","374",12,0,7,0,"IN_SERVICE",true,true,true,"FIT:11|BATTLE:0|BOOST:0|MUVO:0|EFIT:1",1791344662,1791344716
"2026-10-07 00:45:19","375",9,0,5,1,"IN_SERVICE",true,true,true,"FIT:9|BATTLE:0|BOOST:0|MUVO:0|EFIT:0",1791344585,1791344716
"2026-10-07 00:45:19","376",6,0,5,0,"IN_SERVICE",true,true,true,"FIT:6|BATTLE:0|BOOST:0|MUVO:0|EFIT:0",1791344555,1791344716
"2026-10-07 00:45:19","377",18,0,1,0,"IN_SERVICE",true,true,true,"FIT:18|BATTLE:0|BOOST:0|MUVO:0|EFIT:0",1791344627,1791344716
"2026-10-07 00:45:19","378",11,0,4,0,"IN_SERVICE",true,true,true,"FIT:11|BATTLE:0|BOOST:0|MUVO:0|EFIT:0",1791344702,1791344716
"2026-10-07 00:45:19","379",12,0,5,0,"IN_SERVICE",true,true,true,"FIT:9|BATTLE:0|BOOST:0|MUVO:0|EFIT:3",1791344567,1791344716
"2026-10-07 00:45:19","381",9,0,6,0,"IN_SERVICE",true,true,true,"FIT:9|BATTLE:0|BOOST:0|MUVO:0|EFIT:0",1791344701,1791344716
"2026-10-07 00:45:19","382",3,0,16,0,"IN_SERVICE",true,true,true,"FIT:3|BATTLE:0|BOOST:0|MUVO:0|EFIT:0",1791344630,1791344716
"2026-10-07 00:45:19","383",4,0,7,0,"IN_SERVICE",true,true,true,"FIT:4|BATTLE:0|BOOST:0|MUVO:0|EFIT:0",1791344581,1791344716
"2026-10-07 00:45:19","384",2,0,13,0,"IN_SERVICE",true,true,true,"FIT:2|BATTLE:0|BOOST:0|MUVO:0|EFIT:0",1791344687,1791344716
"2026-10-07 00:45:19","389",3,0,8,0,"IN_SERVICE",true,true,true,"FIT:2|BATTLE:0|BOOST:0|MUVO:0|EFIT:1",1791344661,1791344716
"2026-10-07 00:45:19","391",11,0,6,0,"IN_SERVICE",true,true,true,"FIT:11|BATTLE:0|BOOST:0|MUVO:0|EFIT:0",1791344564,1791344716
"2026-10-07 00:45:19","404",26,0,1,0,"IN_SERVICE",true,true,true,"FIT:25|BATTLE:0|BOOST:0|MUVO:0|EFIT:1",1791344664,1791344716
"2026-10-07 00:45:19","416",11,0,4,0,"IN_SERVICE",true,true,true,"FIT:11|BATTLE:0|BOOST:0|MUVO:0|EFIT:0",1791344679,1791344716
"2026-10-07 00:45:19","417",10,2,2,1,"IN_SERVICE",true,true,true,"FIT:10|BATTLE:0|BOOST:0|MUVO:0|EFIT:0",1791344656,1791344716
"2026-10-07 00:45:19","418",2,0,17,0,"IN_SERVICE",true,true,true,"FIT:0|BATTLE:0|BOOST:0|MUVO:0|EFIT:2",1791344667,1791344716
"2026-10-07 00:45:19","419",4,3,9,3,"IN_SERVICE",true,true,true,"FIT:2|BATTLE:0|BOOST:0|MUVO:0|EFIT:2",1791344633,1791344716
"2026-10-07 00:45:19","421",19,0,3,1,"IN_SERVICE",true,true,true,"FIT:9|BATTLE:0|BOOST:0|MUVO:0|EFIT:10",1791344673,1791344716
"2026-10-07 00:45:19","422",10,0,1,0,"IN_SERVICE",true,true,true,"FIT:10|BATTLE:0|BOOST:0|MUVO:0|EFIT:0",1791344653,1791344716
"2026-10-07 00:45:19","424",14,0,5,0,"IN_SERVICE",true,true,true,"FIT:14|BATTLE:0|BOOST:0|MUVO:0|EFIT:0",1791344708,1791344716
"2026-10-07 00:45:19","425",4,0,23,0,"IN_SERVICE",true,true,true,"FIT:3|BATTLE:0|BOOST:0|MUVO:0|EFIT:1",1791344646,1791344716
"2026-10-07 00:45:19","426",9,0,6,0,"IN_SERVICE",true,true,true,"FIT:6|BATTLE:0|BOOST:0|MUVO:0|EFIT:3",1791344670,1791344716
"2026-10-07 00:45:19","427",4,1,10,0,"IN_SERVICE",true,true,true,"FIT:4|BATTLE:0|BOOST:0|MUVO:0|EFIT:0",1791344667,1791344716
"2026-10-07 00:45:19","429",2,2,11,0,"IN_SERVICE",true,true,true,"FIT:2|BATTLE:0|BOOST:0|MUVO:0|EFIT:0",1791344616,1791344716
"2026-10-07 00:45:19","430",11,0,4,0,"IN_SERVICE",true,true,true,"FIT:3|BATTLE:0|BOOST:0|MUVO:0|EFIT:8",1791344591,1791344716
"2026-10-07 00:45:19","431",9,0,2,0,"IN_SERVICE",true,true,true,"FIT:6|BATTLE:0|BOOST:0|MUVO:0|EFIT:3",1791344541,1791344716
"2026-10-07 00:45:19","432",0,0,11,0,"IN_SERVICE",true,true,true,"FIT:0|BATTLE:0|BOOST:0|MUVO:0|EFIT:0",1791344548,1791344716
"2026-10-07 00:45:19","433",2,0,9,0,"IN_SERVICE",true,true,true,"FIT:2|BATTLE:0|BOOST:0|MUVO:0|EFIT:0",1791344578,1791344716
"2026-10-07 00:45:19","434",10,0,12,1,"IN_SERVICE",true,true,true,"FIT:10|BATTLE:0|BOOST:0|MUVO:0|EFIT:0",1791344658,1791344716
"2026-10-07 00:45:19","435",18,0,1,0,"IN_SERVICE",true,true,true,"FIT:9|BATTLE:0|BOOST:0|MUVO:0|EFIT:9",1791344556,1791344716
"2026-10-07 00:45:19","436",8,1,2,0,"IN_SERVICE",true,true,true,"FIT:3|BATTLE:0|BOOST:0|MUVO:0|EFIT:5",1791344646,1791344716
"2026-10-07 00:45:19","437",11,0,0,0,"IN_SERVICE",true,true,true,"FIT:9|BATTLE:0|BOOST:0|MUVO:0|EFIT:2",1791344582,1791344716
"2026-10-07 00:45:19","438",0,1,8,2,"IN_SERVICE",true,true,true,"FIT:0|BATTLE:0|BOOST:0|MUVO:0|EFIT:0",1791344557,1791344716
"2026-10-07 00:45:19","439",3,0,12,0,"IN_SERVICE",true,true,true,"FIT:3|BATTLE:0|BOOST:0|MUVO:0|EFIT:0",1791344535,1791344716
"2026-10-07 00:45:19","440",9,0,2,0,"IN_SERVICE",true,true,true,"FIT:9|BATTLE:0|BOOST:0|MUVO:0|EFIT:0",1791344569,1791344716
"2026-10-07 00:45:19","442",1,0,10,0,"IN_SERVICE",true,true,true,"FIT:0|BATTLE:0|BOOST:0|MUVO:0|EFIT:1",1791344687,1791344716
"2026-10-07 00:45:19","443",13,0,13,1,"IN_SERVICE",true,true,true,"FIT:13|BATTLE:0|BOOST:0|MUVO:0|EFIT:0",1791344556,1791344716
"2026-10-07 00:45:19","446",7,0,10,0,"IN_SERVICE",true,true,true,"FIT:5|BATTLE:0|BOOST:0|MUVO:0|EFIT:2",1791344659,1791344716
"2026-10-07 00:45:19","448",6,0,4,1,"IN_SERVICE",true,true,true,"FIT:6|BATTLE:0|BOOST:0|MUVO:0|EFIT:0",1791344589,1791344716
"2026-10-07 00:45:19","451",7,0,4,0,"IN_SERVICE",true,true,true,"FIT:7|BATTLE:0|BOOST:0|MUVO:0|EFIT:0",1791344628,1791344716
"2026-10-07 00:45:19","452",3,0,16,0,"IN_SERVICE",true,true,true,"FIT:3|BATTLE:0|BOOST:0|MUVO:0|EFIT:0",1791344554,1791344716
"2026-10-07 00:45:19","454",9,0,6,0,"IN_SERVICE",true,true,true,"FIT:9|BATTLE:0|BOOST:0|MUVO:0|EFIT:0",1791344608,1791344716
"2026-10-07 00:45:19","455",10,0,1,0,"IN_SERVICE",true,true,true,"FIT:10|BATTLE:0|BOOST:0|MUVO:0|EFIT:0",1791344549,1791344716
"2026-10-07 00:45:19","459",6,0,11,0,"IN_SERVICE",true,true,true,"FIT:6|BATTLE:0|BOOST:0|MUVO:0|EFIT:0",1791344705,1791344716
"2026-10-07 00:45:19","460",3,0,20,0,"IN_SERVICE",true,true,true,"FIT:2|BATTLE:0|BOOST:0|MUVO:0|EFIT:1",1791344583,1791344716
"2026-10-07 00:45:19","461",5,0,10,0,"IN_SERVICE",true,true,true,"FIT:4|BATTLE:0|BOOST:0|MUVO:0|EFIT:1",1791344582,1791344716
"2026-10-07 00:45:19","462",2,1,11,1,"IN_SERVICE",true,true,true,"FIT:2|BATTLE:0|BOOST:0|MUVO:0|EFIT:0",1791344708,1791344716
"2026-10-07 00:45:19","463",13,0,2,0,"IN_SERVICE",true,true,true,"FIT:13|BATTLE:0|BOOST:0|MUVO:0|EFIT:0",1791344662,1791344716
"2026-10-07 00:45:19","464",7,1,3,0,"IN_SERVICE",true,true,true,"FIT:3|BATTLE:0|BOOST:0|MUVO:0|EFIT:4",1791344641,1791344716
"2026-10-07 00:45:19","466",15,0,4,0,"IN_SERVICE",true,true,true,"FIT:14|BATTLE:0|BOOST:0|MUVO:0|EFIT:1",1791344580,1791344716
"2026-10-07 00:45:19","467",0,1,14,0,"IN_SERVICE",true,true,true,"FIT:0|BATTLE:0|BOOST:0|MUVO:0|EFIT:0",1791344630,1791344716
"2026-10-07 00:45:19","468",9,0,10,0,"IN_SERVICE",true,true,true,"FIT:9|BATTLE:0|BOOST:0|MUVO:0|EFIT:0",1791344657,1791344716
"2026-10-07 00:45:19","469",17,0,1,1,"IN_SERVICE",true,true,true,"FIT:17|BATTLE:0|BOOST:0|MUVO:0|EFIT:0",1791344624,1791344716
"2026-10-07 00:45:19","470",11,0,8,0,"IN_SERVICE",true,true,true,"FIT:11|BATTLE:0|BOOST:0|MUVO:0|EFIT:0",1791344569,1791344716
"2026-10-07 00:45:19","471",3,0,16,0,"IN_SERVICE",true,true,true,"FIT:2|BATTLE:0|BOOST:0|MUVO:0|EFIT:1",1791344545,1791344716
"2026-10-07 00:45:19","473",7,0,4,0,"IN_SERVICE",true,true,true,"FIT:6|BATTLE:0|BOOST:0|MUVO:0|EFIT:1",1791344624,1791344716
"2026-10-07 00:45:19","474",14,0,1,0,"IN_SERVICE",true,true,true,"FIT:11|BATTLE:0|BOOST:0|MUVO:0|EFIT:3",1791344668,1791344716
"2026-10-07 00:45:19","477",13,0,2,0,"IN_SERVICE",true,true,true,"FIT:2|BATTLE:0|BOOST:0|MUVO:0|EFIT:11",1791344568,1791344716
"2026-10-07 00:45:19","479",17,0,2,0,"IN_SERVICE",true,true,true,"FIT:17|BATTLE:0|BOOST:0|MUVO:0|EFIT:0",1791344541,1791344716
"2026-10-07 00:45:19","487",10,0,1,0,"IN_SERVICE",true,true,true,"FIT:10|BATTLE:0|BOOST:0|MUVO:0|EFIT:0",1791344664,1791344716
"2026-10-07 00:45:19","488",8,0,7,0,"IN_SERVICE",true,true,true,"FIT:8|BATTLE:0|BOOST:0|MUVO:0|EFIT:0",1791344589,1791344716
"2026-10-07 00:45:19","489",11,2,9,1,"IN_SERVICE",true,true,true,"FIT:11|BATTLE:0|BOOST:0|MUVO:0|EFIT:0",1791344593,1791344716
"2026-10-07 00:45:19","490",4,2,5,0,"IN_SERVICE",true,true,true,"FIT:2|BATTLE:0|BOOST:0|MUVO:0|EFIT:2",1791344687,1791344716
"2026-10-07 00:45:19","491",5,0,12,0,"IN_SERVICE",true,true,true,"FIT:5|BATTLE:0|BOOST:0|MUVO:0|EFIT:0",1791344680,1791344716
"2026-10-07 00:45:19","492",0,0,14,1,"IN_SERVICE",true,true,true,"FIT:0|BATTLE:0|BOOST:0|MUVO:0|EFIT:0",1791344688,1791344716
"2026-10-07 00:45:19","493",1,0,16,2,"IN_SERVICE",true,true,true,"FIT:1|BATTLE:0|BOOST:0|MUVO:0|EFIT:0",1791344557,1791344716
"2026-10-07 00:45:19","494",2,1,16,0,"IN_SERVICE",true,true,true,"FIT:2|BATTLE:0|BOOST:0|MUVO:0|EFIT:0",1791344620,1791344716
"2026-10-07 00:45:19","495",4,0,15,0,"IN_SERVICE",true,true,true,"FIT:3|BATTLE:0|BOOST:0|MUVO:0|EFIT:1",1791344604,1791344716
"2026-10-07 00:45:19","497",3,0,12,0,"IN_SERVICE",true,true,true,"FIT:3|BATTLE:0|BOOST:0|MUVO:0|EFIT:0",1791344606,1791344716
"2026-10-07 00:45:19","498",0,2,17,0,"IN_SERVICE",true,true,true,"FIT:0|BATTLE:0|BOOST:0|MUVO:0|EFIT:0",1791344704,1791344716
"2026-10-07 00:45:19","499",0,0,11,0,"IN_SERVICE",true,true,true,"FIT:0|BATTLE:0|BOOST:0|MUVO:0|EFIT:0",1791344609,1791344716
"2026-10-07 00:45:19","500",10,0,1,0,"IN_SERVICE",true,true,true,"FIT:10|BATTLE:0|BOOST:0|MUVO:0|EFIT:0",1791344535,1791344716
"2026-10-07 00:45:19","501",5,0,17,0,"IN_SERVICE",true,true,true,"FIT:5|BATTLE:0|BOOST:0|MUVO:0|EFIT:0",1791344596,1791344716
"2026-10-07 00:45:19","503",16,2,9,0,"IN_SERVICE",true,true,true,"FIT:16|BATTLE:0|BOOST:0|MUVO:0|EFIT:0",1791344715,1791344716
"2026-10-07 00:45:19","504",1,1,9,0,"IN_SERVICE",true,true,true,"FIT:1|BATTLE:0|BOOST:0|MUVO:0|EFIT:0",1791344651,1791344716
"2026-10-07 00:45:19","505",3,0,16,0,"IN_SERVICE",true,true,true,"FIT:3|BATTLE:0|BOOST:0|MUVO:0|EFIT:0",1791344574,1791344716
"2026-10-07 00:45:19","506",26,0,1,0,"IN_SERVICE",true,true,true,"FIT:25|BATTLE:0|BOOST:0|MUVO:0|EFIT:1",1791344638,1791344716
"2026-10-07 00:45:19","508",3,0,16,0,"IN_SERVICE",true,true,true,"FIT:3|BATTLE:0|BOOST:0|MUVO:0|EFIT:0",1791344616,1791344716
"2026-10-07 00:45:19","509",10,0,9,0,"IN_SERVICE",true,true,true,"FIT:6|BATTLE:0|BOOST:0|MUVO:0|EFIT:4",1791344575,1791344716
"2026-10-07 00:45:19","518",3,0,8,0,"IN_SERVICE",true,true,true,"FIT:2|BATTLE:0|BOOST:0|MUVO:0|EFIT:1",1791344555,1791344716
"2026-10-07 00:45:19","519",1,1,13,0,"IN_SERVICE",true,true,true,"FIT:1|BATTLE:0|BOOST:0|MUVO:0|EFIT:0",1791344543,1791344716
"2026-10-07 00:45:19","520",10,0,1,0,"IN_SERVICE",true,true,true,"FIT:1|BATTLE:0|BOOST:0|MUVO:0|EFIT:9",1791344597,1791344716
"2026-10-07 00:45:19","521",7,0,10,0,"IN_SERVICE",true,true,true,"FIT:6|BATTLE:0|BOOST:0|MUVO:0|EFIT:1",1791344622,1791344716
"2026-10-07 00:45:19","522",3,0,16,0,"IN_SERVICE",true,true,true,"FIT:3|BATTLE:0|BOOST:0|MUVO:0|EFIT:0",1791344611,1791344716
"2026-10-07 00:45:19","523",9,0,10,0,"IN_SERVICE",true,true,true,"FIT:9|BATTLE:0|BOOST:0|MUVO:0|EFIT:0",1791344627,1791344716
"2026-10-07 00:45:19","524",4,0,12,0,"IN_SERVICE",true,true,true,"FIT:4|BATTLE:0|BOOST:0|MUVO:0|EFIT:0",1791344652,1791344716
"2026-10-07 00:45:19","525",3,0,16,0,"IN_SERVICE",true,true,true,"FIT:3|BATTLE:0|BOOST:0|MUVO:0|EFIT:0",1791344662,1791344716
"2026-10-07 00:45:19","526",3,0,12,0,"IN_SERVICE",true,true,true,"FIT:3|BATTLE:0|BOOST:0|MUVO:0|EFIT:0",1791344673,1791344716
"2026-10-07 00:45:19","528",4,0,10,1,"IN_SERVICE",true,true,true,"FIT:4|BATTLE:0|BOOST:0|MUVO:0|EFIT:0",1791344593,1791344716
"2026-10-07 00:45:19","529",1,0,14,0,"IN_SERVICE",true,true,true,"FIT:1|BATTLE:0|BOOST:0|MUVO:0|EFIT:0",1791344566,1791344716
"2026-10-07 00:45:19","530",0,0,19,0,"IN_SERVICE",true,true,true,"FIT:0|BATTLE:0|BOOST:0|MUVO:0|EFIT:0",1791344533,1791344716
"2026-10-07 00:45:19","531",7,0,10,0,"IN_SERVICE",true,true,true,"FIT:7|BATTLE:0|BOOST:0|MUVO:0|EFIT:0",1791344614,1791344716
"2026-10-07 00:45:19","536",3,0,8,0,"IN_SERVICE",true,true,true,"FIT:3|BATTLE:0|BOOST:0|MUVO:0|EFIT:0",1791344593,1791344716
"2026-10-07 00:45:19","538",10,0,1,0,"IN_SERVICE",true,true,true,"FIT:10|BATTLE:0|BOOST:0|MUVO:0|EFIT:0",1791344574,1791344716
"2026-10-07 00:45:19","539",13,0,2,0,"IN_SERVICE",true,true,true,"FIT:13|BATTLE:0|BOOST:0|MUVO:0|EFIT:0",1791344568,1791344716
"2026-10-07 00:45:19","540",0,0,15,0,"IN_SERVICE",true,true,true,"FIT:0|BATTLE:0|BOOST:0|MUVO:0|EFIT:0",1791344540,1791344716
"2026-10-07 00:45:19","541",1,0,14,0,"IN_SERVICE",true,true,true,"FIT:1|BATTLE:0|BOOST:0|MUVO:0|EFIT:0",1791344639,1791344716
"2026-10-07 00:45:19","542",9,0,6,0,"IN_SERVICE",true,true,true,"FIT:9|BATTLE:0|BOOST:0|MUVO:0|EFIT:0",1791344648,1791344716
"2026-10-07 00:45:19","543",0,0,15,0,"IN_SERVICE",true,true,true,"FIT:0|BATTLE:0|BOOST:0|MUVO:0|EFIT:0",1791344562,1791344716
"2026-10-07 00:45:19","548",11,2,2,0,"IN_SERVICE",true,true,true,"FIT:11|BATTLE:0|BOOST:0|MUVO:0|EFIT:0",1791344704,1791344716
"2026-10-07 00:45:19","549",3,2,10,0,"IN_SERVICE",true,true,true,"FIT:2|BATTLE:0|BOOST:0|MUVO:0|EFIT:1",1791344559,1791344716
"2026-10-07 00:45:19","551",6,0,9,0,"IN_SERVICE",true,true,true,"FIT:6|BATTLE:0|BOOST:0|MUVO:0|EFIT:0",1791344665,1791344716
"2026-10-07 00:45:19","555",10,0,5,0,"IN_SERVICE",true,true,true,"FIT:10|BATTLE:0|BOOST:0|MUVO:0|EFIT:0",1791344635,1791344716
"2026-10-07 00:45:19","559",14,0,13,0,"IN_SERVICE",true,true,true,"FIT:12|BATTLE:0|BOOST:0|MUVO:0|EFIT:2",1791344655,1791344716
"2026-10-07 00:45:19","565",2,0,13,0,"IN_SERVICE",true,true,true,"FIT:2|BATTLE:0|BOOST:0|MUVO:0|EFIT:0",1791344559,1791344716
"2026-10-07 00:45:19","566",16,0,1,0,"IN_SERVICE",true,true,true,"FIT:16|BATTLE:0|BOOST:0|MUVO:0|EFIT:0",1791344655,1791344716
"2026-10-07 00:45:19","567",6,1,10,0,"IN_SERVICE",true,true,true,"FIT:5|BATTLE:0|BOOST:0|MUVO:0|EFIT:1",1791344709,1791344716
"2026-10-07 00:45:19","570",1,0,10,0,"IN_SERVICE",true,true,true,"FIT:1|BATTLE:0|BOOST:0|MUVO:0|EFIT:0",1791344652,1791344716
"2026-10-07 00:45:19","572",5,0,18,0,"IN_SERVICE",true,true,true,"FIT:5|BATTLE:0|BOOST:0|MUVO:0|EFIT:0",1791344704,1791344716
"2026-10-07 00:45:19","576",8,0,15,0,"IN_SERVICE",true,true,true,"FIT:8|BATTLE:0|BOOST:0|MUVO:0|EFIT:0",1791344712,1791344716
"2026-10-07 00:45:19","577",3,0,12,0,"IN_SERVICE",true,true,true,"FIT:2|BATTLE:0|BOOST:0|MUVO:0|EFIT:1",1791344615,1791344716
"2026-10-07 00:45:19","590",0,0,10,0,"IN_SERVICE",true,true,true,"FIT:0|BATTLE:0|BOOST:0|MUVO:0|EFIT:0",1791344646,1791344716
"2026-10-07 00:45:19","593",15,0,0,0,"IN_SERVICE",true,true,true,"FIT:13|BATTLE:0|BOOST:0|MUVO:0|EFIT:2",1791344687,1791344716
"2026-10-07 00:45:19","594",14,2,3,0,"IN_SERVICE",true,true,true,"FIT:14|BATTLE:0|BOOST:0|MUVO:0|EFIT:0",1791344656,1791344716
"2026-10-07 00:45:19","595",2,0,12,1,"IN_SERVICE",true,true,true,"FIT:2|BATTLE:0|BOOST:0|MUVO:0|EFIT:0",1791344619,1791344716
"2026-10-07 00:45:19","597",10,3,4,2,"IN_SERVICE",true,true,true,"FIT:10|BATTLE:0|BOOST:0|MUVO:0|EFIT:0",1791344690,1791344716
"2026-10-07 00:45:19","598",1,0,8,0,"IN_SERVICE",true,true,true,"FIT:1|BATTLE:0|BOOST:0|MUVO:0|EFIT:0",1791344568,1791344716
