"coleta","station_id","num_bikes_available","num_bikes_disabled","num_docks_available","num_docks_disabled","status","is_installed","is_renting","is_returning","tipos_bikes_disponiveis","last_reported","feed_last_updated"
"2026-10-08 00:00:26","1",5,0,12,0,"IN_SERVICE",true,true,true,"FIT:5|BATTLE:0|BOOST:0|MUVO:0|EFIT:0",1791428397,1791428418
"2026-10-08 00:00:26","2",11,0,7,1,"IN_SERVICE",true,true,true,"FIT:10|BATTLE:0|BOOST:0|MUVO:0|EFIT:1",1791428246,1791428418
"2026-10-08 00:00:26","3",7,2,10,0,"IN_SERVICE",true,true,true,"FIT:5|BATTLE:0|BOOST:0|MUVO:0|EFIT:2",1791428255,1791428418
"2026-10-08 00:00:26","4",0,0,16,1,"IN_SERVICE",true,true,true,"FIT:0|BATTLE:0|BOOST:0|MUVO:0|EFIT:0",1791428380,1791428418
"2026-10-08 00:00:26","5",4,0,19,0,"IN_SERVICE",true,true,true,"FIT:4|BATTLE:0|BOOST:0|MUVO:0|EFIT:0",1791428293,1791428418
"2026-10-08 00:00:26","6",10,0,8,1,"IN_SERVICE",true,true,true,"FIT:10|BATTLE:0|BOOST:0|MUVO:0|EFIT:0",1791428272,1791428418
"2026-10-08 00:00:26","7",1,0,18,0,"IN_SERVICE",true,true,true,"FIT:1|BATTLE:0|BOOST:0|MUVO:0|EFIT:0",1791428332,1791428418
"2026-10-08 00:00:26","8",3,0,20,0,"IN_SERVICE",true,true,true,"FIT:2|BATTLE:0|BOOST:0|MUVO:0|EFIT:1",1791428340,1791428418
"2026-10-08 00:00:26","9",9,0,14,0,"IN_SERVICE",true,true,true,"FIT:9|BATTLE:0|BOOST:0|MUVO:0|EFIT:0",1791428294,1791428418
"2026-10-08 00:00:26","10",18,0,1,0,"IN_SERVICE",true,true,true,"FIT:18|BATTLE:0|BOOST:0|MUVO:0|EFIT:0",1791428389,1791428418
"2026-10-08 00:00:26","11",9,0,8,0,"IN_SERVICE",true,true,true,"FIT:8|BATTLE:0|BOOST:0|MUVO:0|EFIT:1",1791428268,1791428418
"2026-10-08 00:00:26","12",14,0,5,0,"IN_SERVICE",true,true,true,"FIT:13|BATTLE:0|BOOST:0|MUVO:0|EFIT:1",1791428370,1791428418
"2026-10-08 00:00:26","14",15,0,8,0,"IN_SERVICE",true,true,true,"FIT:11|BATTLE:0|BOOST:0|MUVO:0|EFIT:4",1791428273,1791428418
"2026-10-08 00:00:26","15",12,0,3,0,"IN_SERVICE",true,true,true,"FIT:8|BATTLE:0|BOOST:0|MUVO:0|EFIT:4",1791428403,1791428418
"2026-10-08 00:00:26","16",19,0,4,0,"IN_SERVICE",true,true,true,"FIT:7|BATTLE:0|BOOST:0|MUVO:0|EFIT:12",1791428317,1791428418
"2026-10-08 00:00:26","17",17,0,2,0,"IN_SERVICE",true,true,true,"FIT:12|BATTLE:0|BOOST:0|MUVO:0|EFIT:5",1791428410,1791428418
"2026-10-08 00:00:26","18",13,0,2,0,"IN_SERVICE",true,true,true,"FIT:11|BATTLE:0|BOOST:0|MUVO:0|EFIT:2",1791428246,1791428418
"2026-10-08 00:00:26","19",3,0,8,0,"IN_SERVICE",true,true,true,"FIT:3|BATTLE:0|BOOST:0|MUVO:0|EFIT:0",1791428291,1791428418
"2026-10-08 00:00:26","20",2,0,20,1,"IN_SERVICE",true,true,true,"FIT:1|BATTLE:0|BOOST:0|MUVO:0|EFIT:1",1791428346,1791428418
"2026-10-08 00:00:26","21",8,1,8,0,"IN_SERVICE",true,true,true,"FIT:7|BATTLE:0|BOOST:0|MUVO:0|EFIT:1",1791428336,1791428418
"2026-10-08 00:00:26","22",7,0,8,0,"IN_SERVICE",true,true,true,"FIT:7|BATTLE:0|BOOST:0|MUVO:0|EFIT:0",1791428268,1791428418
"2026-10-08 00:00:26","23",3,1,16,0,"IN_SERVICE",true,true,true,"FIT:3|BATTLE:0|BOOST:0|MUVO:0|EFIT:0",1791428300,1791428418
"2026-10-08 00:00:26","24",1,1,21,0,"IN_SERVICE",true,true,true,"FIT:1|BATTLE:0|BOOST:0|MUVO:0|EFIT:0",1791428332,1791428418
"2026-10-08 00:00:26","25",1,0,18,0,"IN_SERVICE",true,true,true,"FIT:1|BATTLE:0|BOOST:0|MUVO:0|EFIT:0",1791428358,1791428418
"2026-10-08 00:00:26","26",1,0,22,0,"IN_SERVICE",true,true,true,"FIT:0|BATTLE:0|BOOST:0|MUVO:0|EFIT:1",1791428349,1791428418
"2026-10-08 00:00:26","27",10,5,16,0,"IN_SERVICE",true,true,true,"FIT:6|BATTLE:0|BOOST:0|MUVO:0|EFIT:4",1791428321,1791428418
"2026-10-08 00:00:26","28",21,2,5,1,"IN_SERVICE",true,true,true,"FIT:21|BATTLE:0|BOOST:0|MUVO:0|EFIT:0",1791428407,1791428418
"2026-10-08 00:00:26","30",7,0,10,0,"IN_SERVICE",true,true,true,"FIT:6|BATTLE:0|BOOST:0|MUVO:0|EFIT:1",1791428367,1791428418
"2026-10-08 00:00:26","31",2,1,28,0,"IN_SERVICE",true,true,true,"FIT:2|BATTLE:0|BOOST:0|MUVO:0|EFIT:0",1791428408,1791428418
"2026-10-08 00:00:26","32",26,0,1,0,"IN_SERVICE",true,true,true,"FIT:25|BATTLE:0|BOOST:0|MUVO:0|EFIT:1",1791428340,1791428418
"2026-10-08 00:00:26","33",5,2,6,0,"IN_SERVICE",true,true,true,"FIT:5|BATTLE:0|BOOST:0|MUVO:0|EFIT:0",1791428397,1791428418
"2026-10-08 00:00:26","34",1,0,30,0,"IN_SERVICE",true,true,true,"FIT:1|BATTLE:0|BOOST:0|MUVO:0|EFIT:0",1791428338,1791428418
"2026-10-08 00:00:26","35",2,0,33,0,"IN_SERVICE",true,true,true,"FIT:2|BATTLE:0|BOOST:0|MUVO:0|EFIT:0",1791428279,1791428418
"2026-10-08 00:00:26","36",3,0,12,0,"IN_SERVICE",true,true,true,"FIT:3|BATTLE:0|BOOST:0|MUVO:0|EFIT:0",1791428298,1791428418
"2026-10-08 00:00:26","37",3,0,11,0,"IN_SERVICE",true,true,true,"FIT:3|BATTLE:0|BOOST:0|MUVO:0|EFIT:0",1791428384,1791428418
"2026-10-08 00:00:26","38",5,0,26,0,"IN_SERVICE",true,true,true,"FIT:5|BATTLE:0|BOOST:0|MUVO:0|EFIT:0",1791428395,1791428418
"2026-10-08 00:00:26","39",2,2,7,0,"IN_SERVICE",true,true,true,"FIT:1|BATTLE:0|BOOST:0|MUVO:0|EFIT:1",1791428393,1791428418
"2026-10-08 00:00:26","40",8,1,10,0,"IN_SERVICE",true,true,true,"FIT:3|BATTLE:0|BOOST:0|MUVO:0|EFIT:5",1791428393,1791428418
"2026-10-08 00:00:26","41",8,0,11,0,"IN_SERVICE",true,true,true,"FIT:8|BATTLE:0|BOOST:0|MUVO:0|EFIT:0",1791428349,1791428418
"2026-10-08 00:00:26","42",6,0,13,0,"IN_SERVICE",true,true,true,"FIT:6|BATTLE:0|BOOST:0|MUVO:0|EFIT:0",1791428342,1791428418
"2026-10-08 00:00:26","43",3,0,14,0,"IN_SERVICE",true,true,true,"FIT:2|BATTLE:0|BOOST:0|MUVO:0|EFIT:1",1791428244,1791428418
"2026-10-08 00:00:26","44",14,3,2,0,"IN_SERVICE",true,true,true,"FIT:13|BATTLE:0|BOOST:0|MUVO:0|EFIT:1",1791428358,1791428418
"2026-10-08 00:00:26","45",15,1,3,0,"IN_SERVICE",true,true,true,"FIT:15|BATTLE:0|BOOST:0|MUVO:0|EFIT:0",1791428393,1791428418
"2026-10-08 00:00:26","46",1,2,21,0,"IN_SERVICE",true,true,true,"FIT:1|BATTLE:0|BOOST:0|MUVO:0|EFIT:0",1791428389,1791428418
"2026-10-08 00:00:26","47",1,0,14,0,"IN_SERVICE",true,true,true,"FIT:1|BATTLE:0|BOOST:0|MUVO:0|EFIT:0",1791428308,1791428418
"2026-10-08 00:00:26","48",0,0,19,0,"IN_SERVICE",true,true,true,"FIT:0|BATTLE:0|BOOST:0|MUVO:0|EFIT:0",1791428309,1791428418
"2026-10-08 00:00:26","49",0,2,12,0,"IN_SERVICE",true,true,true,"FIT:0|BATTLE:0|BOOST:0|MUVO:0|EFIT:0",1791428363,1791428418
"2026-10-08 00:00:26","50",1,1,20,1,"IN_SERVICE",true,true,true,"FIT:1|BATTLE:0|BOOST:0|MUVO:0|EFIT:0",1791428416,1791428418
"2026-10-08 00:00:26","51",5,0,11,1,"IN_SERVICE",true,true,true,"FIT:5|BATTLE:0|BOOST:0|MUVO:0|EFIT:0",1791428247,1791428418
"2026-10-08 00:00:26","52",3,0,11,1,"IN_SERVICE",true,true,true,"FIT:3|BATTLE:0|BOOST:0|MUVO:0|EFIT:0",1791428333,1791428418
"2026-10-08 00:00:26","53",2,0,9,0,"IN_SERVICE",true,true,true,"FIT:2|BATTLE:0|BOOST:0|MUVO:0|EFIT:0",1791428397,1791428418
"2026-10-08 00:00:26","54",3,1,15,0,"IN_SERVICE",true,true,true,"FIT:2|BATTLE:0|BOOST:0|MUVO:0|EFIT:1",1791428279,1791428418
"2026-10-08 00:00:26","55",3,1,13,0,"IN_SERVICE",true,true,true,"FIT:3|BATTLE:0|BOOST:0|MUVO:0|EFIT:0",1791428364,1791428418
"2026-10-08 00:00:26","56",21,0,2,0,"IN_SERVICE",true,true,true,"FIT:21|BATTLE:0|BOOST:0|MUVO:0|EFIT:0",1791428294,1791428418
"2026-10-08 00:00:26","57",4,0,11,0,"IN_SERVICE",true,true,true,"FIT:4|BATTLE:0|BOOST:0|MUVO:0|EFIT:0",1791428413,1791428418
"2026-10-08 00:00:26","58",15,2,5,1,"IN_SERVICE",true,true,true,"FIT:15|BATTLE:0|BOOST:0|MUVO:0|EFIT:0",1791428416,1791428418
"2026-10-08 00:00:26","59",3,0,8,0,"IN_SERVICE",true,true,true,"FIT:3|BATTLE:0|BOOST:0|MUVO:0|EFIT:0",1791428253,1791428418
"2026-10-08 00:00:26","60",0,3,11,1,"IN_SERVICE",true,true,true,"FIT:0|BATTLE:0|BOOST:0|MUVO:0|EFIT:0",1791428376,1791428418
"2026-10-08 00:00:26","61",15,0,2,0,"IN_SERVICE",true,true,true,"FIT:15|BATTLE:0|BOOST:0|MUVO:0|EFIT:0",1791428369,1791428418
"2026-10-08 00:00:26","62",9,2,4,0,"IN_SERVICE",true,true,true,"FIT:9|BATTLE:0|BOOST:0|MUVO:0|EFIT:0",1791428409,1791428418
"2026-10-08 00:00:26","63",1,0,12,1,"IN_SERVICE",true,true,true,"FIT:1|BATTLE:0|BOOST:0|MUVO:0|EFIT:0",1791428253,1791428418
"2026-10-08 00:00:26","64",1,0,18,0,"IN_SERVICE",true,true,true,"FIT:1|BATTLE:0|BOOST:0|MUVO:0|EFIT:0",1791428351,1791428418
"2026-10-08 00:00:26","65",4,1,16,2,"IN_SERVICE",true,true,true,"FIT:4|BATTLE:0|BOOST:0|MUVO:0|EFIT:0",1791428268,1791428418
"2026-10-08 00:00:26","66",2,0,9,0,"IN_SERVICE",true,true,true,"FIT:2|BATTLE:0|BOOST:0|MUVO:0|EFIT:0",1791428269,1791428418
"2026-10-08 00:00:26","67",14,0,1,0,"IN_SERVICE",true,true,true,"FIT:14|BATTLE:0|BOOST:0|MUVO:0|EFIT:0",1791428264,1791428418
"2026-10-08 00:00:26","68",19,0,4,0,"IN_SERVICE",true,true,true,"FIT:19|BATTLE:0|BOOST:0|MUVO:0|EFIT:0",1791428392,1791428418
"2026-10-08 00:00:26","69",17,1,5,0,"IN_SERVICE",true,true,true,"FIT:15|BATTLE:0|BOOST:0|MUVO:0|EFIT:2",1791428218,1791428418
"2026-10-08 00:00:26","70",20,0,3,0,"IN_SERVICE",true,true,true,"FIT:17|BATTLE:0|BOOST:0|MUVO:0|EFIT:3",1791428255,1791428418
"2026-10-08 00:00:26","71",12,0,7,0,"IN_SERVICE",true,true,true,"FIT:12|BATTLE:0|BOOST:0|MUVO:0|EFIT:0",1791428258,1791428418
"2026-10-08 00:00:26","73",19,0,4,0,"IN_SERVICE",true,true,true,"FIT:14|BATTLE:0|BOOST:0|MUVO:0|EFIT:5",1791428391,1791428418
"2026-10-08 00:00:26","74",14,0,5,0,"IN_SERVICE",true,true,true,"FIT:14|BATTLE:0|BOOST:0|MUVO:0|EFIT:0",1791428259,1791428418
"2026-10-08 00:00:26","75",2,2,11,0,"IN_SERVICE",true,true,true,"FIT:2|BATTLE:0|BOOST:0|MUVO:0|EFIT:0",1791428353,1791428418
"2026-10-08 00:00:26","76",2,1,16,0,"IN_SERVICE",true,true,true,"FIT:1|BATTLE:0|BOOST:0|MUVO:0|EFIT:1",1791428387,1791428418
"2026-10-08 00:00:26","77",3,1,14,0,"IN_SERVICE",true,true,true,"FIT:3|BATTLE:0|BOOST:0|MUVO:0|EFIT:0",1791428247,1791428418
"2026-10-08 00:00:26","78",6,0,5,0,"IN_SERVICE",true,true,true,"FIT:6|BATTLE:0|BOOST:0|MUVO:0|EFIT:0",1791428293,1791428418
"2026-10-08 00:00:26","79",8,0,3,0,"IN_SERVICE",true,true,true,"FIT:6|BATTLE:0|BOOST:0|MUVO:0|EFIT:2",1791428414,1791428418
"2026-10-08 00:00:26","80",17,0,1,0,"IN_SERVICE",true,true,true,"FIT:17|BATTLE:0|BOOST:0|MUVO:0|EFIT:0",1791428342,1791428418
"2026-10-08 00:00:26","81",1,0,13,1,"IN_SERVICE",true,true,true,"FIT:1|BATTLE:0|BOOST:0|MUVO:0|EFIT:0",1791428384,1791428418
"2026-10-08 00:00:26","82",20,3,6,1,"IN_SERVICE",true,true,true,"FIT:20|BATTLE:0|BOOST:0|MUVO:0|EFIT:0",1791428361,1791428418
"2026-10-08 00:00:26","83",15,0,13,3,"IN_SERVICE",true,true,true,"FIT:12|BATTLE:0|BOOST:0|MUVO:0|EFIT:3",1791428307,1791428418
"2026-10-08 00:00:26","84",4,1,10,0,"IN_SERVICE",true,true,true,"FIT:4|BATTLE:0|BOOST:0|MUVO:0|EFIT:0",1791428328,1791428418
"2026-10-08 00:00:26","85",1,0,22,0,"IN_SERVICE",true,true,true,"FIT:1|BATTLE:0|BOOST:0|MUVO:0|EFIT:0",1791428389,1791428418
"2026-10-08 00:00:26","86",9,0,25,1,"IN_SERVICE",true,true,true,"FIT:6|BATTLE:0|BOOST:0|MUVO:0|EFIT:3",1791428287,1791428418
"2026-10-08 00:00:26","87",2,1,15,1,"IN_SERVICE",true,true,true,"FIT:2|BATTLE:0|BOOST:0|MUVO:0|EFIT:0",1791428368,1791428418
"2026-10-08 00:00:26","88",11,0,8,0,"IN_SERVICE",true,true,true,"FIT:0|BATTLE:0|BOOST:0|MUVO:0|EFIT:11",1791428409,1791428418
"2026-10-08 00:00:26","89",6,2,7,1,"IN_SERVICE",true,true,true,"FIT:2|BATTLE:0|BOOST:0|MUVO:0|EFIT:4",1791428303,1791428418
"2026-10-08 00:00:26","90",5,1,6,0,"IN_SERVICE",true,true,true,"FIT:3|BATTLE:0|BOOST:0|MUVO:0|EFIT:2",1791428344,1791428418
"2026-10-08 00:00:26","91",6,1,4,0,"IN_SERVICE",true,true,true,"FIT:2|BATTLE:0|BOOST:0|MUVO:0|EFIT:4",1791428395,1791428418
"2026-10-08 00:00:26","92",5,0,10,0,"IN_SERVICE",true,true,true,"FIT:3|BATTLE:0|BOOST:0|MUVO:0|EFIT:2",1791428257,1791428418
"2026-10-08 00:00:26","93",11,2,2,0,"IN_SERVICE",true,true,true,"FIT:7|BATTLE:0|BOOST:0|MUVO:0|EFIT:4",1791428240,1791428418
"2026-10-08 00:00:26","94",5,1,9,0,"IN_SERVICE",true,true,true,"FIT:4|BATTLE:0|BOOST:0|MUVO:0|EFIT:1",1791428259,1791428418
"2026-10-08 00:00:26","95",11,0,6,0,"IN_SERVICE",true,true,true,"FIT:7|BATTLE:0|BOOST:0|MUVO:0|EFIT:4",1791428405,1791428418
"2026-10-08 00:00:26","96",5,1,13,0,"IN_SERVICE",true,true,true,"FIT:5|BATTLE:0|BOOST:0|MUVO:0|EFIT:0",1791428317,1791428418
"2026-10-08 00:00:26","97",2,0,13,0,"IN_SERVICE",true,true,true,"FIT:2|BATTLE:0|BOOST:0|MUVO:0|EFIT:0",1791428390,1791428418
"2026-10-08 00:00:26","98",0,0,12,2,"IN_SERVICE",true,true,true,"FIT:0|BATTLE:0|BOOST:0|MUVO:0|EFIT:0",1791428257,1791428418
"2026-10-08 00:00:26","99",8,0,3,0,"IN_SERVICE",true,true,true,"FIT:1|BATTLE:0|BOOST:0|MUVO:0|EFIT:7",1791428377,1791428418
"2026-10-08 00:00:26","100",7,3,4,0,"IN_SERVICE",true,true,true,"FIT:5|BATTLE:0|BOOST:0|MUVO:0|EFIT:2",1791428240,1791428418
"2026-10-08 00:00:26","101",5,0,14,0,"IN_SERVICE",true,true,true,"FIT:3|BATTLE:0|BOOST:0|MUVO:0|EFIT:2",1791428332,1791428418
"2026-10-08 00:00:26","102",24,0,3,0,"IN_SERVICE",true,true,true,"FIT:14|BATTLE:0|BOOST:0|MUVO:0|EFIT:10",1791428295,1791428418
"2026-10-08 00:00:26","103",10,1,4,0,"IN_SERVICE",true,true,true,"FIT:6|BATTLE:0|BOOST:0|MUVO:0|EFIT:4",1791427946,1791428418
"2026-10-08 00:00:26","104",11,0,0,0,"IN_SERVICE",true,true,true,"FIT:11|BATTLE:0|BOOST:0|MUVO:0|EFIT:0",1791428389,1791428418
"2026-10-08 00:00:26","105",8,1,7,0,"IN_SERVICE",true,true,true,"FIT:7|BATTLE:0|BOOST:0|MUVO:0|EFIT:1",1791428413,1791428418
"2026-10-08 00:00:26","107",16,0,3,0,"IN_SERVICE",true,true,true,"FIT:8|BATTLE:0|BOOST:0|MUVO:0|EFIT:8",1791428307,1791428418
"2026-10-08 00:00:26","109",34,0,1,0,"IN_SERVICE",true,true,true,"FIT:32|BATTLE:0|BOOST:0|MUVO:0|EFIT:2",1791428359,1791428418
"2026-10-08 00:00:26","111",13,1,4,0,"IN_SERVICE",true,true,true,"FIT:13|BATTLE:0|BOOST:0|MUVO:0|EFIT:0",1791428368,1791428418
"2026-10-08 00:00:26","112",7,1,11,0,"IN_SERVICE",true,true,true,"FIT:6|BATTLE:0|BOOST:0|MUVO:0|EFIT:1",1791428339,1791428418
"2026-10-08 00:00:26","113",12,1,2,0,"IN_SERVICE",true,true,true,"FIT:10|BATTLE:0|BOOST:0|MUVO:0|EFIT:2",1791428374,1791428418
"2026-10-08 00:00:26","114",3,2,16,0,"IN_SERVICE",true,true,true,"FIT:0|BATTLE:0|BOOST:0|MUVO:0|EFIT:3",1791428272,1791428418
"2026-10-08 00:00:26","116",16,1,1,0,"IN_SERVICE",true,true,true,"FIT:15|BATTLE:0|BOOST:0|MUVO:0|EFIT:1",1791428300,1791428418
"2026-10-08 00:00:26","117",24,1,2,0,"IN_SERVICE",true,true,true,"FIT:22|BATTLE:0|BOOST:0|MUVO:0|EFIT:2",1791428412,1791428418
"2026-10-08 00:00:26","118",9,1,5,0,"IN_SERVICE",true,true,true,"FIT:7|BATTLE:0|BOOST:0|MUVO:0|EFIT:2",1791428264,1791428418
"2026-10-08 00:00:26","119",8,0,3,0,"IN_SERVICE",true,true,true,"FIT:7|BATTLE:0|BOOST:0|MUVO:0|EFIT:1",1791428390,1791428418
"2026-10-08 00:00:26","120",14,1,8,0,"IN_SERVICE",true,true,true,"FIT:14|BATTLE:0|BOOST:0|MUVO:0|EFIT:0",1791428298,1791428418
"2026-10-08 00:00:26","121",7,0,16,0,"IN_SERVICE",true,true,true,"FIT:7|BATTLE:0|BOOST:0|MUVO:0|EFIT:0",1791428248,1791428418
"2026-10-08 00:00:26","122",11,1,11,0,"IN_SERVICE",true,true,true,"FIT:11|BATTLE:0|BOOST:0|MUVO:0|EFIT:0",1791428389,1791428418
"2026-10-08 00:00:26","123",6,0,8,0,"IN_SERVICE",true,true,true,"FIT:6|BATTLE:0|BOOST:0|MUVO:0|EFIT:0",1791428253,1791428418
"2026-10-08 00:00:26","124",3,1,11,0,"IN_SERVICE",true,true,true,"FIT:1|BATTLE:0|BOOST:0|MUVO:0|EFIT:2",1791428245,1791428418
"2026-10-08 00:00:26","125",0,2,17,0,"IN_SERVICE",true,true,true,"FIT:0|BATTLE:0|BOOST:0|MUVO:0|EFIT:0",1791428269,1791428418
"2026-10-08 00:00:26","126",6,0,9,0,"IN_SERVICE",true,true,true,"FIT:3|BATTLE:0|BOOST:0|MUVO:0|EFIT:3",1791428368,1791428418
"2026-10-08 00:00:26","127",15,0,0,0,"IN_SERVICE",true,true,true,"FIT:13|BATTLE:0|BOOST:0|MUVO:0|EFIT:2",1791428413,1791428418
"2026-10-08 00:00:26","128",11,0,8,0,"IN_SERVICE",true,true,true,"FIT:7|BATTLE:0|BOOST:0|MUVO:0|EFIT:4",1791428414,1791428418
"2026-10-08 00:00:26","129",0,0,11,0,"IN_SERVICE",true,true,true,"FIT:0|BATTLE:0|BOOST:0|MUVO:0|EFIT:0",1791428383,1791428418
"2026-10-08 00:00:26","131",13,1,9,0,"IN_SERVICE",true,true,true,"FIT:12|BATTLE:0|BOOST:0|MUVO:0|EFIT:1",1791428406,1791428418
"2026-10-08 00:00:26","132",7,0,12,0,"IN_SERVICE",true,true,true,"FIT:7|BATTLE:0|BOOST:0|MUVO:0|EFIT:0",1791428245,1791428418
"2026-10-08 00:00:26","133",0,0,15,0,"IN_SERVICE",true,true,true,"FIT:0|BATTLE:0|BOOST:0|MUVO:0|EFIT:0",1791428280,1791428418
"2026-10-08 00:00:26","134",1,0,22,0,"IN_SERVICE",true,true,true,"FIT:1|BATTLE:0|BOOST:0|MUVO:0|EFIT:0",1791428306,1791428418
"2026-10-08 00:00:26","136",5,0,9,1,"IN_SERVICE",true,true,true,"FIT:1|BATTLE:0|BOOST:0|MUVO:0|EFIT:4",1791428301,1791428418
"2026-10-08 00:00:26","137",11,0,8,0,"IN_SERVICE",true,true,true,"FIT:9|BATTLE:0|BOOST:0|MUVO:0|EFIT:2",1791428251,1791428418
"2026-10-08 00:00:26","138",10,0,4,1,"IN_SERVICE",true,true,true,"FIT:8|BATTLE:0|BOOST:0|MUVO:0|EFIT:2",1791428284,1791428418
"2026-10-08 00:00:26","139",13,0,10,0,"IN_SERVICE",true,true,true,"FIT:13|BATTLE:0|BOOST:0|MUVO:0|EFIT:0",1791428408,1791428418
"2026-10-08 00:00:26","140",20,0,8,1,"IN_SERVICE",true,true,true,"FIT:13|BATTLE:0|BOOST:0|MUVO:0|EFIT:7",1791428312,1791428418
"2026-10-08 00:00:26","141",6,0,9,0,"IN_SERVICE",true,true,true,"FIT:6|BATTLE:0|BOOST:0|MUVO:0|EFIT:0",1791428279,1791428418
"2026-10-08 00:00:26","142",18,0,1,0,"IN_SERVICE",true,true,true,"FIT:17|BATTLE:0|BOOST:0|MUVO:0|EFIT:1",1791428374,1791428418
"2026-10-08 00:00:26","143",2,0,12,1,"IN_SERVICE",true,true,true,"FIT:1|BATTLE:0|BOOST:0|MUVO:0|EFIT:1",1791428313,1791428418
"2026-10-08 00:00:26","145",17,0,2,0,"IN_SERVICE",true,true,true,"FIT:12|BATTLE:0|BOOST:0|MUVO:0|EFIT:5",1791428329,1791428418
"2026-10-08 00:00:26","146",1,1,13,0,"IN_SERVICE",true,true,true,"FIT:0|BATTLE:0|BOOST:0|MUVO:0|EFIT:1",1791428407,1791428418
"2026-10-08 00:00:26","148",6,0,9,0,"IN_SERVICE",true,true,true,"FIT:5|BATTLE:0|BOOST:0|MUVO:0|EFIT:1",1791428299,1791428418
"2026-10-08 00:00:26","149",0,0,15,0,"IN_SERVICE",true,true,true,"FIT:0|BATTLE:0|BOOST:0|MUVO:0|EFIT:0",1791428311,1791428418
"2026-10-08 00:00:26","150",11,1,4,0,"IN_SERVICE",true,true,true,"FIT:10|BATTLE:0|BOOST:0|MUVO:0|EFIT:1",1791428324,1791428418
"2026-10-08 00:00:26","152",6,0,5,0,"IN_SERVICE",true,true,true,"FIT:2|BATTLE:0|BOOST:0|MUVO:0|EFIT:4",1791428324,1791428418
"2026-10-08 00:00:26","153",1,1,17,0,"IN_SERVICE",true,true,true,"FIT:1|BATTLE:0|BOOST:0|MUVO:0|EFIT:0",1791428410,1791428418
"2026-10-08 00:00:26","154",9,1,7,0,"IN_SERVICE",true,true,true,"FIT:8|BATTLE:0|BOOST:0|MUVO:0|EFIT:1",1791428323,1791428418
"2026-10-08 00:00:26","155",14,2,3,0,"IN_SERVICE",true,true,true,"FIT:14|BATTLE:0|BOOST:0|MUVO:0|EFIT:0",1791428402,1791428418
"2026-10-08 00:00:26","157",4,0,15,0,"IN_SERVICE",true,true,true,"FIT:4|BATTLE:0|BOOST:0|MUVO:0|EFIT:0",1791428351,1791428418
"2026-10-08 00:00:26","158",12,1,6,0,"IN_SERVICE",true,true,true,"FIT:12|BATTLE:0|BOOST:0|MUVO:0|EFIT:0",1791428400,1791428418
"2026-10-08 00:00:26","159",2,1,12,0,"IN_SERVICE",true,true,true,"FIT:2|BATTLE:0|BOOST:0|MUVO:0|EFIT:0",1791428288,1791428418
"2026-10-08 00:00:26","160",4,0,9,0,"IN_SERVICE",true,true,true,"FIT:4|BATTLE:0|BOOST:0|MUVO:0|EFIT:0",1791428302,1791428418
"2026-10-08 00:00:26","161",1,0,10,0,"IN_SERVICE",true,true,true,"FIT:1|BATTLE:0|BOOST:0|MUVO:0|EFIT:0",1791428355,1791428418
"2026-10-08 00:00:26","162",1,1,15,0,"IN_SERVICE",true,true,true,"FIT:1|BATTLE:0|BOOST:0|MUVO:0|EFIT:0",1791428408,1791428418
"2026-10-08 00:00:26","163",10,0,7,0,"IN_SERVICE",true,true,true,"FIT:9|BATTLE:0|BOOST:0|MUVO:0|EFIT:1",1791428238,1791428418
"2026-10-08 00:00:26","164",2,0,15,0,"IN_SERVICE",true,true,true,"FIT:2|BATTLE:0|BOOST:0|MUVO:0|EFIT:0",1791428360,1791428418
"2026-10-08 00:00:26","165",0,0,15,0,"IN_SERVICE",true,true,true,"FIT:0|BATTLE:0|BOOST:0|MUVO:0|EFIT:0",1791428386,1791428418
"2026-10-08 00:00:26","166",2,1,8,0,"IN_SERVICE",true,true,true,"FIT:2|BATTLE:0|BOOST:0|MUVO:0|EFIT:0",1791428253,1791428418
"2026-10-08 00:00:26","167",0,1,29,1,"IN_SERVICE",true,true,true,"FIT:0|BATTLE:0|BOOST:0|MUVO:0|EFIT:0",1791428250,1791428418
"2026-10-08 00:00:26","168",0,0,19,0,"IN_SERVICE",true,true,true,"FIT:0|BATTLE:0|BOOST:0|MUVO:0|EFIT:0",1791428251,1791428418
"2026-10-08 00:00:26","169",9,1,5,0,"IN_SERVICE",true,true,true,"FIT:8|BATTLE:0|BOOST:0|MUVO:0|EFIT:1",1791428371,1791428418
"2026-10-08 00:00:26","170",3,1,10,0,"IN_SERVICE",true,true,true,"FIT:3|BATTLE:0|BOOST:0|MUVO:0|EFIT:0",1791428312,1791428418
"2026-10-08 00:00:26","171",0,0,10,1,"IN_SERVICE",true,true,true,"FIT:0|BATTLE:0|BOOST:0|MUVO:0|EFIT:0",1791428278,1791428418
"2026-10-08 00:00:26","172",8,2,1,0,"IN_SERVICE",true,true,true,"FIT:8|BATTLE:0|BOOST:0|MUVO:0|EFIT:0",1791428409,1791428418
"2026-10-08 00:00:26","173",9,0,5,1,"IN_SERVICE",true,true,true,"FIT:9|BATTLE:0|BOOST:0|MUVO:0|EFIT:0",1791428332,1791428418
"2026-10-08 00:00:26","174",11,0,4,0,"IN_SERVICE",true,true,true,"FIT:11|BATTLE:0|BOOST:0|MUVO:0|EFIT:0",1791428382,1791428418
"2026-10-08 00:00:26","175",20,0,2,0,"IN_SERVICE",true,true,true,"FIT:20|BATTLE:0|BOOST:0|MUVO:0|EFIT:0",1791428271,1791428418
"2026-10-08 00:00:26","176",13,0,2,0,"IN_SERVICE",true,true,true,"FIT:13|BATTLE:0|BOOST:0|MUVO:0|EFIT:0",1791428357,1791428418
"2026-10-08 00:00:26","177",6,0,9,0,"IN_SERVICE",true,true,true,"FIT:6|BATTLE:0|BOOST:0|MUVO:0|EFIT:0",1791428258,1791428418
"2026-10-08 00:00:26","178",15,0,3,1,"IN_SERVICE",true,true,true,"FIT:15|BATTLE:0|BOOST:0|MUVO:0|EFIT:0",1791428377,1791428418
"2026-10-08 00:00:26","179",4,0,15,0,"IN_SERVICE",true,true,true,"FIT:4|BATTLE:0|BOOST:0|MUVO:0|EFIT:0",1791428371,1791428418
"2026-10-08 00:00:26","180",9,0,6,0,"IN_SERVICE",true,true,true,"FIT:9|BATTLE:0|BOOST:0|MUVO:0|EFIT:0",1791428252,1791428418
"2026-10-08 00:00:26","181",4,0,11,0,"IN_SERVICE",true,true,true,"FIT:4|BATTLE:0|BOOST:0|MUVO:0|EFIT:0",1791428258,1791428418
"2026-10-08 00:00:26","182",13,0,6,0,"IN_SERVICE",true,true,true,"FIT:13|BATTLE:0|BOOST:0|MUVO:0|EFIT:0",1791428367,1791428418
"2026-10-08 00:00:26","183",1,0,18,0,"IN_SERVICE",true,true,true,"FIT:1|BATTLE:0|BOOST:0|MUVO:0|EFIT:0",1791428265,1791428418
"2026-10-08 00:00:26","184",4,0,15,0,"IN_SERVICE",true,true,true,"FIT:3|BATTLE:0|BOOST:0|MUVO:0|EFIT:1",1791428306,1791428418
"2026-10-08 00:00:26","185",8,1,9,0,"IN_SERVICE",true,true,true,"FIT:8|BATTLE:0|BOOST:0|MUVO:0|EFIT:0",1791428355,1791428418
"2026-10-08 00:00:26","186",7,0,4,0,"IN_SERVICE",true,true,true,"FIT:7|BATTLE:0|BOOST:0|MUVO:0|EFIT:0",1791428317,1791428418
"2026-10-08 00:00:26","187",1,0,16,0,"IN_SERVICE",true,true,true,"FIT:1|BATTLE:0|BOOST:0|MUVO:0|EFIT:0",1791428303,1791428418
"2026-10-08 00:00:26","188",1,0,16,0,"IN_SERVICE",true,true,true,"FIT:1|BATTLE:0|BOOST:0|MUVO:0|EFIT:0",1791428369,1791428418
"2026-10-08 00:00:26","189",10,0,5,0,"IN_SERVICE",true,true,true,"FIT:10|BATTLE:0|BOOST:0|MUVO:0|EFIT:0",1791428405,1791428418
"2026-10-08 00:00:26","190",2,0,28,1,"IN_SERVICE",true,true,true,"FIT:2|BATTLE:0|BOOST:0|MUVO:0|EFIT:0",1791428248,1791428418
"2026-10-08 00:00:26","192",3,0,7,0,"IN_SERVICE",true,true,true,"FIT:3|BATTLE:0|BOOST:0|MUVO:0|EFIT:0",1791428344,1791428418
"2026-10-08 00:00:26","193",0,0,0,0,"IN_SERVICE",true,true,true,"FIT:0|BATTLE:0|BOOST:0|MUVO:0|EFIT:0",1791428338,1791428418
"2026-10-08 00:00:26","194",6,0,11,0,"IN_SERVICE",true,true,true,"FIT:6|BATTLE:0|BOOST:0|MUVO:0|EFIT:0",1791428342,1791428418
"2026-10-08 00:00:26","195",15,0,0,0,"IN_SERVICE",true,true,true,"FIT:15|BATTLE:0|BOOST:0|MUVO:0|EFIT:0",1791428331,1791428418
"2026-10-08 00:00:26","196",7,1,7,0,"IN_SERVICE",true,true,true,"FIT:7|BATTLE:0|BOOST:0|MUVO:0|EFIT:0",1791428292,1791428418
"2026-10-08 00:00:26","197",5,1,8,1,"IN_SERVICE",true,true,true,"FIT:5|BATTLE:0|BOOST:0|MUVO:0|EFIT:0",1791428347,1791428418
"2026-10-08 00:00:26","198",11,0,4,0,"IN_SERVICE",true,true,true,"FIT:10|BATTLE:0|BOOST:0|MUVO:0|EFIT:1",1791428328,1791428418
"2026-10-08 00:00:26","199",10,0,17,0,"IN_SERVICE",true,true,true,"FIT:9|BATTLE:0|BOOST:0|MUVO:0|EFIT:1",1791428274,1791428418
"2026-10-08 00:00:26","200",9,0,6,0,"IN_SERVICE",true,true,true,"FIT:9|BATTLE:0|BOOST:0|MUVO:0|EFIT:0",1791428396,1791428418
"2026-10-08 00:00:26","201",8,1,6,0,"IN_SERVICE",true,true,true,"FIT:8|BATTLE:0|BOOST:0|MUVO:0|EFIT:0",1791428267,1791428418
"2026-10-08 00:00:26","202",2,1,16,0,"IN_SERVICE",true,true,true,"FIT:2|BATTLE:0|BOOST:0|MUVO:0|EFIT:0",1791428337,1791428418
"2026-10-08 00:00:26","203",1,1,17,0,"IN_SERVICE",true,true,true,"FIT:1|BATTLE:0|BOOST:0|MUVO:0|EFIT:0",1791428382,1791428418
"2026-10-08 00:00:26","204",0,0,17,0,"IN_SERVICE",true,true,true,"FIT:0|BATTLE:0|BOOST:0|MUVO:0|EFIT:0",1791428295,1791428418
"2026-10-08 00:00:26","205",0,1,16,0,"IN_SERVICE",true,true,true,"FIT:0|BATTLE:0|BOOST:0|MUVO:0|EFIT:0",1791428260,1791428418
"2026-10-08 00:00:26","206",2,0,13,0,"IN_SERVICE",true,true,true,"FIT:2|BATTLE:0|BOOST:0|MUVO:0|EFIT:0",1791428334,1791428418
"2026-10-08 00:00:26","207",1,2,21,0,"IN_SERVICE",true,true,true,"FIT:1|BATTLE:0|BOOST:0|MUVO:0|EFIT:0",1791428411,1791428418
"2026-10-08 00:00:26","208",1,1,16,0,"IN_SERVICE",true,true,true,"FIT:1|BATTLE:0|BOOST:0|MUVO:0|EFIT:0",1791428276,1791428418
"2026-10-08 00:00:26","209",0,0,19,0,"IN_SERVICE",true,true,true,"FIT:0|BATTLE:0|BOOST:0|MUVO:0|EFIT:0",1791428337,1791428418
"2026-10-08 00:00:26","210",9,0,20,0,"IN_SERVICE",true,true,true,"FIT:9|BATTLE:0|BOOST:0|MUVO:0|EFIT:0",1791428290,1791428418
"2026-10-08 00:00:26","212",0,0,14,1,"IN_SERVICE",true,true,true,"FIT:0|BATTLE:0|BOOST:0|MUVO:0|EFIT:0",1791428324,1791428418
"2026-10-08 00:00:26","213",0,0,19,0,"IN_SERVICE",true,true,true,"FIT:0|BATTLE:0|BOOST:0|MUVO:0|EFIT:0",1791428263,1791428418
"2026-10-08 00:00:26","214",3,0,18,0,"IN_SERVICE",true,true,true,"FIT:3|BATTLE:0|BOOST:0|MUVO:0|EFIT:0",1791428370,1791428418
"2026-10-08 00:00:26","215",0,0,22,1,"IN_SERVICE",true,true,true,"FIT:0|BATTLE:0|BOOST:0|MUVO:0|EFIT:0",1791428393,1791428418
"2026-10-08 00:00:26","217",7,0,8,0,"IN_SERVICE",true,true,true,"FIT:7|BATTLE:0|BOOST:0|MUVO:0|EFIT:0",1791428247,1791428418
"2026-10-08 00:00:26","220",2,0,17,0,"IN_SERVICE",true,true,true,"FIT:1|BATTLE:0|BOOST:0|MUVO:0|EFIT:1",1791428364,1791428418
"2026-10-08 00:00:26","221",14,0,1,0,"IN_SERVICE",true,true,true,"FIT:14|BATTLE:0|BOOST:0|MUVO:0|EFIT:0",1791428294,1791428418
"2026-10-08 00:00:26","222",11,0,4,0,"IN_SERVICE",true,true,true,"FIT:10|BATTLE:0|BOOST:0|MUVO:0|EFIT:1",1791428264,1791428418
"2026-10-08 00:00:26","223",13,0,4,0,"IN_SERVICE",true,true,true,"FIT:13|BATTLE:0|BOOST:0|MUVO:0|EFIT:0",1791428314,1791428418
"2026-10-08 00:00:26","224",0,0,15,0,"IN_SERVICE",true,true,true,"FIT:0|BATTLE:0|BOOST:0|MUVO:0|EFIT:0",1791428260,1791428418
"2026-10-08 00:00:26","225",2,0,9,0,"IN_SERVICE",true,true,true,"FIT:2|BATTLE:0|BOOST:0|MUVO:0|EFIT:0",1791428331,1791428418
"2026-10-08 00:00:26","226",21,0,2,0,"IN_SERVICE",true,true,true,"FIT:21|BATTLE:0|BOOST:0|MUVO:0|EFIT:0",1791428292,1791428418
"2026-10-08 00:00:26","228",4,0,13,2,"IN_SERVICE",true,true,true,"FIT:4|BATTLE:0|BOOST:0|MUVO:0|EFIT:0",1791428411,1791428418
"2026-10-08 00:00:26","229",10,1,5,1,"IN_SERVICE",true,true,true,"FIT:8|BATTLE:0|BOOST:0|MUVO:0|EFIT:2",1791428389,1791428418
"2026-10-08 00:00:26","230",18,0,1,0,"IN_SERVICE",true,true,true,"FIT:18|BATTLE:0|BOOST:0|MUVO:0|EFIT:0",1791428338,1791428418
"2026-10-08 00:00:26","231",8,0,7,0,"IN_SERVICE",true,true,true,"FIT:8|BATTLE:0|BOOST:0|MUVO:0|EFIT:0",1791428331,1791428418
"2026-10-08 00:00:26","232",16,4,9,0,"IN_SERVICE",true,true,true,"FIT:16|BATTLE:0|BOOST:0|MUVO:0|EFIT:0",1791428242,1791428418
"2026-10-08 00:00:26","233",13,1,17,0,"IN_SERVICE",true,true,true,"FIT:13|BATTLE:0|BOOST:0|MUVO:0|EFIT:0",1791428293,1791428418
"2026-10-08 00:00:26","234",4,1,10,0,"IN_SERVICE",true,true,true,"FIT:3|BATTLE:0|BOOST:0|MUVO:0|EFIT:1",1791428306,1791428418
"2026-10-08 00:00:26","235",1,0,13,1,"IN_SERVICE",true,true,true,"FIT:1|BATTLE:0|BOOST:0|MUVO:0|EFIT:0",1791428368,1791428418
"2026-10-08 00:00:26","236",4,1,10,0,"IN_SERVICE",true,true,true,"FIT:4|BATTLE:0|BOOST:0|MUVO:0|EFIT:0",1791428267,1791428418
"2026-10-08 00:00:26","237",1,0,13,0,"IN_SERVICE",true,true,true,"FIT:1|BATTLE:0|BOOST:0|MUVO:0|EFIT:0",1791428413,1791428418
"2026-10-08 00:00:26","238",2,0,12,0,"IN_SERVICE",true,true,true,"FIT:2|BATTLE:0|BOOST:0|MUVO:0|EFIT:0",1791428345,1791428418
"2026-10-08 00:00:26","239",0,0,15,0,"IN_SERVICE",true,true,true,"FIT:0|BATTLE:0|BOOST:0|MUVO:0|EFIT:0",1791428394,1791428418
"2026-10-08 00:00:26","240",3,0,11,0,"IN_SERVICE",true,true,true,"FIT:3|BATTLE:0|BOOST:0|MUVO:0|EFIT:0",1791428332,1791428418
"2026-10-08 00:00:26","241",3,0,12,0,"IN_SERVICE",true,true,true,"FIT:3|BATTLE:0|BOOST:0|MUVO:0|EFIT:0",1791428361,1791428418
"2026-10-08 00:00:26","242",4,1,8,0,"IN_SERVICE",true,true,true,"FIT:4|BATTLE:0|BOOST:0|MUVO:0|EFIT:0",1791428373,1791428418
"2026-10-08 00:00:26","244",1,0,10,0,"IN_SERVICE",true,true,true,"FIT:1|BATTLE:0|BOOST:0|MUVO:0|EFIT:0",1791428402,1791428418
"2026-10-08 00:00:26","246",10,1,4,0,"IN_SERVICE",true,true,true,"FIT:10|BATTLE:0|BOOST:0|MUVO:0|EFIT:0",1791428376,1791428418
"2026-10-08 00:00:26","247",8,0,10,0,"IN_SERVICE",true,true,true,"FIT:8|BATTLE:0|BOOST:0|MUVO:0|EFIT:0",1791428268,1791428418
"2026-10-08 00:00:26","248",5,0,10,0,"IN_SERVICE",true,true,true,"FIT:5|BATTLE:0|BOOST:0|MUVO:0|EFIT:0",1791428238,1791428418
"2026-10-08 00:00:26","250",2,0,9,0,"IN_SERVICE",true,true,true,"FIT:2|BATTLE:0|BOOST:0|MUVO:0|EFIT:0",1791428376,1791428418
"2026-10-08 00:00:26","252",1,1,17,0,"IN_SERVICE",true,true,true,"FIT:1|BATTLE:0|BOOST:0|MUVO:0|EFIT:0",1791428391,1791428418
"2026-10-08 00:00:26","253",7,0,4,0,"IN_SERVICE",true,true,true,"FIT:7|BATTLE:0|BOOST:0|MUVO:0|EFIT:0",1791428354,1791428418
"2026-10-08 00:00:26","254",0,1,10,0,"IN_SERVICE",true,true,true,"FIT:0|BATTLE:0|BOOST:0|MUVO:0|EFIT:0",1791428302,1791428418
"2026-10-08 00:00:26","255",0,0,11,0,"IN_SERVICE",true,true,true,"FIT:0|BATTLE:0|BOOST:0|MUVO:0|EFIT:0",1791428337,1791428418
"2026-10-08 00:00:26","256",12,0,3,0,"IN_SERVICE",true,true,true,"FIT:11|BATTLE:0|BOOST:0|MUVO:0|EFIT:1",1791428291,1791428418
"2026-10-08 00:00:26","257",10,1,13,0,"IN_SERVICE",true,true,true,"FIT:10|BATTLE:0|BOOST:0|MUVO:0|EFIT:0",1791428374,1791428418
"2026-10-08 00:00:26","259",9,2,6,0,"IN_SERVICE",true,true,true,"FIT:9|BATTLE:0|BOOST:0|MUVO:0|EFIT:0",1791428325,1791428418
"2026-10-08 00:00:26","260",2,0,25,0,"IN_SERVICE",true,true,true,"FIT:2|BATTLE:0|BOOST:0|MUVO:0|EFIT:0",1791428357,1791428418
"2026-10-08 00:00:26","261",4,0,11,0,"IN_SERVICE",true,true,true,"FIT:4|BATTLE:0|BOOST:0|MUVO:0|EFIT:0",1791428334,1791428418
"2026-10-08 00:00:26","262",11,0,3,1,"IN_SERVICE",true,true,true,"FIT:11|BATTLE:0|BOOST:0|MUVO:0|EFIT:0",1791428396,1791428418
"2026-10-08 00:00:26","263",1,1,9,0,"IN_SERVICE",true,true,true,"FIT:1|BATTLE:0|BOOST:0|MUVO:0|EFIT:0",1791428329,1791428418
"2026-10-08 00:00:26","271",4,0,7,0,"IN_SERVICE",true,true,true,"FIT:4|BATTLE:0|BOOST:0|MUVO:0|EFIT:0",1791428334,1791428418
"2026-10-08 00:00:26","273",1,0,15,1,"IN_SERVICE",true,true,true,"FIT:1|BATTLE:0|BOOST:0|MUVO:0|EFIT:0",1791428381,1791428418
"2026-10-08 00:00:26","285",1,0,8,2,"IN_SERVICE",true,true,true,"FIT:1|BATTLE:0|BOOST:0|MUVO:0|EFIT:0",1791428372,1791428418
"2026-10-08 00:00:26","287",4,0,7,0,"IN_SERVICE",true,true,true,"FIT:4|BATTLE:0|BOOST:0|MUVO:0|EFIT:0",1791428377,1791428418
"2026-10-08 00:00:26","290",4,0,7,0,"IN_SERVICE",true,true,true,"FIT:4|BATTLE:0|BOOST:0|MUVO:0|EFIT:0",1791428385,1791428418
"2026-10-08 00:00:26","293",4,0,15,0,"IN_SERVICE",true,true,true,"FIT:4|BATTLE:0|BOOST:0|MUVO:0|EFIT:0",1791428378,1791428418
"2026-10-08 00:00:26","295",6,0,13,0,"IN_SERVICE",true,true,true,"FIT:6|BATTLE:0|BOOST:0|MUVO:0|EFIT:0",1791428416,1791428418
"2026-10-08 00:00:26","299",3,0,8,0,"IN_SERVICE",true,true,true,"FIT:3|BATTLE:0|BOOST:0|MUVO:0|EFIT:0",1791428305,1791428418
"2026-10-08 00:00:26","304",6,0,5,0,"IN_SERVICE",true,true,true,"FIT:6|BATTLE:0|BOOST:0|MUVO:0|EFIT:0",1791428240,1791428418
"2026-10-08 00:00:26","313",6,0,5,0,"IN_SERVICE",true,true,true,"FIT:1|BATTLE:0|BOOST:0|MUVO:0|EFIT:5",1791428334,1791428418
"2026-10-08 00:00:26","314",17,0,0,0,"IN_SERVICE",true,true,true,"FIT:17|BATTLE:0|BOOST:0|MUVO:0|EFIT:0",1791428316,1791428418
"2026-10-08 00:00:26","329",8,0,9,0,"IN_SERVICE",true,true,true,"FIT:8|BATTLE:0|BOOST:0|MUVO:0|EFIT:0",1791428311,1791428418
"2026-10-08 00:00:26","330",1,1,10,0,"IN_SERVICE",true,true,true,"FIT:1|BATTLE:0|BOOST:0|MUVO:0|EFIT:0",1791428299,1791428418
"2026-10-08 00:00:26","336",10,0,7,0,"IN_SERVICE",true,true,true,"FIT:10|BATTLE:0|BOOST:0|MUVO:0|EFIT:0",1791428413,1791428418
"2026-10-08 00:00:26","337",14,0,5,0,"IN_SERVICE",true,true,true,"FIT:14|BATTLE:0|BOOST:0|MUVO:0|EFIT:0",1791428237,1791428418
"2026-10-08 00:00:26","338",17,0,6,0,"IN_SERVICE",true,true,true,"FIT:16|BATTLE:0|BOOST:0|MUVO:0|EFIT:1",1791428264,1791428418
"2026-10-08 00:00:26","339",9,1,6,1,"IN_SERVICE",true,true,true,"FIT:9|BATTLE:0|BOOST:0|MUVO:0|EFIT:0",1791428244,1791428418
"2026-10-08 00:00:26","340",14,0,1,0,"IN_SERVICE",true,true,true,"FIT:14|BATTLE:0|BOOST:0|MUVO:0|EFIT:0",1791428350,1791428418
"2026-10-08 00:00:26","342",3,0,8,0,"IN_SERVICE",true,true,true,"FIT:3|BATTLE:0|BOOST:0|MUVO:0|EFIT:0",1791428344,1791428418
"2026-10-08 00:00:26","343",8,0,7,0,"IN_SERVICE",true,true,true,"FIT:8|BATTLE:0|BOOST:0|MUVO:0|EFIT:0",1791428343,1791428418
"2026-10-08 00:00:26","344",1,0,14,0,"IN_SERVICE",true,true,true,"FIT:1|BATTLE:0|BOOST:0|MUVO:0|EFIT:0",1791428297,1791428418
"2026-10-08 00:00:26","345",3,0,24,0,"IN_SERVICE",true,true,true,"FIT:3|BATTLE:0|BOOST:0|MUVO:0|EFIT:0",1791428321,1791428418
"2026-10-08 00:00:26","346",26,0,3,2,"IN_SERVICE",true,true,true,"FIT:25|BATTLE:0|BOOST:0|MUVO:0|EFIT:1",1791428334,1791428418
"2026-10-08 00:00:26","347",7,0,20,0,"IN_SERVICE",true,true,true,"FIT:7|BATTLE:0|BOOST:0|MUVO:0|EFIT:0",1791428290,1791428418
"2026-10-08 00:00:26","349",7,0,8,0,"IN_SERVICE",true,true,true,"FIT:1|BATTLE:0|BOOST:0|MUVO:0|EFIT:6",1791428401,1791428418
"2026-10-08 00:00:26","350",21,0,2,0,"IN_SERVICE",true,true,true,"FIT:21|BATTLE:0|BOOST:0|MUVO:0|EFIT:0",1791428372,1791428418
"2026-10-08 00:00:26","351",3,0,16,0,"IN_SERVICE",true,true,true,"FIT:3|BATTLE:0|BOOST:0|MUVO:0|EFIT:0",1791428300,1791428418
"2026-10-08 00:00:26","352",11,0,0,0,"IN_SERVICE",true,true,true,"FIT:11|BATTLE:0|BOOST:0|MUVO:0|EFIT:0",1791428282,1791428418
"2026-10-08 00:00:26","353",11,0,4,0,"IN_SERVICE",true,true,true,"FIT:11|BATTLE:0|BOOST:0|MUVO:0|EFIT:0",1791428402,1791428418
"2026-10-08 00:00:26","354",8,2,0,1,"IN_SERVICE",true,true,true,"FIT:8|BATTLE:0|BOOST:0|MUVO:0|EFIT:0",1791428325,1791428418
"2026-10-08 00:00:26","355",5,0,6,0,"IN_SERVICE",true,true,true,"FIT:5|BATTLE:0|BOOST:0|MUVO:0|EFIT:0",1791428242,1791428418
"2026-10-08 00:00:26","356",13,1,1,0,"IN_SERVICE",true,true,true,"FIT:13|BATTLE:0|BOOST:0|MUVO:0|EFIT:0",1791428274,1791428418
"2026-10-08 00:00:26","357",8,0,9,0,"IN_SERVICE",true,true,true,"FIT:7|BATTLE:0|BOOST:0|MUVO:0|EFIT:1",1791428261,1791428418
"2026-10-08 00:00:26","358",1,0,14,0,"IN_SERVICE",true,true,true,"FIT:1|BATTLE:0|BOOST:0|MUVO:0|EFIT:0",1791428312,1791428418
"2026-10-08 00:00:26","360",7,1,2,1,"IN_SERVICE",true,true,true,"FIT:7|BATTLE:0|BOOST:0|MUVO:0|EFIT:0",1791428316,1791428418
"2026-10-08 00:00:26","361",13,0,2,2,"IN_SERVICE",true,true,true,"FIT:13|BATTLE:0|BOOST:0|MUVO:0|EFIT:0",1791428350,1791428418
"2026-10-08 00:00:26","362",13,0,10,0,"IN_SERVICE",true,true,true,"FIT:12|BATTLE:0|BOOST:0|MUVO:0|EFIT:1",1791428256,1791428418
"2026-10-08 00:00:26","363",10,0,1,0,"IN_SERVICE",true,true,true,"FIT:10|BATTLE:0|BOOST:0|MUVO:0|EFIT:0",1791428401,1791428418
"2026-10-08 00:00:26","364",16,0,7,0,"IN_SERVICE",true,true,true,"FIT:16|BATTLE:0|BOOST:0|MUVO:0|EFIT:0",1791428260,1791428418
"2026-10-08 00:00:26","365",10,0,1,0,"IN_SERVICE",true,true,true,"FIT:10|BATTLE:0|BOOST:0|MUVO:0|EFIT:0",1791428355,1791428418
"2026-10-08 00:00:26","366",9,1,17,0,"IN_SERVICE",true,true,true,"FIT:9|BATTLE:0|BOOST:0|MUVO:0|EFIT:0",1791428353,1791428418
"2026-10-08 00:00:26","367",2,1,28,0,"IN_SERVICE",true,true,true,"FIT:2|BATTLE:0|BOOST:0|MUVO:0|EFIT:0",1791428322,1791428418
"2026-10-08 00:00:26","370",10,2,5,0,"IN_SERVICE",true,true,true,"FIT:9|BATTLE:0|BOOST:0|MUVO:0|EFIT:1",1791428245,1791428418
"2026-10-08 00:00:26","371",14,0,1,0,"IN_SERVICE",true,true,true,"FIT:14|BATTLE:0|BOOST:0|MUVO:0|EFIT:0",1791428403,1791428418
"2026-10-08 00:00:26","372",6,0,9,0,"IN_SERVICE",true,true,true,"FIT:5|BATTLE:0|BOOST:0|MUVO:0|EFIT:1",1791428247,1791428418
"2026-10-08 00:00:26","373",3,0,11,0,"IN_SERVICE",true,true,true,"FIT:2|BATTLE:0|BOOST:0|MUVO:0|EFIT:1",1791428413,1791428418
"2026-10-08 00:00:26","374",15,1,3,0,"IN_SERVICE",true,true,true,"FIT:15|BATTLE:0|BOOST:0|MUVO:0|EFIT:0",1791428311,1791428418
"2026-10-08 00:00:26","375",2,0,12,1,"IN_SERVICE",true,true,true,"FIT:2|BATTLE:0|BOOST:0|MUVO:0|EFIT:0",1791428272,1791428418
"2026-10-08 00:00:26","376",10,0,1,0,"IN_SERVICE",true,true,true,"FIT:10|BATTLE:0|BOOST:0|MUVO:0|EFIT:0",1791428400,1791428418
"2026-10-08 00:00:26","377",12,0,7,0,"IN_SERVICE",true,true,true,"FIT:12|BATTLE:0|BOOST:0|MUVO:0|EFIT:0",1791428329,1791428418
"2026-10-08 00:00:26","378",15,0,0,0,"IN_SERVICE",true,true,true,"FIT:15|BATTLE:0|BOOST:0|MUVO:0|EFIT:0",1791428308,1791428418
"2026-10-08 00:00:26","379",9,1,7,0,"IN_SERVICE",true,true,true,"FIT:9|BATTLE:0|BOOST:0|MUVO:0|EFIT:0",1791428374,1791428418
"2026-10-08 00:00:26","381",11,0,4,0,"IN_SERVICE",true,true,true,"FIT:11|BATTLE:0|BOOST:0|MUVO:0|EFIT:0",1791428407,1791428418
"2026-10-08 00:00:26","382",10,1,8,0,"IN_SERVICE",true,true,true,"FIT:10|BATTLE:0|BOOST:0|MUVO:0|EFIT:0",1791428273,1791428418
"2026-10-08 00:00:26","383",3,0,8,0,"IN_SERVICE",true,true,true,"FIT:3|BATTLE:0|BOOST:0|MUVO:0|EFIT:0",1791428378,1791428418
"2026-10-08 00:00:26","384",15,0,0,0,"IN_SERVICE",true,true,true,"FIT:15|BATTLE:0|BOOST:0|MUVO:0|EFIT:0",1791428293,1791428418
"2026-10-08 00:00:26","389",0,0,11,0,"IN_SERVICE",true,true,true,"FIT:0|BATTLE:0|BOOST:0|MUVO:0|EFIT:0",1791428242,1791428418
"2026-10-08 00:00:26","391",16,0,1,0,"IN_SERVICE",true,true,true,"FIT:16|BATTLE:0|BOOST:0|MUVO:0|EFIT:0",1791428266,1791428418
"2026-10-08 00:00:26","404",24,1,2,0,"IN_SERVICE",true,true,true,"FIT:21|BATTLE:0|BOOST:0|MUVO:0|EFIT:3",1791428333,1791428418
"2026-10-08 00:00:26","416",0,0,15,0,"IN_SERVICE",true,true,true,"FIT:0|BATTLE:0|BOOST:0|MUVO:0|EFIT:0",1791428311,1791428418
"2026-10-08 00:00:26","417",13,0,1,1,"IN_SERVICE",true,true,true,"FIT:13|BATTLE:0|BOOST:0|MUVO:0|EFIT:0",1791428405,1791428418
"2026-10-08 00:00:26","418",15,2,2,0,"IN_SERVICE",true,true,true,"FIT:6|BATTLE:0|BOOST:0|MUVO:0|EFIT:9",1791428296,1791428418
"2026-10-08 00:00:26","419",3,0,13,3,"IN_SERVICE",true,true,true,"FIT:2|BATTLE:0|BOOST:0|MUVO:0|EFIT:1",1791428258,1791428418
"2026-10-08 00:00:26","421",9,0,13,1,"IN_SERVICE",true,true,true,"FIT:6|BATTLE:0|BOOST:0|MUVO:0|EFIT:3",1791428322,1791428418
"2026-10-08 00:00:26","422",8,1,2,0,"IN_SERVICE",true,true,true,"FIT:8|BATTLE:0|BOOST:0|MUVO:0|EFIT:0",1791428414,1791428418
"2026-10-08 00:00:26","424",17,1,1,0,"IN_SERVICE",true,true,true,"FIT:17|BATTLE:0|BOOST:0|MUVO:0|EFIT:0",1791428394,1791428418
"2026-10-08 00:00:26","425",1,1,25,0,"IN_SERVICE",true,true,true,"FIT:0|BATTLE:0|BOOST:0|MUVO:0|EFIT:1",1791428305,1791428418
"2026-10-08 00:00:26","426",6,0,9,0,"IN_SERVICE",true,true,true,"FIT:3|BATTLE:0|BOOST:0|MUVO:0|EFIT:3",1791428295,1791428418
"2026-10-08 00:00:26","427",8,0,7,0,"IN_SERVICE",true,true,true,"FIT:8|BATTLE:0|BOOST:0|MUVO:0|EFIT:0",1791428381,1791428418
"2026-10-08 00:00:26","429",2,2,11,0,"IN_SERVICE",true,true,true,"FIT:1|BATTLE:0|BOOST:0|MUVO:0|EFIT:1",1791428246,1791428418
"2026-10-08 00:00:26","430",14,0,1,0,"IN_SERVICE",true,true,true,"FIT:1|BATTLE:0|BOOST:0|MUVO:0|EFIT:13",1791428310,1791428418
"2026-10-08 00:00:26","431",7,0,4,0,"IN_SERVICE",true,true,true,"FIT:6|BATTLE:0|BOOST:0|MUVO:0|EFIT:1",1791428329,1791428418
"2026-10-08 00:00:26","432",0,0,11,0,"IN_SERVICE",true,true,true,"FIT:0|BATTLE:0|BOOST:0|MUVO:0|EFIT:0",1791428310,1791428418
"2026-10-08 00:00:26","433",1,0,10,0,"IN_SERVICE",true,true,true,"FIT:0|BATTLE:0|BOOST:0|MUVO:0|EFIT:1",1791428394,1791428418
"2026-10-08 00:00:26","434",6,0,16,1,"IN_SERVICE",true,true,true,"FIT:6|BATTLE:0|BOOST:0|MUVO:0|EFIT:0",1791428273,1791428418
"2026-10-08 00:00:26","435",17,0,2,0,"IN_SERVICE",true,true,true,"FIT:11|BATTLE:0|BOOST:0|MUVO:0|EFIT:6",1791428375,1791428418
"2026-10-08 00:00:26","436",11,0,0,0,"IN_SERVICE",true,true,true,"FIT:8|BATTLE:0|BOOST:0|MUVO:0|EFIT:3",1791428268,1791428418
"2026-10-08 00:00:26","437",11,0,0,0,"IN_SERVICE",true,true,true,"FIT:7|BATTLE:0|BOOST:0|MUVO:0|EFIT:4",1791428302,1791428418
"2026-10-08 00:00:26","438",3,0,7,1,"IN_SERVICE",true,true,true,"FIT:1|BATTLE:0|BOOST:0|MUVO:0|EFIT:2",1791428296,1791428418
"2026-10-08 00:00:26","439",10,0,5,0,"IN_SERVICE",true,true,true,"FIT:10|BATTLE:0|BOOST:0|MUVO:0|EFIT:0",1791428312,1791428418
"2026-10-08 00:00:26","440",0,0,11,0,"IN_SERVICE",true,true,true,"FIT:0|BATTLE:0|BOOST:0|MUVO:0|EFIT:0",1791423341,1791428418
"2026-10-08 00:00:26","442",0,0,11,0,"IN_SERVICE",true,true,true,"FIT:0|BATTLE:0|BOOST:0|MUVO:0|EFIT:0",1791428404,1791428418
"2026-10-08 00:00:26","443",20,0,6,1,"IN_SERVICE",true,true,true,"FIT:20|BATTLE:0|BOOST:0|MUVO:0|EFIT:0",1791428360,1791428418
"2026-10-08 00:00:26","446",14,1,2,0,"IN_SERVICE",true,true,true,"FIT:11|BATTLE:0|BOOST:0|MUVO:0|EFIT:3",1791428246,1791428418
"2026-10-08 00:00:26","448",5,1,4,1,"IN_SERVICE",true,true,true,"FIT:5|BATTLE:0|BOOST:0|MUVO:0|EFIT:0",1791428242,1791428418
"2026-10-08 00:00:26","451",8,1,1,1,"IN_SERVICE",true,true,true,"FIT:8|BATTLE:0|BOOST:0|MUVO:0|EFIT:0",1791428317,1791428418
"2026-10-08 00:00:26","452",9,0,10,0,"IN_SERVICE",true,true,true,"FIT:8|BATTLE:0|BOOST:0|MUVO:0|EFIT:1",1791428275,1791428418
"2026-10-08 00:00:26","454",13,0,2,0,"IN_SERVICE",true,true,true,"FIT:13|BATTLE:0|BOOST:0|MUVO:0|EFIT:0",1791428312,1791428418
"2026-10-08 00:00:26","455",4,0,7,0,"IN_SERVICE",true,true,true,"FIT:3|BATTLE:0|BOOST:0|MUVO:0|EFIT:1",1791428341,1791428418
"2026-10-08 00:00:26","459",15,1,1,0,"IN_SERVICE",true,true,true,"FIT:12|BATTLE:0|BOOST:0|MUVO:0|EFIT:3",1791428333,1791428418
"2026-10-08 00:00:26","460",2,0,21,0,"IN_SERVICE",true,true,true,"FIT:1|BATTLE:0|BOOST:0|MUVO:0|EFIT:1",1791428246,1791428418
"2026-10-08 00:00:26","461",4,0,11,0,"IN_SERVICE",true,true,true,"FIT:4|BATTLE:0|BOOST:0|MUVO:0|EFIT:0",1791428334,1791428418
"2026-10-08 00:00:26","462",3,0,12,0,"IN_SERVICE",true,true,true,"FIT:3|BATTLE:0|BOOST:0|MUVO:0|EFIT:0",1791428380,1791428418
"2026-10-08 00:00:26","463",9,0,6,0,"IN_SERVICE",true,true,true,"FIT:9|BATTLE:0|BOOST:0|MUVO:0|EFIT:0",1791428335,1791428418
"2026-10-08 00:00:26","464",6,0,5,0,"IN_SERVICE",true,true,true,"FIT:3|BATTLE:0|BOOST:0|MUVO:0|EFIT:3",1791428274,1791428418
"2026-10-08 00:00:26","466",17,0,2,0,"IN_SERVICE",true,true,true,"FIT:17|BATTLE:0|BOOST:0|MUVO:0|EFIT:0",1791428379,1791428418
"2026-10-08 00:00:26","467",0,0,15,0,"IN_SERVICE",true,true,true,"FIT:0|BATTLE:0|BOOST:0|MUVO:0|EFIT:0",1791428322,1791428418
"2026-10-08 00:00:26","468",15,0,4,0,"IN_SERVICE",true,true,true,"FIT:13|BATTLE:0|BOOST:0|MUVO:0|EFIT:2",1791428292,1791428418
"2026-10-08 00:00:26","469",16,0,3,0,"IN_SERVICE",true,true,true,"FIT:16|BATTLE:0|BOOST:0|MUVO:0|EFIT:0",1791428335,1791428418
"2026-10-08 00:00:26","470",14,1,4,0,"IN_SERVICE",true,true,true,"FIT:14|BATTLE:0|BOOST:0|MUVO:0|EFIT:0",1791428283,1791428418
"2026-10-08 00:00:26","471",9,1,9,0,"IN_SERVICE",true,true,true,"FIT:6|BATTLE:0|BOOST:0|MUVO:0|EFIT:3",1791428310,1791428418
"2026-10-08 00:00:26","473",10,0,1,0,"IN_SERVICE",true,true,true,"FIT:6|BATTLE:0|BOOST:0|MUVO:0|EFIT:4",1791428275,1791428418
"2026-10-08 00:00:26","474",8,2,5,0,"IN_SERVICE",true,true,true,"FIT:7|BATTLE:0|BOOST:0|MUVO:0|EFIT:1",1791428339,1791428418
"2026-10-08 00:00:26","477",3,0,12,0,"IN_SERVICE",true,true,true,"FIT:1|BATTLE:0|BOOST:0|MUVO:0|EFIT:2",1791428410,1791428418
"2026-10-08 00:00:26","479",16,0,3,0,"IN_SERVICE",true,true,true,"FIT:14|BATTLE:0|BOOST:0|MUVO:0|EFIT:2",1791428366,1791428418
"2026-10-08 00:00:26","487",11,0,0,0,"IN_SERVICE",true,true,true,"FIT:11|BATTLE:0|BOOST:0|MUVO:0|EFIT:0",1791428295,1791428418
"2026-10-08 00:00:26","488",2,0,13,0,"IN_SERVICE",true,true,true,"FIT:2|BATTLE:0|BOOST:0|MUVO:0|EFIT:0",1791428272,1791428418
"2026-10-08 00:00:26","489",1,1,20,1,"IN_SERVICE",true,true,true,"FIT:1|BATTLE:0|BOOST:0|MUVO:0|EFIT:0",1791428349,1791428418
"2026-10-08 00:00:26","490",2,3,6,0,"IN_SERVICE",true,true,true,"FIT:0|BATTLE:0|BOOST:0|MUVO:0|EFIT:2",1791428306,1791428418
"2026-10-08 00:00:26","491",9,0,7,1,"IN_SERVICE",true,true,true,"FIT:8|BATTLE:0|BOOST:0|MUVO:0|EFIT:1",1791428324,1791428418
"2026-10-08 00:00:26","492",2,1,12,0,"IN_SERVICE",true,true,true,"FIT:2|BATTLE:0|BOOST:0|MUVO:0|EFIT:0",1791428351,1791428418
"2026-10-08 00:00:26","493",3,0,14,2,"IN_SERVICE",true,true,true,"FIT:3|BATTLE:0|BOOST:0|MUVO:0|EFIT:0",1791428284,1791428418
"2026-10-08 00:00:26","494",1,1,17,0,"IN_SERVICE",true,true,true,"FIT:1|BATTLE:0|BOOST:0|MUVO:0|EFIT:0",1791428417,1791428418
"2026-10-08 00:00:26","495",19,0,0,0,"IN_SERVICE",true,true,true,"FIT:19|BATTLE:0|BOOST:0|MUVO:0|EFIT:0",1791428250,1791428418
"2026-10-08 00:00:26","497",8,0,7,0,"IN_SERVICE",true,true,true,"FIT:7|BATTLE:0|BOOST:0|MUVO:0|EFIT:1",1791428385,1791428418
"2026-10-08 00:00:26","498",1,0,18,0,"IN_SERVICE",true,true,true,"FIT:1|BATTLE:0|BOOST:0|MUVO:0|EFIT:0",1791428306,1791428418
"2026-10-08 00:00:26","499",1,1,9,0,"IN_SERVICE",true,true,true,"FIT:1|BATTLE:0|BOOST:0|MUVO:0|EFIT:0",1791428242,1791428418
"2026-10-08 00:00:26","500",9,0,2,0,"IN_SERVICE",true,true,true,"FIT:6|BATTLE:0|BOOST:0|MUVO:0|EFIT:3",1791428351,1791428418
"2026-10-08 00:00:26","501",19,0,3,0,"IN_SERVICE",true,true,true,"FIT:19|BATTLE:0|BOOST:0|MUVO:0|EFIT:0",1791428257,1791428418
"2026-10-08 00:00:26","503",21,0,6,0,"IN_SERVICE",true,true,true,"FIT:19|BATTLE:0|BOOST:0|MUVO:0|EFIT:2",1791428417,1791428418
"2026-10-08 00:00:26","504",3,0,8,0,"IN_SERVICE",true,true,true,"FIT:2|BATTLE:0|BOOST:0|MUVO:0|EFIT:1",1791428351,1791428418
"2026-10-08 00:00:26","505",3,0,16,0,"IN_SERVICE",true,true,true,"FIT:3|BATTLE:0|BOOST:0|MUVO:0|EFIT:0",1791428348,1791428418
"2026-10-08 00:00:26","506",10,0,17,0,"IN_SERVICE",true,true,true,"FIT:10|BATTLE:0|BOOST:0|MUVO:0|EFIT:0",1791428353,1791428418
"2026-10-08 00:00:26","508",2,0,17,0,"IN_SERVICE",true,true,true,"FIT:2|BATTLE:0|BOOST:0|MUVO:0|EFIT:0",1791428325,1791428418
"2026-10-08 00:00:26","509",11,0,8,0,"IN_SERVICE",true,true,true,"FIT:11|BATTLE:0|BOOST:0|MUVO:0|EFIT:0",1791428361,1791428418
"2026-10-08 00:00:26","518",4,0,7,0,"IN_SERVICE",true,true,true,"FIT:1|BATTLE:0|BOOST:0|MUVO:0|EFIT:3",1791428396,1791428418
"2026-10-08 00:00:26","519",4,0,11,0,"IN_SERVICE",true,true,true,"FIT:4|BATTLE:0|BOOST:0|MUVO:0|EFIT:0",1791428291,1791428418
"2026-10-08 00:00:26","520",9,0,2,0,"IN_SERVICE",true,true,true,"FIT:5|BATTLE:0|BOOST:0|MUVO:0|EFIT:4",1791428334,1791428418
"2026-10-08 00:00:26","521",10,0,7,0,"IN_SERVICE",true,true,true,"FIT:8|BATTLE:0|BOOST:0|MUVO:0|EFIT:2",1791428256,1791428418
"2026-10-08 00:00:26","522",6,0,13,0,"IN_SERVICE",true,true,true,"FIT:6|BATTLE:0|BOOST:0|MUVO:0|EFIT:0",1791428389,1791428418
"2026-10-08 00:00:26","523",11,0,8,0,"IN_SERVICE",true,true,true,"FIT:10|BATTLE:0|BOOST:0|MUVO:0|EFIT:1",1791428363,1791428418
"2026-10-08 00:00:26","524",8,0,8,0,"IN_SERVICE",true,true,true,"FIT:8|BATTLE:0|BOOST:0|MUVO:0|EFIT:0",1791428279,1791428418
"2026-10-08 00:00:26","525",1,0,18,0,"IN_SERVICE",true,true,true,"FIT:1|BATTLE:0|BOOST:0|MUVO:0|EFIT:0",1791428249,1791428418
"2026-10-08 00:00:26","526",6,0,9,0,"IN_SERVICE",true,true,true,"FIT:6|BATTLE:0|BOOST:0|MUVO:0|EFIT:0",1791428381,1791428418
"2026-10-08 00:00:26","528",8,0,6,1,"IN_SERVICE",true,true,true,"FIT:8|BATTLE:0|BOOST:0|MUVO:0|EFIT:0",1791428303,1791428418
"2026-10-08 00:00:26","529",2,0,13,0,"IN_SERVICE",true,true,true,"FIT:2|BATTLE:0|BOOST:0|MUVO:0|EFIT:0",1791428347,1791428418
"2026-10-08 00:00:26","530",1,0,18,0,"IN_SERVICE",true,true,true,"FIT:1|BATTLE:0|BOOST:0|MUVO:0|EFIT:0",1791428245,1791428418
"2026-10-08 00:00:26","531",1,0,16,0,"IN_SERVICE",true,true,true,"FIT:1|BATTLE:0|BOOST:0|MUVO:0|EFIT:0",1791428381,1791428418
"2026-10-08 00:00:26","536",2,0,9,0,"IN_SERVICE",true,true,true,"FIT:2|BATTLE:0|BOOST:0|MUVO:0|EFIT:0",1791428248,1791428418
"2026-10-08 00:00:26","538",11,0,0,0,"IN_SERVICE",true,true,true,"FIT:11|BATTLE:0|BOOST:0|MUVO:0|EFIT:0",1791428326,1791428418
"2026-10-08 00:00:26","539",11,0,4,0,"IN_SERVICE",true,true,true,"FIT:11|BATTLE:0|BOOST:0|MUVO:0|EFIT:0",1791428287,1791428418
"2026-10-08 00:00:26","540",4,0,11,0,"IN_SERVICE",true,true,true,"FIT:4|BATTLE:0|BOOST:0|MUVO:0|EFIT:0",1791428295,1791428418
"2026-10-08 00:00:26","541",2,0,13,0,"IN_SERVICE",true,true,true,"FIT:2|BATTLE:0|BOOST:0|MUVO:0|EFIT:0",1791428388,1791428418
"2026-10-08 00:00:26","542",8,0,7,0,"IN_SERVICE",true,true,true,"FIT:8|BATTLE:0|BOOST:0|MUVO:0|EFIT:0",1791428297,1791428418
"2026-10-08 00:00:26","543",1,0,14,0,"IN_SERVICE",true,true,true,"FIT:1|BATTLE:0|BOOST:0|MUVO:0|EFIT:0",1791428303,1791428418
"2026-10-08 00:00:26","548",14,0,1,0,"IN_SERVICE",true,true,true,"FIT:14|BATTLE:0|BOOST:0|MUVO:0|EFIT:0",1791428298,1791428418
"2026-10-08 00:00:26","549",2,0,13,0,"IN_SERVICE",true,true,true,"FIT:2|BATTLE:0|BOOST:0|MUVO:0|EFIT:0",1791428310,1791428418
"2026-10-08 00:00:26","551",11,1,3,0,"IN_SERVICE",true,true,true,"FIT:11|BATTLE:0|BOOST:0|MUVO:0|EFIT:0",1791428416,1791428418
"2026-10-08 00:00:26","555",10,0,5,0,"IN_SERVICE",true,true,true,"FIT:9|BATTLE:0|BOOST:0|MUVO:0|EFIT:1",1791428322,1791428418
"2026-10-08 00:00:26","559",21,0,6,0,"IN_SERVICE",true,true,true,"FIT:18|BATTLE:0|BOOST:0|MUVO:0|EFIT:3",1791428285,1791428418
"2026-10-08 00:00:26","565",1,0,14,0,"IN_SERVICE",true,true,true,"FIT:1|BATTLE:0|BOOST:0|MUVO:0|EFIT:0",1791428379,1791428418
"2026-10-08 00:00:26","566",17,0,0,0,"IN_SERVICE",true,true,true,"FIT:16|BATTLE:0|BOOST:0|MUVO:0|EFIT:1",1791428355,1791428418
"2026-10-08 00:00:26","567",1,0,16,0,"IN_SERVICE",true,true,true,"FIT:1|BATTLE:0|BOOST:0|MUVO:0|EFIT:0",1791428278,1791428418
"2026-10-08 00:00:26","570",0,0,11,0,"IN_SERVICE",true,true,true,"FIT:0|BATTLE:0|BOOST:0|MUVO:0|EFIT:0",1791428244,1791428418
"2026-10-08 00:00:26","572",12,0,11,0,"IN_SERVICE",true,true,true,"FIT:12|BATTLE:0|BOOST:0|MUVO:0|EFIT:0",1791428332,1791428418
"2026-10-08 00:00:26","576",9,0,14,0,"IN_SERVICE",true,true,true,"FIT:8|BATTLE:0|BOOST:0|MUVO:0|EFIT:1",1791428363,1791428418
"2026-10-08 00:00:26","577",6,0,9,0,"IN_SERVICE",true,true,true,"FIT:4|BATTLE:0|BOOST:0|MUVO:0|EFIT:2",1791428240,1791428418
"2026-10-08 00:00:26","590",10,0,0,0,"IN_SERVICE",true,true,true,"FIT:10|BATTLE:0|BOOST:0|MUVO:0|EFIT:0",1791428323,1791428418
"2026-10-08 00:00:26","593",12,0,3,0,"IN_SERVICE",true,true,true,"FIT:12|BATTLE:0|BOOST:0|MUVO:0|EFIT:0",1791428363,1791428418
"2026-10-08 00:00:26","594",11,0,8,0,"IN_SERVICE",true,true,true,"FIT:10|BATTLE:0|BOOST:0|MUVO:0|EFIT:1",1791428338,1791428418
"2026-10-08 00:00:26","595",1,0,13,1,"IN_SERVICE",true,true,true,"FIT:0|BATTLE:0|BOOST:0|MUVO:0|EFIT:1",1791428323,1791428418
"2026-10-08 00:00:26","597",10,1,7,1,"IN_SERVICE",true,true,true,"FIT:9|BATTLE:0|BOOST:0|MUVO:0|EFIT:1",1791428359,1791428418
"2026-10-08 00:00:26","598",0,0,9,0,"IN_SERVICE",true,true,true,"FIT:0|BATTLE:0|BOOST:0|MUVO:0|EFIT:0",1791428305,1791428418
"2026-10-08 00:15:17","1",7,0,10,0,"IN_SERVICE",true,true,true,"FIT:7|BATTLE:0|BOOST:0|MUVO:0|EFIT:0",1791429125,1791429302
"2026-10-08 00:15:17","2",11,0,7,1,"IN_SERVICE",true,true,true,"FIT:10|BATTLE:0|BOOST:0|MUVO:0|EFIT:1",1791429165,1791429302
"2026-10-08 00:15:17","3",7,2,10,0,"IN_SERVICE",true,true,true,"FIT:5|BATTLE:0|BOOST:0|MUVO:0|EFIT:2",1791429172,1791429302
"2026-10-08 00:15:17","4",0,0,16,1,"IN_SERVICE",true,true,true,"FIT:0|BATTLE:0|BOOST:0|MUVO:0|EFIT:0",1791429286,1791429302
"2026-10-08 00:15:17","5",4,0,19,0,"IN_SERVICE",true,true,true,"FIT:4|BATTLE:0|BOOST:0|MUVO:0|EFIT:0",1791429209,1791429302
"2026-10-08 00:15:17","6",10,0,8,1,"IN_SERVICE",true,true,true,"FIT:10|BATTLE:0|BOOST:0|MUVO:0|EFIT:0",1791429177,1791429302
"2026-10-08 00:15:17","7",1,0,18,0,"IN_SERVICE",true,true,true,"FIT:1|BATTLE:0|BOOST:0|MUVO:0|EFIT:0",1791429252,1791429302
"2026-10-08 00:15:17","8",3,0,20,0,"IN_SERVICE",true,true,true,"FIT:2|BATTLE:0|BOOST:0|MUVO:0|EFIT:1",1791429257,1791429302
"2026-10-08 00:15:17","9",9,0,14,0,"IN_SERVICE",true,true,true,"FIT:9|BATTLE:0|BOOST:0|MUVO:0|EFIT:0",1791429209,1791429302
"2026-10-08 00:15:17","10",17,0,2,0,"IN_SERVICE",true,true,true,"FIT:17|BATTLE:0|BOOST:0|MUVO:0|EFIT:0",1791429294,1791429302
"2026-10-08 00:15:17","11",9,0,8,0,"IN_SERVICE",true,true,true,"FIT:8|BATTLE:0|BOOST:0|MUVO:0|EFIT:1",1791429178,1791429302
"2026-10-08 00:15:17","12",14,0,5,0,"IN_SERVICE",true,true,true,"FIT:13|BATTLE:0|BOOST:0|MUVO:0|EFIT:1",1791429284,1791429302
"2026-10-08 00:15:17","14",14,0,9,0,"IN_SERVICE",true,true,true,"FIT:11|BATTLE:0|BOOST:0|MUVO:0|EFIT:3",1791429178,1791429302
"2026-10-08 00:15:17","15",11,0,4,0,"IN_SERVICE",true,true,true,"FIT:7|BATTLE:0|BOOST:0|MUVO:0|EFIT:4",1791429137,1791429302
"2026-10-08 00:15:17","16",19,0,4,0,"IN_SERVICE",true,true,true,"FIT:7|BATTLE:0|BOOST:0|MUVO:0|EFIT:12",1791429231,1791429302
"2026-10-08 00:15:17","17",17,0,2,0,"IN_SERVICE",true,true,true,"FIT:12|BATTLE:0|BOOST:0|MUVO:0|EFIT:5",1791429134,1791429302
"2026-10-08 00:15:17","18",13,0,2,0,"IN_SERVICE",true,true,true,"FIT:11|BATTLE:0|BOOST:0|MUVO:0|EFIT:2",1791429163,1791429302
"2026-10-08 00:15:17","19",3,0,8,0,"IN_SERVICE",true,true,true,"FIT:3|BATTLE:0|BOOST:0|MUVO:0|EFIT:0",1791429196,1791429302
"2026-10-08 00:15:17","20",2,0,20,1,"IN_SERVICE",true,true,true,"FIT:1|BATTLE:0|BOOST:0|MUVO:0|EFIT:1",1791429250,1791429302
"2026-10-08 00:15:17","21",8,1,8,0,"IN_SERVICE",true,true,true,"FIT:7|BATTLE:0|BOOST:0|MUVO:0|EFIT:1",1791429252,1791429302
"2026-10-08 00:15:17","22",7,0,8,0,"IN_SERVICE",true,true,true,"FIT:7|BATTLE:0|BOOST:0|MUVO:0|EFIT:0",1791429183,1791429302
"2026-10-08 00:15:17","23",6,1,13,0,"IN_SERVICE",true,true,true,"FIT:6|BATTLE:0|BOOST:0|MUVO:0|EFIT:0",1791429211,1791429302
"2026-10-08 00:15:17","24",0,1,22,0,"IN_SERVICE",true,true,true,"FIT:0|BATTLE:0|BOOST:0|MUVO:0|EFIT:0",1791429237,1791429302
"2026-10-08 00:15:17","25",1,0,18,0,"IN_SERVICE",true,true,true,"FIT:1|BATTLE:0|BOOST:0|MUVO:0|EFIT:0",1791429264,1791429302
"2026-10-08 00:15:17","26",1,0,22,0,"IN_SERVICE",true,true,true,"FIT:0|BATTLE:0|BOOST:0|MUVO:0|EFIT:1",1791429254,1791429302
"2026-10-08 00:15:17","27",10,5,16,0,"IN_SERVICE",true,true,true,"FIT:6|BATTLE:0|BOOST:0|MUVO:0|EFIT:4",1791429227,1791429302
"2026-10-08 00:15:17","28",22,2,4,1,"IN_SERVICE",true,true,true,"FIT:22|BATTLE:0|BOOST:0|MUVO:0|EFIT:0",1791429131,1791429302
"2026-10-08 00:15:17","30",7,0,10,0,"IN_SERVICE",true,true,true,"FIT:6|BATTLE:0|BOOST:0|MUVO:0|EFIT:1",1791429276,1791429302
"2026-10-08 00:15:17","31",2,1,28,0,"IN_SERVICE",true,true,true,"FIT:2|BATTLE:0|BOOST:0|MUVO:0|EFIT:0",1791429136,1791429302
"2026-10-08 00:15:17","32",26,0,1,0,"IN_SERVICE",true,true,true,"FIT:25|BATTLE:0|BOOST:0|MUVO:0|EFIT:1",1791429244,1791429302
"2026-10-08 00:15:17","33",4,2,7,0,"IN_SERVICE",true,true,true,"FIT:4|BATTLE:0|BOOST:0|MUVO:0|EFIT:0",1791429126,1791429302
"2026-10-08 00:15:17","34",1,0,30,0,"IN_SERVICE",true,true,true,"FIT:1|BATTLE:0|BOOST:0|MUVO:0|EFIT:0",1791429247,1791429302
"2026-10-08 00:15:17","35",2,0,33,0,"IN_SERVICE",true,true,true,"FIT:2|BATTLE:0|BOOST:0|MUVO:0|EFIT:0",1791429199,1791429302
"2026-10-08 00:15:17","36",3,0,12,0,"IN_SERVICE",true,true,true,"FIT:3|BATTLE:0|BOOST:0|MUVO:0|EFIT:0",1791429213,1791429302
"2026-10-08 00:15:17","37",3,0,11,0,"IN_SERVICE",true,true,true,"FIT:3|BATTLE:0|BOOST:0|MUVO:0|EFIT:0",1791429289,1791429302
"2026-10-08 00:15:17","38",5,0,26,0,"IN_SERVICE",true,true,true,"FIT:5|BATTLE:0|BOOST:0|MUVO:0|EFIT:0",1791429300,1791429302
"2026-10-08 00:15:17","39",2,2,7,0,"IN_SERVICE",true,true,true,"FIT:1|BATTLE:0|BOOST:0|MUVO:0|EFIT:1",1791429123,1791429302
"2026-10-08 00:15:17","40",8,1,10,0,"IN_SERVICE",true,true,true,"FIT:3|BATTLE:0|BOOST:0|MUVO:0|EFIT:5",1791429124,1791429302
"2026-10-08 00:15:17","41",8,0,11,0,"IN_SERVICE",true,true,true,"FIT:8|BATTLE:0|BOOST:0|MUVO:0|EFIT:0",1791429258,1791429302
"2026-10-08 00:15:17","42",6,0,13,0,"IN_SERVICE",true,true,true,"FIT:6|BATTLE:0|BOOST:0|MUVO:0|EFIT:0",1791429247,1791429302
"2026-10-08 00:15:17","43",3,0,14,0,"IN_SERVICE",true,true,true,"FIT:2|BATTLE:0|BOOST:0|MUVO:0|EFIT:1",1791429159,1791429302
"2026-10-08 00:15:17","44",14,3,2,0,"IN_SERVICE",true,true,true,"FIT:13|BATTLE:0|BOOST:0|MUVO:0|EFIT:1",1791429263,1791429302
"2026-10-08 00:15:17","45",15,1,3,0,"IN_SERVICE",true,true,true,"FIT:15|BATTLE:0|BOOST:0|MUVO:0|EFIT:0",1791429298,1791429302
"2026-10-08 00:15:17","46",1,2,21,0,"IN_SERVICE",true,true,true,"FIT:1|BATTLE:0|BOOST:0|MUVO:0|EFIT:0",1791429119,1791429302
"2026-10-08 00:15:17","47",0,0,15,0,"IN_SERVICE",true,true,true,"FIT:0|BATTLE:0|BOOST:0|MUVO:0|EFIT:0",1791429213,1791429302
"2026-10-08 00:15:17","48",0,0,19,0,"IN_SERVICE",true,true,true,"FIT:0|BATTLE:0|BOOST:0|MUVO:0|EFIT:0",1791429220,1791429302
"2026-10-08 00:15:17","49",1,2,11,0,"IN_SERVICE",true,true,true,"FIT:1|BATTLE:0|BOOST:0|MUVO:0|EFIT:0",1791429268,1791429302
"2026-10-08 00:15:17","50",1,1,20,1,"IN_SERVICE",true,true,true,"FIT:1|BATTLE:0|BOOST:0|MUVO:0|EFIT:0",1791429147,1791429302
"2026-10-08 00:15:17","51",5,0,11,1,"IN_SERVICE",true,true,true,"FIT:5|BATTLE:0|BOOST:0|MUVO:0|EFIT:0",1791429161,1791429302
"2026-10-08 00:15:17","52",3,0,11,1,"IN_SERVICE",true,true,true,"FIT:3|BATTLE:0|BOOST:0|MUVO:0|EFIT:0",1791429242,1791429302
"2026-10-08 00:15:17","53",2,0,9,0,"IN_SERVICE",true,true,true,"FIT:2|BATTLE:0|BOOST:0|MUVO:0|EFIT:0",1791429121,1791429302
"2026-10-08 00:15:17","54",3,1,15,0,"IN_SERVICE",true,true,true,"FIT:2|BATTLE:0|BOOST:0|MUVO:0|EFIT:1",1791429186,1791429302
"2026-10-08 00:15:17","55",3,1,13,0,"IN_SERVICE",true,true,true,"FIT:3|BATTLE:0|BOOST:0|MUVO:0|EFIT:0",1791429270,1791429302
"2026-10-08 00:15:17","56",21,0,2,0,"IN_SERVICE",true,true,true,"FIT:21|BATTLE:0|BOOST:0|MUVO:0|EFIT:0",1791429211,1791429302
"2026-10-08 00:15:17","57",4,0,11,0,"IN_SERVICE",true,true,true,"FIT:4|BATTLE:0|BOOST:0|MUVO:0|EFIT:0",1791429137,1791429302
"2026-10-08 00:15:17","58",15,2,5,1,"IN_SERVICE",true,true,true,"FIT:15|BATTLE:0|BOOST:0|MUVO:0|EFIT:0",1791429150,1791429302
"2026-10-08 00:15:17","59",3,0,8,0,"IN_SERVICE",true,true,true,"FIT:3|BATTLE:0|BOOST:0|MUVO:0|EFIT:0",1791429170,1791429302
"2026-10-08 00:15:17","60",0,3,11,1,"IN_SERVICE",true,true,true,"FIT:0|BATTLE:0|BOOST:0|MUVO:0|EFIT:0",1791429289,1791429302
"2026-10-08 00:15:17","61",15,0,2,0,"IN_SERVICE",true,true,true,"FIT:15|BATTLE:0|BOOST:0|MUVO:0|EFIT:0",1791429286,1791429302
"2026-10-08 00:15:17","62",9,2,4,0,"IN_SERVICE",true,true,true,"FIT:9|BATTLE:0|BOOST:0|MUVO:0|EFIT:0",1791429134,1791429302
"2026-10-08 00:15:17","63",1,0,12,1,"IN_SERVICE",true,true,true,"FIT:1|BATTLE:0|BOOST:0|MUVO:0|EFIT:0",1791429166,1791429302
"2026-10-08 00:15:17","64",0,0,19,0,"IN_SERVICE",true,true,true,"FIT:0|BATTLE:0|BOOST:0|MUVO:0|EFIT:0",1791429256,1791429302
"2026-10-08 00:15:17","65",3,0,18,2,"IN_SERVICE",true,true,true,"FIT:3|BATTLE:0|BOOST:0|MUVO:0|EFIT:0",1791429176,1791429302
"2026-10-08 00:15:17","66",2,0,9,0,"IN_SERVICE",true,true,true,"FIT:2|BATTLE:0|BOOST:0|MUVO:0|EFIT:0",1791429173,1791429302
"2026-10-08 00:15:17","67",14,0,1,0,"IN_SERVICE",true,true,true,"FIT:14|BATTLE:0|BOOST:0|MUVO:0|EFIT:0",1791429173,1791429302
"2026-10-08 00:15:17","68",19,0,4,0,"IN_SERVICE",true,true,true,"FIT:19|BATTLE:0|BOOST:0|MUVO:0|EFIT:0",1791429296,1791429302
"2026-10-08 00:15:17","69",17,0,6,0,"IN_SERVICE",true,true,true,"FIT:15|BATTLE:0|BOOST:0|MUVO:0|EFIT:2",1791429121,1791429302
"2026-10-08 00:15:17","70",20,0,3,0,"IN_SERVICE",true,true,true,"FIT:17|BATTLE:0|BOOST:0|MUVO:0|EFIT:3",1791429164,1791429302
"2026-10-08 00:15:17","71",11,0,8,0,"IN_SERVICE",true,true,true,"FIT:11|BATTLE:0|BOOST:0|MUVO:0|EFIT:0",1791429176,1791429302
"2026-10-08 00:15:17","73",19,0,4,0,"IN_SERVICE",true,true,true,"FIT:14|BATTLE:0|BOOST:0|MUVO:0|EFIT:5",1791429124,1791429302
"2026-10-08 00:15:17","74",14,0,5,0,"IN_SERVICE",true,true,true,"FIT:14|BATTLE:0|BOOST:0|MUVO:0|EFIT:0",1791429174,1791429302
"2026-10-08 00:15:17","75",2,2,11,0,"IN_SERVICE",true,true,true,"FIT:2|BATTLE:0|BOOST:0|MUVO:0|EFIT:0",1791429262,1791429302
"2026-10-08 00:15:17","76",2,1,16,0,"IN_SERVICE",true,true,true,"FIT:1|BATTLE:0|BOOST:0|MUVO:0|EFIT:1",1791429291,1791429302
"2026-10-08 00:15:17","77",3,1,14,0,"IN_SERVICE",true,true,true,"FIT:3|BATTLE:0|BOOST:0|MUVO:0|EFIT:0",1791429157,1791429302
"2026-10-08 00:15:17","78",6,0,5,0,"IN_SERVICE",true,true,true,"FIT:6|BATTLE:0|BOOST:0|MUVO:0|EFIT:0",1791429212,1791429302
"2026-10-08 00:15:17","79",8,0,3,0,"IN_SERVICE",true,true,true,"FIT:6|BATTLE:0|BOOST:0|MUVO:0|EFIT:2",1791429146,1791429302
"2026-10-08 00:15:17","80",17,0,1,0,"IN_SERVICE",true,true,true,"FIT:17|BATTLE:0|BOOST:0|MUVO:0|EFIT:0",1791429255,1791429302
"2026-10-08 00:15:17","81",1,0,13,1,"IN_SERVICE",true,true,true,"FIT:1|BATTLE:0|BOOST:0|MUVO:0|EFIT:0",1791429297,1791429302
"2026-10-08 00:15:17","82",19,2,8,1,"IN_SERVICE",true,true,true,"FIT:19|BATTLE:0|BOOST:0|MUVO:0|EFIT:0",1791429266,1791429302
"2026-10-08 00:15:17","83",13,0,15,3,"IN_SERVICE",true,true,true,"FIT:12|BATTLE:0|BOOST:0|MUVO:0|EFIT:1",1791429224,1791429302
"2026-10-08 00:15:17","84",4,0,11,0,"IN_SERVICE",true,true,true,"FIT:4|BATTLE:0|BOOST:0|MUVO:0|EFIT:0",1791429245,1791429302
"2026-10-08 00:15:17","85",2,0,21,0,"IN_SERVICE",true,true,true,"FIT:2|BATTLE:0|BOOST:0|MUVO:0|EFIT:0",1791429123,1791429302
"2026-10-08 00:15:17","86",9,0,25,1,"IN_SERVICE",true,true,true,"FIT:6|BATTLE:0|BOOST:0|MUVO:0|EFIT:3",1791429204,1791429302
"2026-10-08 00:15:17","87",2,1,15,1,"IN_SERVICE",true,true,true,"FIT:2|BATTLE:0|BOOST:0|MUVO:0|EFIT:0",1791429278,1791429302
"2026-10-08 00:15:17","88",11,0,8,0,"IN_SERVICE",true,true,true,"FIT:0|BATTLE:0|BOOST:0|MUVO:0|EFIT:11",1791429133,1791429302
"2026-10-08 00:15:17","89",6,2,7,1,"IN_SERVICE",true,true,true,"FIT:2|BATTLE:0|BOOST:0|MUVO:0|EFIT:4",1791429209,1791429302
"2026-10-08 00:15:17","90",5,1,6,0,"IN_SERVICE",true,true,true,"FIT:3|BATTLE:0|BOOST:0|MUVO:0|EFIT:2",1791429259,1791429302
"2026-10-08 00:15:17","91",6,1,4,0,"IN_SERVICE",true,true,true,"FIT:2|BATTLE:0|BOOST:0|MUVO:0|EFIT:4",1791429123,1791429302
"2026-10-08 00:15:17","92",5,0,10,0,"IN_SERVICE",true,true,true,"FIT:3|BATTLE:0|BOOST:0|MUVO:0|EFIT:2",1791429172,1791429302
"2026-10-08 00:15:17","93",11,2,2,0,"IN_SERVICE",true,true,true,"FIT:7|BATTLE:0|BOOST:0|MUVO:0|EFIT:4",1791429148,1791429302
"2026-10-08 00:15:17","94",5,1,9,0,"IN_SERVICE",true,true,true,"FIT:4|BATTLE:0|BOOST:0|MUVO:0|EFIT:1",1791429165,1791429302
"2026-10-08 00:15:17","95",11,0,6,0,"IN_SERVICE",true,true,true,"FIT:7|BATTLE:0|BOOST:0|MUVO:0|EFIT:4",1791429129,1791429302
"2026-10-08 00:15:17","96",5,1,13,0,"IN_SERVICE",true,true,true,"FIT:5|BATTLE:0|BOOST:0|MUVO:0|EFIT:0",1791429234,1791429302
"2026-10-08 00:15:17","97",2,0,13,0,"IN_SERVICE",true,true,true,"FIT:2|BATTLE:0|BOOST:0|MUVO:0|EFIT:0",1791429300,1791429302
"2026-10-08 00:15:17","98",0,0,12,2,"IN_SERVICE",true,true,true,"FIT:0|BATTLE:0|BOOST:0|MUVO:0|EFIT:0",1791429169,1791429302
"2026-10-08 00:15:17","99",8,0,3,0,"IN_SERVICE",true,true,true,"FIT:1|BATTLE:0|BOOST:0|MUVO:0|EFIT:7",1791429283,1791429302
"2026-10-08 00:15:17","100",7,3,4,0,"IN_SERVICE",true,true,true,"FIT:5|BATTLE:0|BOOST:0|MUVO:0|EFIT:2",1791429147,1791429302
"2026-10-08 00:15:17","101",6,0,13,0,"IN_SERVICE",true,true,true,"FIT:4|BATTLE:0|BOOST:0|MUVO:0|EFIT:2",1791429237,1791429302
"2026-10-08 00:15:17","102",24,0,3,0,"IN_SERVICE",true,true,true,"FIT:14|BATTLE:0|BOOST:0|MUVO:0|EFIT:10",1791429210,1791429302
"2026-10-08 00:15:17","103",9,1,5,0,"IN_SERVICE",true,true,true,"FIT:6|BATTLE:0|BOOST:0|MUVO:0|EFIT:3",1791429209,1791429302
"2026-10-08 00:15:17","104",11,0,0,0,"IN_SERVICE",true,true,true,"FIT:11|BATTLE:0|BOOST:0|MUVO:0|EFIT:0",1791429294,1791429302
"2026-10-08 00:15:17","105",8,0,8,0,"IN_SERVICE",true,true,true,"FIT:7|BATTLE:0|BOOST:0|MUVO:0|EFIT:1",1791429144,1791429302
"2026-10-08 00:15:17","107",16,0,3,0,"IN_SERVICE",true,true,true,"FIT:8|BATTLE:0|BOOST:0|MUVO:0|EFIT:8",1791429212,1791429302
"2026-10-08 00:15:17","109",34,0,1,0,"IN_SERVICE",true,true,true,"FIT:32|BATTLE:0|BOOST:0|MUVO:0|EFIT:2",1791429264,1791429302
"2026-10-08 00:15:17","111",13,1,4,0,"IN_SERVICE",true,true,true,"FIT:13|BATTLE:0|BOOST:0|MUVO:0|EFIT:0",1791429273,1791429302
"2026-10-08 00:15:17","112",7,1,11,0,"IN_SERVICE",true,true,true,"FIT:6|BATTLE:0|BOOST:0|MUVO:0|EFIT:1",1791429243,1791429302
"2026-10-08 00:15:17","113",12,1,2,0,"IN_SERVICE",true,true,true,"FIT:10|BATTLE:0|BOOST:0|MUVO:0|EFIT:2",1791429285,1791429302
"2026-10-08 00:15:17","114",3,2,16,0,"IN_SERVICE",true,true,true,"FIT:0|BATTLE:0|BOOST:0|MUVO:0|EFIT:3",1791429178,1791429302
"2026-10-08 00:15:17","116",16,1,1,0,"IN_SERVICE",true,true,true,"FIT:15|BATTLE:0|BOOST:0|MUVO:0|EFIT:1",1791429219,1791429302
"2026-10-08 00:15:17","117",24,1,2,0,"IN_SERVICE",true,true,true,"FIT:22|BATTLE:0|BOOST:0|MUVO:0|EFIT:2",1791429136,1791429302
"2026-10-08 00:15:17","118",9,1,5,0,"IN_SERVICE",true,true,true,"FIT:7|BATTLE:0|BOOST:0|MUVO:0|EFIT:2",1791429169,1791429302
"2026-10-08 00:15:17","119",8,0,3,0,"IN_SERVICE",true,true,true,"FIT:7|BATTLE:0|BOOST:0|MUVO:0|EFIT:1",1791429124,1791429302
"2026-10-08 00:15:17","120",13,1,9,0,"IN_SERVICE",true,true,true,"FIT:13|BATTLE:0|BOOST:0|MUVO:0|EFIT:0",1791429214,1791429302
"2026-10-08 00:15:17","121",7,0,16,0,"IN_SERVICE",true,true,true,"FIT:7|BATTLE:0|BOOST:0|MUVO:0|EFIT:0",1791429154,1791429302
"2026-10-08 00:15:17","122",11,1,11,0,"IN_SERVICE",true,true,true,"FIT:11|BATTLE:0|BOOST:0|MUVO:0|EFIT:0",1791429129,1791429302
"2026-10-08 00:15:17","123",5,0,9,0,"IN_SERVICE",true,true,true,"FIT:5|BATTLE:0|BOOST:0|MUVO:0|EFIT:0",1791429171,1791429302
"2026-10-08 00:15:17","124",4,0,11,0,"IN_SERVICE",true,true,true,"FIT:2|BATTLE:0|BOOST:0|MUVO:0|EFIT:2",1791429150,1791429302
"2026-10-08 00:15:17","125",0,0,19,0,"IN_SERVICE",true,true,true,"FIT:0|BATTLE:0|BOOST:0|MUVO:0|EFIT:0",1791429179,1791429302
"2026-10-08 00:15:17","126",5,0,10,0,"IN_SERVICE",true,true,true,"FIT:2|BATTLE:0|BOOST:0|MUVO:0|EFIT:3",1791429281,1791429302
"2026-10-08 00:15:17","127",15,0,0,0,"IN_SERVICE",true,true,true,"FIT:13|BATTLE:0|BOOST:0|MUVO:0|EFIT:2",1791429138,1791429302
"2026-10-08 00:15:17","128",11,0,8,0,"IN_SERVICE",true,true,true,"FIT:7|BATTLE:0|BOOST:0|MUVO:0|EFIT:4",1791429138,1791429302
"2026-10-08 00:15:17","129",0,0,11,0,"IN_SERVICE",true,true,true,"FIT:0|BATTLE:0|BOOST:0|MUVO:0|EFIT:0",1791429288,1791429302
"2026-10-08 00:15:17","131",14,1,8,0,"IN_SERVICE",true,true,true,"FIT:13|BATTLE:0|BOOST:0|MUVO:0|EFIT:1",1791429130,1791429302
"2026-10-08 00:15:17","132",7,0,12,0,"IN_SERVICE",true,true,true,"FIT:7|BATTLE:0|BOOST:0|MUVO:0|EFIT:0",1791429166,1791429302
"2026-10-08 00:15:17","133",0,0,15,0,"IN_SERVICE",true,true,true,"FIT:0|BATTLE:0|BOOST:0|MUVO:0|EFIT:0",1791429189,1791429302
"2026-10-08 00:15:17","134",1,0,22,0,"IN_SERVICE",true,true,true,"FIT:1|BATTLE:0|BOOST:0|MUVO:0|EFIT:0",1791429211,1791429302
"2026-10-08 00:15:17","136",5,0,9,1,"IN_SERVICE",true,true,true,"FIT:1|BATTLE:0|BOOST:0|MUVO:0|EFIT:4",1791429205,1791429302
"2026-10-08 00:15:17","137",11,0,8,0,"IN_SERVICE",true,true,true,"FIT:9|BATTLE:0|BOOST:0|MUVO:0|EFIT:2",1791429158,1791429302
"2026-10-08 00:15:17","138",10,0,4,1,"IN_SERVICE",true,true,true,"FIT:8|BATTLE:0|BOOST:0|MUVO:0|EFIT:2",1791429195,1791429302
"2026-10-08 00:15:17","139",13,0,10,0,"IN_SERVICE",true,true,true,"FIT:13|BATTLE:0|BOOST:0|MUVO:0|EFIT:0",1791429131,1791429302
"2026-10-08 00:15:17","140",19,0,9,1,"IN_SERVICE",true,true,true,"FIT:12|BATTLE:0|BOOST:0|MUVO:0|EFIT:7",1791429216,1791429302
"2026-10-08 00:15:17","141",6,0,9,0,"IN_SERVICE",true,true,true,"FIT:6|BATTLE:0|BOOST:0|MUVO:0|EFIT:0",1791429197,1791429302
"2026-10-08 00:15:17","142",18,0,1,0,"IN_SERVICE",true,true,true,"FIT:17|BATTLE:0|BOOST:0|MUVO:0|EFIT:1",1791429290,1791429302
"2026-10-08 00:15:17","143",2,0,12,1,"IN_SERVICE",true,true,true,"FIT:1|BATTLE:0|BOOST:0|MUVO:0|EFIT:1",1791429218,1791429302
"2026-10-08 00:15:17","145",17,0,2,0,"IN_SERVICE",true,true,true,"FIT:12|BATTLE:0|BOOST:0|MUVO:0|EFIT:5",1791429238,1791429302
"2026-10-08 00:15:17","146",1,1,13,0,"IN_SERVICE",true,true,true,"FIT:0|BATTLE:0|BOOST:0|MUVO:0|EFIT:1",1791429140,1791429302
"2026-10-08 00:15:17","148",6,0,9,0,"IN_SERVICE",true,true,true,"FIT:5|BATTLE:0|BOOST:0|MUVO:0|EFIT:1",1791429214,1791429302
"2026-10-08 00:15:17","149",0,0,15,0,"IN_SERVICE",true,true,true,"FIT:0|BATTLE:0|BOOST:0|MUVO:0|EFIT:0",1791429226,1791429302
"2026-10-08 00:15:17","150",11,1,4,0,"IN_SERVICE",true,true,true,"FIT:10|BATTLE:0|BOOST:0|MUVO:0|EFIT:1",1791429228,1791429302
"2026-10-08 00:15:17","152",6,0,5,0,"IN_SERVICE",true,true,true,"FIT:2|BATTLE:0|BOOST:0|MUVO:0|EFIT:4",1791429241,1791429302
"2026-10-08 00:15:17","153",1,1,17,0,"IN_SERVICE",true,true,true,"FIT:1|BATTLE:0|BOOST:0|MUVO:0|EFIT:0",1791429156,1791429302
"2026-10-08 00:15:17","154",9,1,7,0,"IN_SERVICE",true,true,true,"FIT:8|BATTLE:0|BOOST:0|MUVO:0|EFIT:1",1791429238,1791429302
"2026-10-08 00:15:17","155",14,2,3,0,"IN_SERVICE",true,true,true,"FIT:14|BATTLE:0|BOOST:0|MUVO:0|EFIT:0",1791429129,1791429302
"2026-10-08 00:15:17","157",4,0,15,0,"IN_SERVICE",true,true,true,"FIT:4|BATTLE:0|BOOST:0|MUVO:0|EFIT:0",1791429256,1791429302
"2026-10-08 00:15:17","158",12,1,6,0,"IN_SERVICE",true,true,true,"FIT:12|BATTLE:0|BOOST:0|MUVO:0|EFIT:0",1791429135,1791429302
"2026-10-08 00:15:17","159",2,1,12,0,"IN_SERVICE",true,true,true,"FIT:2|BATTLE:0|BOOST:0|MUVO:0|EFIT:0",1791429199,1791429302
"2026-10-08 00:15:17","160",4,0,9,0,"IN_SERVICE",true,true,true,"FIT:4|BATTLE:0|BOOST:0|MUVO:0|EFIT:0",1791429213,1791429302
"2026-10-08 00:15:17","161",1,0,10,0,"IN_SERVICE",true,true,true,"FIT:1|BATTLE:0|BOOST:0|MUVO:0|EFIT:0",1791429260,1791429302
"2026-10-08 00:15:17","162",1,1,15,0,"IN_SERVICE",true,true,true,"FIT:1|BATTLE:0|BOOST:0|MUVO:0|EFIT:0",1791429146,1791429302
"2026-10-08 00:15:17","163",10,0,7,0,"IN_SERVICE",true,true,true,"FIT:9|BATTLE:0|BOOST:0|MUVO:0|EFIT:1",1791429145,1791429302
"2026-10-08 00:15:17","164",2,0,15,0,"IN_SERVICE",true,true,true,"FIT:2|BATTLE:0|BOOST:0|MUVO:0|EFIT:0",1791429276,1791429302
"2026-10-08 00:15:17","165",0,0,15,0,"IN_SERVICE",true,true,true,"FIT:0|BATTLE:0|BOOST:0|MUVO:0|EFIT:0",1791429291,1791429302
"2026-10-08 00:15:17","166",1,1,9,0,"IN_SERVICE",true,true,true,"FIT:1|BATTLE:0|BOOST:0|MUVO:0|EFIT:0",1791429158,1791429302
"2026-10-08 00:15:17","167",0,1,29,1,"IN_SERVICE",true,true,true,"FIT:0|BATTLE:0|BOOST:0|MUVO:0|EFIT:0",1791429155,1791429302
"2026-10-08 00:15:17","168",0,0,19,0,"IN_SERVICE",true,true,true,"FIT:0|BATTLE:0|BOOST:0|MUVO:0|EFIT:0",1791429168,1791429302
"2026-10-08 00:15:17","169",9,1,5,0,"IN_SERVICE",true,true,true,"FIT:8|BATTLE:0|BOOST:0|MUVO:0|EFIT:1",1791429276,1791429302
"2026-10-08 00:15:17","170",3,1,10,0,"IN_SERVICE",true,true,true,"FIT:3|BATTLE:0|BOOST:0|MUVO:0|EFIT:0",1791429218,1791429302
"2026-10-08 00:15:17","171",0,0,10,1,"IN_SERVICE",true,true,true,"FIT:0|BATTLE:0|BOOST:0|MUVO:0|EFIT:0",1791429194,1791429302
"2026-10-08 00:15:17","172",8,2,1,0,"IN_SERVICE",true,true,true,"FIT:8|BATTLE:0|BOOST:0|MUVO:0|EFIT:0",1791429133,1791429302
"2026-10-08 00:15:17","173",9,0,5,1,"IN_SERVICE",true,true,true,"FIT:9|BATTLE:0|BOOST:0|MUVO:0|EFIT:0",1791429246,1791429302
"2026-10-08 00:15:17","174",11,0,4,0,"IN_SERVICE",true,true,true,"FIT:11|BATTLE:0|BOOST:0|MUVO:0|EFIT:0",1791429297,1791429302
"2026-10-08 00:15:17","175",21,0,1,0,"IN_SERVICE",true,true,true,"FIT:21|BATTLE:0|BOOST:0|MUVO:0|EFIT:0",1791429179,1791429302
"2026-10-08 00:15:17","176",13,0,2,0,"IN_SERVICE",true,true,true,"FIT:13|BATTLE:0|BOOST:0|MUVO:0|EFIT:0",1791429273,1791429302
"2026-10-08 00:15:17","177",6,0,9,0,"IN_SERVICE",true,true,true,"FIT:6|BATTLE:0|BOOST:0|MUVO:0|EFIT:0",1791429187,1791429302
"2026-10-08 00:15:17","178",15,0,3,1,"IN_SERVICE",true,true,true,"FIT:15|BATTLE:0|BOOST:0|MUVO:0|EFIT:0",1791429293,1791429302
"2026-10-08 00:15:17","179",4,0,15,0,"IN_SERVICE",true,true,true,"FIT:4|BATTLE:0|BOOST:0|MUVO:0|EFIT:0",1791429288,1791429302
"2026-10-08 00:15:17","180",9,0,6,0,"IN_SERVICE",true,true,true,"FIT:9|BATTLE:0|BOOST:0|MUVO:0|EFIT:0",1791429164,1791429302
"2026-10-08 00:15:17","181",4,0,11,0,"IN_SERVICE",true,true,true,"FIT:4|BATTLE:0|BOOST:0|MUVO:0|EFIT:0",1791429169,1791429302
"2026-10-08 00:15:17","182",13,0,6,0,"IN_SERVICE",true,true,true,"FIT:13|BATTLE:0|BOOST:0|MUVO:0|EFIT:0",1791429278,1791429302
"2026-10-08 00:15:17","183",1,0,18,0,"IN_SERVICE",true,true,true,"FIT:1|BATTLE:0|BOOST:0|MUVO:0|EFIT:0",1791429173,1791429302
"2026-10-08 00:15:17","184",5,0,14,0,"IN_SERVICE",true,true,true,"FIT:4|BATTLE:0|BOOST:0|MUVO:0|EFIT:1",1791429215,1791429302
"2026-10-08 00:15:17","185",8,1,9,0,"IN_SERVICE",true,true,true,"FIT:8|BATTLE:0|BOOST:0|MUVO:0|EFIT:0",1791429284,1791429302
"2026-10-08 00:15:17","186",7,0,4,0,"IN_SERVICE",true,true,true,"FIT:7|BATTLE:0|BOOST:0|MUVO:0|EFIT:0",1791429235,1791429302
"2026-10-08 00:15:17","187",1,0,16,0,"IN_SERVICE",true,true,true,"FIT:1|BATTLE:0|BOOST:0|MUVO:0|EFIT:0",1791429223,1791429302
"2026-10-08 00:15:17","188",1,0,16,0,"IN_SERVICE",true,true,true,"FIT:1|BATTLE:0|BOOST:0|MUVO:0|EFIT:0",1791429289,1791429302
"2026-10-08 00:15:17","189",10,0,5,0,"IN_SERVICE",true,true,true,"FIT:10|BATTLE:0|BOOST:0|MUVO:0|EFIT:0",1791429129,1791429302
"2026-10-08 00:15:17","190",2,0,28,1,"IN_SERVICE",true,true,true,"FIT:2|BATTLE:0|BOOST:0|MUVO:0|EFIT:0",1791429161,1791429302
"2026-10-08 00:15:17","192",3,0,7,0,"IN_SERVICE",true,true,true,"FIT:3|BATTLE:0|BOOST:0|MUVO:0|EFIT:0",1791429249,1791429302
"2026-10-08 00:15:17","193",0,0,0,0,"IN_SERVICE",true,true,true,"FIT:0|BATTLE:0|BOOST:0|MUVO:0|EFIT:0",1791429260,1791429302
"2026-10-08 00:15:17","194",6,0,11,0,"IN_SERVICE",true,true,true,"FIT:6|BATTLE:0|BOOST:0|MUVO:0|EFIT:0",1791429253,1791429302
"2026-10-08 00:15:17","195",15,0,0,0,"IN_SERVICE",true,true,true,"FIT:15|BATTLE:0|BOOST:0|MUVO:0|EFIT:0",1791429246,1791429302
"2026-10-08 00:15:17","196",7,1,7,0,"IN_SERVICE",true,true,true,"FIT:7|BATTLE:0|BOOST:0|MUVO:0|EFIT:0",1791429203,1791429302
"2026-10-08 00:15:17","197",5,1,8,1,"IN_SERVICE",true,true,true,"FIT:5|BATTLE:0|BOOST:0|MUVO:0|EFIT:0",1791429252,1791429302
"2026-10-08 00:15:17","198",11,0,4,0,"IN_SERVICE",true,true,true,"FIT:10|BATTLE:0|BOOST:0|MUVO:0|EFIT:1",1791429242,1791429302
"2026-10-08 00:15:17","199",10,0,17,0,"IN_SERVICE",true,true,true,"FIT:9|BATTLE:0|BOOST:0|MUVO:0|EFIT:1",1791429182,1791429302
"2026-10-08 00:15:17","200",9,0,6,0,"IN_SERVICE",true,true,true,"FIT:9|BATTLE:0|BOOST:0|MUVO:0|EFIT:0",1791429127,1791429302
"2026-10-08 00:15:17","201",8,1,6,0,"IN_SERVICE",true,true,true,"FIT:8|BATTLE:0|BOOST:0|MUVO:0|EFIT:0",1791429182,1791429302
"2026-10-08 00:15:17","202",3,1,15,0,"IN_SERVICE",true,true,true,"FIT:3|BATTLE:0|BOOST:0|MUVO:0|EFIT:0",1791429253,1791429302
"2026-10-08 00:15:17","203",1,1,17,0,"IN_SERVICE",true,true,true,"FIT:1|BATTLE:0|BOOST:0|MUVO:0|EFIT:0",1791429300,1791429302
"2026-10-08 00:15:17","204",0,0,17,0,"IN_SERVICE",true,true,true,"FIT:0|BATTLE:0|BOOST:0|MUVO:0|EFIT:0",1791429204,1791429302
"2026-10-08 00:15:17","205",0,1,16,0,"IN_SERVICE",true,true,true,"FIT:0|BATTLE:0|BOOST:0|MUVO:0|EFIT:0",1791429177,1791429302
"2026-10-08 00:15:17","206",2,0,13,0,"IN_SERVICE",true,true,true,"FIT:2|BATTLE:0|BOOST:0|MUVO:0|EFIT:0",1791429251,1791429302
"2026-10-08 00:15:17","207",0,0,23,0,"IN_SERVICE",true,true,true,"FIT:0|BATTLE:0|BOOST:0|MUVO:0|EFIT:0",1791429135,1791429302
"2026-10-08 00:15:17","208",1,1,16,0,"IN_SERVICE",true,true,true,"FIT:1|BATTLE:0|BOOST:0|MUVO:0|EFIT:0",1791429180,1791429302
"2026-10-08 00:15:17","209",0,0,19,0,"IN_SERVICE",true,true,true,"FIT:0|BATTLE:0|BOOST:0|MUVO:0|EFIT:0",1791429242,1791429302
"2026-10-08 00:15:17","210",9,0,20,0,"IN_SERVICE",true,true,true,"FIT:9|BATTLE:0|BOOST:0|MUVO:0|EFIT:0",1791429196,1791429302
"2026-10-08 00:15:17","212",0,0,14,1,"IN_SERVICE",true,true,true,"FIT:0|BATTLE:0|BOOST:0|MUVO:0|EFIT:0",1791429240,1791429302
"2026-10-08 00:15:17","213",0,0,19,0,"IN_SERVICE",true,true,true,"FIT:0|BATTLE:0|BOOST:0|MUVO:0|EFIT:0",1791429168,1791429302
"2026-10-08 00:15:17","214",3,0,18,0,"IN_SERVICE",true,true,true,"FIT:3|BATTLE:0|BOOST:0|MUVO:0|EFIT:0",1791429275,1791429302
"2026-10-08 00:15:17","215",0,0,22,1,"IN_SERVICE",true,true,true,"FIT:0|BATTLE:0|BOOST:0|MUVO:0|EFIT:0",1791429125,1791429302
"2026-10-08 00:15:17","217",7,0,8,0,"IN_SERVICE",true,true,true,"FIT:7|BATTLE:0|BOOST:0|MUVO:0|EFIT:0",1791429161,1791429302
"2026-10-08 00:15:17","220",2,0,17,0,"IN_SERVICE",true,true,true,"FIT:1|BATTLE:0|BOOST:0|MUVO:0|EFIT:1",1791429283,1791429302
"2026-10-08 00:15:17","221",13,0,2,0,"IN_SERVICE",true,true,true,"FIT:13|BATTLE:0|BOOST:0|MUVO:0|EFIT:0",1791429199,1791429302
"2026-10-08 00:15:17","222",11,0,4,0,"IN_SERVICE",true,true,true,"FIT:10|BATTLE:0|BOOST:0|MUVO:0|EFIT:1",1791429183,1791429302
"2026-10-08 00:15:17","223",13,0,4,0,"IN_SERVICE",true,true,true,"FIT:13|BATTLE:0|BOOST:0|MUVO:0|EFIT:0",1791429230,1791429302
"2026-10-08 00:15:17","224",0,0,15,0,"IN_SERVICE",true,true,true,"FIT:0|BATTLE:0|BOOST:0|MUVO:0|EFIT:0",1791429170,1791429302
"2026-10-08 00:15:17","225",3,0,8,0,"IN_SERVICE",true,true,true,"FIT:3|BATTLE:0|BOOST:0|MUVO:0|EFIT:0",1791429238,1791429302
"2026-10-08 00:15:17","226",21,0,2,0,"IN_SERVICE",true,true,true,"FIT:21|BATTLE:0|BOOST:0|MUVO:0|EFIT:0",1791429201,1791429302
"2026-10-08 00:15:17","228",4,0,13,2,"IN_SERVICE",true,true,true,"FIT:4|BATTLE:0|BOOST:0|MUVO:0|EFIT:0",1791429144,1791429302
"2026-10-08 00:15:17","229",10,1,5,1,"IN_SERVICE",true,true,true,"FIT:8|BATTLE:0|BOOST:0|MUVO:0|EFIT:2",1791429295,1791429302
"2026-10-08 00:15:17","230",18,0,1,0,"IN_SERVICE",true,true,true,"FIT:18|BATTLE:0|BOOST:0|MUVO:0|EFIT:0",1791429254,1791429302
"2026-10-08 00:15:17","231",8,0,7,0,"IN_SERVICE",true,true,true,"FIT:8|BATTLE:0|BOOST:0|MUVO:0|EFIT:0",1791429246,1791429302
"2026-10-08 00:15:17","232",16,4,9,0,"IN_SERVICE",true,true,true,"FIT:16|BATTLE:0|BOOST:0|MUVO:0|EFIT:0",1791429156,1791429302
"2026-10-08 00:15:17","233",13,1,17,0,"IN_SERVICE",true,true,true,"FIT:13|BATTLE:0|BOOST:0|MUVO:0|EFIT:0",1791429198,1791429302
"2026-10-08 00:15:17","234",4,1,10,0,"IN_SERVICE",true,true,true,"FIT:3|BATTLE:0|BOOST:0|MUVO:0|EFIT:1",1791429222,1791429302
"2026-10-08 00:15:17","235",1,0,13,1,"IN_SERVICE",true,true,true,"FIT:1|BATTLE:0|BOOST:0|MUVO:0|EFIT:0",1791429284,1791429302
"2026-10-08 00:15:17","236",4,1,10,0,"IN_SERVICE",true,true,true,"FIT:4|BATTLE:0|BOOST:0|MUVO:0|EFIT:0",1791429186,1791429302
"2026-10-08 00:15:17","237",1,0,13,0,"IN_SERVICE",true,true,true,"FIT:1|BATTLE:0|BOOST:0|MUVO:0|EFIT:0",1791429146,1791429302
"2026-10-08 00:15:17","238",2,0,12,0,"IN_SERVICE",true,true,true,"FIT:2|BATTLE:0|BOOST:0|MUVO:0|EFIT:0",1791429260,1791429302
"2026-10-08 00:15:17","239",0,0,15,0,"IN_SERVICE",true,true,true,"FIT:0|BATTLE:0|BOOST:0|MUVO:0|EFIT:0",1791429299,1791429302
"2026-10-08 00:15:17","240",3,0,11,0,"IN_SERVICE",true,true,true,"FIT:3|BATTLE:0|BOOST:0|MUVO:0|EFIT:0",1791429250,1791429302
"2026-10-08 00:15:17","241",3,0,12,0,"IN_SERVICE",true,true,true,"FIT:3|BATTLE:0|BOOST:0|MUVO:0|EFIT:0",1791429276,1791429302
"2026-10-08 00:15:17","242",4,1,8,0,"IN_SERVICE",true,true,true,"FIT:4|BATTLE:0|BOOST:0|MUVO:0|EFIT:0",1791429278,1791429302
"2026-10-08 00:15:17","244",1,0,10,0,"IN_SERVICE",true,true,true,"FIT:1|BATTLE:0|BOOST:0|MUVO:0|EFIT:0",1791429137,1791429302
"2026-10-08 00:15:17","246",10,1,4,0,"IN_SERVICE",true,true,true,"FIT:10|BATTLE:0|BOOST:0|MUVO:0|EFIT:0",1791429292,1791429302
"2026-10-08 00:15:17","247",8,0,10,0,"IN_SERVICE",true,true,true,"FIT:8|BATTLE:0|BOOST:0|MUVO:0|EFIT:0",1791429033,1791429302
"2026-10-08 00:15:17","248",5,0,10,0,"IN_SERVICE",true,true,true,"FIT:5|BATTLE:0|BOOST:0|MUVO:0|EFIT:0",1791429149,1791429302
"2026-10-08 00:15:17","250",2,0,9,0,"IN_SERVICE",true,true,true,"FIT:2|BATTLE:0|BOOST:0|MUVO:0|EFIT:0",1791429289,1791429302
"2026-10-08 00:15:17","252",1,1,17,0,"IN_SERVICE",true,true,true,"FIT:1|BATTLE:0|BOOST:0|MUVO:0|EFIT:0",1791429125,1791429302
"2026-10-08 00:15:17","253",7,0,4,0,"IN_SERVICE",true,true,true,"FIT:7|BATTLE:0|BOOST:0|MUVO:0|EFIT:0",1791429269,1791429302
"2026-10-08 00:15:17","254",0,1,10,0,"IN_SERVICE",true,true,true,"FIT:0|BATTLE:0|BOOST:0|MUVO:0|EFIT:0",1791429207,1791429302
"2026-10-08 00:15:17","255",0,0,11,0,"IN_SERVICE",true,true,true,"FIT:0|BATTLE:0|BOOST:0|MUVO:0|EFIT:0",1791429251,1791429302
"2026-10-08 00:15:17","256",12,0,3,0,"IN_SERVICE",true,true,true,"FIT:11|BATTLE:0|BOOST:0|MUVO:0|EFIT:1",1791429210,1791429302
"2026-10-08 00:15:17","257",10,1,13,0,"IN_SERVICE",true,true,true,"FIT:10|BATTLE:0|BOOST:0|MUVO:0|EFIT:0",1791429291,1791429302
"2026-10-08 00:15:17","259",9,2,6,0,"IN_SERVICE",true,true,true,"FIT:9|BATTLE:0|BOOST:0|MUVO:0|EFIT:0",1791429235,1791429302
"2026-10-08 00:15:17","260",2,0,25,0,"IN_SERVICE",true,true,true,"FIT:2|BATTLE:0|BOOST:0|MUVO:0|EFIT:0",1791429273,1791429302
"2026-10-08 00:15:17","261",4,0,11,0,"IN_SERVICE",true,true,true,"FIT:4|BATTLE:0|BOOST:0|MUVO:0|EFIT:0",1791429250,1791429302
"2026-10-08 00:15:17","262",11,0,3,1,"IN_SERVICE",true,true,true,"FIT:11|BATTLE:0|BOOST:0|MUVO:0|EFIT:0",1791429129,1791429302
"2026-10-08 00:15:17","263",1,1,9,0,"IN_SERVICE",true,true,true,"FIT:1|BATTLE:0|BOOST:0|MUVO:0|EFIT:0",1791429247,1791429302
"2026-10-08 00:15:17","271",4,0,7,0,"IN_SERVICE",true,true,true,"FIT:4|BATTLE:0|BOOST:0|MUVO:0|EFIT:0",1791429253,1791429302
"2026-10-08 00:15:17","273",1,0,15,1,"IN_SERVICE",true,true,true,"FIT:1|BATTLE:0|BOOST:0|MUVO:0|EFIT:0",1791429285,1791429302
"2026-10-08 00:15:17","285",1,0,8,2,"IN_SERVICE",true,true,true,"FIT:1|BATTLE:0|BOOST:0|MUVO:0|EFIT:0",1791429294,1791429302
"2026-10-08 00:15:17","287",4,0,7,0,"IN_SERVICE",true,true,true,"FIT:4|BATTLE:0|BOOST:0|MUVO:0|EFIT:0",1791429294,1791429302
"2026-10-08 00:15:17","290",4,0,7,0,"IN_SERVICE",true,true,true,"FIT:4|BATTLE:0|BOOST:0|MUVO:0|EFIT:0",1791429299,1791429302
"2026-10-08 00:15:17","293",4,0,15,0,"IN_SERVICE",true,true,true,"FIT:4|BATTLE:0|BOOST:0|MUVO:0|EFIT:0",1791429295,1791429302
"2026-10-08 00:15:17","295",6,0,13,0,"IN_SERVICE",true,true,true,"FIT:6|BATTLE:0|BOOST:0|MUVO:0|EFIT:0",1791429150,1791429302
"2026-10-08 00:15:17","299",3,0,8,0,"IN_SERVICE",true,true,true,"FIT:3|BATTLE:0|BOOST:0|MUVO:0|EFIT:0",1791429220,1791429302
"2026-10-08 00:15:17","304",6,0,5,0,"IN_SERVICE",true,true,true,"FIT:6|BATTLE:0|BOOST:0|MUVO:0|EFIT:0",1791429157,1791429302
"2026-10-08 00:15:17","313",6,0,5,0,"IN_SERVICE",true,true,true,"FIT:1|BATTLE:0|BOOST:0|MUVO:0|EFIT:5",1791429240,1791429302
"2026-10-08 00:15:17","314",17,0,0,0,"IN_SERVICE",true,true,true,"FIT:17|BATTLE:0|BOOST:0|MUVO:0|EFIT:0",1791429222,1791429302
"2026-10-08 00:15:17","329",8,0,9,0,"IN_SERVICE",true,true,true,"FIT:8|BATTLE:0|BOOST:0|MUVO:0|EFIT:0",1791429216,1791429302
"2026-10-08 00:15:17","330",1,1,10,0,"IN_SERVICE",true,true,true,"FIT:1|BATTLE:0|BOOST:0|MUVO:0|EFIT:0",1791429210,1791429302
"2026-10-08 00:15:17","336",10,0,7,0,"IN_SERVICE",true,true,true,"FIT:10|BATTLE:0|BOOST:0|MUVO:0|EFIT:0",1791429146,1791429302
"2026-10-08 00:15:17","337",14,0,5,0,"IN_SERVICE",true,true,true,"FIT:14|BATTLE:0|BOOST:0|MUVO:0|EFIT:0",1791429143,1791429302
"2026-10-08 00:15:17","338",17,0,6,0,"IN_SERVICE",true,true,true,"FIT:16|BATTLE:0|BOOST:0|MUVO:0|EFIT:1",1791429172,1791429302
"2026-10-08 00:15:17","339",9,1,6,1,"IN_SERVICE",true,true,true,"FIT:9|BATTLE:0|BOOST:0|MUVO:0|EFIT:0",1791429158,1791429302
"2026-10-08 00:15:17","340",14,0,1,0,"IN_SERVICE",true,true,true,"FIT:14|BATTLE:0|BOOST:0|MUVO:0|EFIT:0",1791429266,1791429302
"2026-10-08 00:15:17","342",3,0,8,0,"IN_SERVICE",true,true,true,"FIT:3|BATTLE:0|BOOST:0|MUVO:0|EFIT:0",1791429265,1791429302
"2026-10-08 00:15:17","343",8,0,7,0,"IN_SERVICE",true,true,true,"FIT:8|BATTLE:0|BOOST:0|MUVO:0|EFIT:0",1791429247,1791429302
"2026-10-08 00:15:17","344",1,0,14,0,"IN_SERVICE",true,true,true,"FIT:1|BATTLE:0|BOOST:0|MUVO:0|EFIT:0",1791429202,1791429302
"2026-10-08 00:15:17","345",3,0,24,0,"IN_SERVICE",true,true,true,"FIT:3|BATTLE:0|BOOST:0|MUVO:0|EFIT:0",1791429230,1791429302
"2026-10-08 00:15:17","346",26,0,3,2,"IN_SERVICE",true,true,true,"FIT:25|BATTLE:0|BOOST:0|MUVO:0|EFIT:1",1791429249,1791429302
"2026-10-08 00:15:17","347",7,0,20,0,"IN_SERVICE",true,true,true,"FIT:7|BATTLE:0|BOOST:0|MUVO:0|EFIT:0",1791429207,1791429302
"2026-10-08 00:15:17","349",7,0,8,0,"IN_SERVICE",true,true,true,"FIT:1|BATTLE:0|BOOST:0|MUVO:0|EFIT:6",1791429133,1791429302
"2026-10-08 00:15:17","350",21,0,2,0,"IN_SERVICE",true,true,true,"FIT:21|BATTLE:0|BOOST:0|MUVO:0|EFIT:0",1791429277,1791429302
"2026-10-08 00:15:17","351",3,0,16,0,"IN_SERVICE",true,true,true,"FIT:3|BATTLE:0|BOOST:0|MUVO:0|EFIT:0",1791429205,1791429302
"2026-10-08 00:15:17","352",11,0,0,0,"IN_SERVICE",true,true,true,"FIT:11|BATTLE:0|BOOST:0|MUVO:0|EFIT:0",1791429197,1791429302
"2026-10-08 00:15:17","353",11,0,4,0,"IN_SERVICE",true,true,true,"FIT:11|BATTLE:0|BOOST:0|MUVO:0|EFIT:0",1791429133,1791429302
"2026-10-08 00:15:17","354",8,2,0,1,"IN_SERVICE",true,true,true,"FIT:8|BATTLE:0|BOOST:0|MUVO:0|EFIT:0",1791429247,1791429302
"2026-10-08 00:15:17","355",5,0,6,0,"IN_SERVICE",true,true,true,"FIT:5|BATTLE:0|BOOST:0|MUVO:0|EFIT:0",1791429151,1791429302
"2026-10-08 00:15:17","356",13,1,1,0,"IN_SERVICE",true,true,true,"FIT:13|BATTLE:0|BOOST:0|MUVO:0|EFIT:0",1791429191,1791429302
"2026-10-08 00:15:17","357",8,0,9,0,"IN_SERVICE",true,true,true,"FIT:7|BATTLE:0|BOOST:0|MUVO:0|EFIT:1",1791429172,1791429302
"2026-10-08 00:15:17","358",1,0,14,0,"IN_SERVICE",true,true,true,"FIT:1|BATTLE:0|BOOST:0|MUVO:0|EFIT:0",1791429226,1791429302
"2026-10-08 00:15:17","360",7,1,2,1,"IN_SERVICE",true,true,true,"FIT:7|BATTLE:0|BOOST:0|MUVO:0|EFIT:0",1791429225,1791429302
"2026-10-08 00:15:17","361",12,0,3,2,"IN_SERVICE",true,true,true,"FIT:12|BATTLE:0|BOOST:0|MUVO:0|EFIT:0",1791429255,1791429302
"2026-10-08 00:15:17","362",13,0,10,0,"IN_SERVICE",true,true,true,"FIT:12|BATTLE:0|BOOST:0|MUVO:0|EFIT:1",1791429161,1791429302
"2026-10-08 00:15:17","363",10,0,1,0,"IN_SERVICE",true,true,true,"FIT:10|BATTLE:0|BOOST:0|MUVO:0|EFIT:0",1791429134,1791429302
"2026-10-08 00:15:17","364",16,0,7,0,"IN_SERVICE",true,true,true,"FIT:16|BATTLE:0|BOOST:0|MUVO:0|EFIT:0",1791429170,1791429302
"2026-10-08 00:15:17","365",10,0,1,0,"IN_SERVICE",true,true,true,"FIT:10|BATTLE:0|BOOST:0|MUVO:0|EFIT:0",1791429267,1791429302
"2026-10-08 00:15:17","366",9,1,17,0,"IN_SERVICE",true,true,true,"FIT:9|BATTLE:0|BOOST:0|MUVO:0|EFIT:0",1791429257,1791429302
"2026-10-08 00:15:17","367",2,1,28,0,"IN_SERVICE",true,true,true,"FIT:2|BATTLE:0|BOOST:0|MUVO:0|EFIT:0",1791429229,1791429302
"2026-10-08 00:15:17","370",10,2,5,0,"IN_SERVICE",true,true,true,"FIT:9|BATTLE:0|BOOST:0|MUVO:0|EFIT:1",1791429154,1791429302
"2026-10-08 00:15:17","371",15,0,0,0,"IN_SERVICE",true,true,true,"FIT:15|BATTLE:0|BOOST:0|MUVO:0|EFIT:0",1791429131,1791429302
"2026-10-08 00:15:17","372",7,0,8,0,"IN_SERVICE",true,true,true,"FIT:6|BATTLE:0|BOOST:0|MUVO:0|EFIT:1",1791429160,1791429302
"2026-10-08 00:15:17","373",3,0,11,0,"IN_SERVICE",true,true,true,"FIT:2|BATTLE:0|BOOST:0|MUVO:0|EFIT:1",1791429139,1791429302
"2026-10-08 00:15:17","374",15,1,3,0,"IN_SERVICE",true,true,true,"FIT:15|BATTLE:0|BOOST:0|MUVO:0|EFIT:0",1791429220,1791429302
"2026-10-08 00:15:17","375",2,0,12,1,"IN_SERVICE",true,true,true,"FIT:2|BATTLE:0|BOOST:0|MUVO:0|EFIT:0",1791429194,1791429302
"2026-10-08 00:15:17","376",10,0,1,0,"IN_SERVICE",true,true,true,"FIT:10|BATTLE:0|BOOST:0|MUVO:0|EFIT:0",1791429127,1791429302
"2026-10-08 00:15:17","377",12,0,7,0,"IN_SERVICE",true,true,true,"FIT:12|BATTLE:0|BOOST:0|MUVO:0|EFIT:0",1791429246,1791429302
"2026-10-08 00:15:17","378",15,0,0,0,"IN_SERVICE",true,true,true,"FIT:15|BATTLE:0|BOOST:0|MUVO:0|EFIT:0",1791429223,1791429302
"2026-10-08 00:15:17","379",8,1,8,0,"IN_SERVICE",true,true,true,"FIT:8|BATTLE:0|BOOST:0|MUVO:0|EFIT:0",1791429283,1791429302
"2026-10-08 00:15:17","381",11,0,4,0,"IN_SERVICE",true,true,true,"FIT:11|BATTLE:0|BOOST:0|MUVO:0|EFIT:0",1791429134,1791429302
"2026-10-08 00:15:17","382",10,1,8,0,"IN_SERVICE",true,true,true,"FIT:10|BATTLE:0|BOOST:0|MUVO:0|EFIT:0",1791429186,1791429302
"2026-10-08 00:15:17","383",3,0,8,0,"IN_SERVICE",true,true,true,"FIT:3|BATTLE:0|BOOST:0|MUVO:0|EFIT:0",1791429296,1791429302
"2026-10-08 00:15:17","384",15,0,0,0,"IN_SERVICE",true,true,true,"FIT:15|BATTLE:0|BOOST:0|MUVO:0|EFIT:0",1791429207,1791429302
"2026-10-08 00:15:17","389",0,0,11,0,"IN_SERVICE",true,true,true,"FIT:0|BATTLE:0|BOOST:0|MUVO:0|EFIT:0",1791429158,1791429302
"2026-10-08 00:15:17","391",16,0,1,0,"IN_SERVICE",true,true,true,"FIT:16|BATTLE:0|BOOST:0|MUVO:0|EFIT:0",1791429186,1791429302
"2026-10-08 00:15:17","404",24,1,2,0,"IN_SERVICE",true,true,true,"FIT:21|BATTLE:0|BOOST:0|MUVO:0|EFIT:3",1791429238,1791429302
"2026-10-08 00:15:17","416",0,0,15,0,"IN_SERVICE",true,true,true,"FIT:0|BATTLE:0|BOOST:0|MUVO:0|EFIT:0",1791429226,1791429302
"2026-10-08 00:15:17","417",13,0,1,1,"IN_SERVICE",true,true,true,"FIT:13|BATTLE:0|BOOST:0|MUVO:0|EFIT:0",1791429136,1791429302
"2026-10-08 00:15:17","418",15,2,2,0,"IN_SERVICE",true,true,true,"FIT:6|BATTLE:0|BOOST:0|MUVO:0|EFIT:9",1791429203,1791429302
"2026-10-08 00:15:17","419",3,0,13,3,"IN_SERVICE",true,true,true,"FIT:2|BATTLE:0|BOOST:0|MUVO:0|EFIT:1",1791429173,1791429302
"2026-10-08 00:15:17","421",9,0,13,1,"IN_SERVICE",true,true,true,"FIT:6|BATTLE:0|BOOST:0|MUVO:0|EFIT:3",1791429227,1791429302
"2026-10-08 00:15:17","422",8,1,2,0,"IN_SERVICE",true,true,true,"FIT:8|BATTLE:0|BOOST:0|MUVO:0|EFIT:0",1791429142,1791429302
"2026-10-08 00:15:17","424",17,1,1,0,"IN_SERVICE",true,true,true,"FIT:17|BATTLE:0|BOOST:0|MUVO:0|EFIT:0",1791429128,1791429302
"2026-10-08 00:15:17","425",1,1,25,0,"IN_SERVICE",true,true,true,"FIT:0|BATTLE:0|BOOST:0|MUVO:0|EFIT:1",1791429227,1791429302
"2026-10-08 00:15:17","426",6,0,9,0,"IN_SERVICE",true,true,true,"FIT:3|BATTLE:0|BOOST:0|MUVO:0|EFIT:3",1791429209,1791429302
"2026-10-08 00:15:17","427",8,0,7,0,"IN_SERVICE",true,true,true,"FIT:8|BATTLE:0|BOOST:0|MUVO:0|EFIT:0",1791429290,1791429302
"2026-10-08 00:15:17","429",2,2,11,0,"IN_SERVICE",true,true,true,"FIT:1|BATTLE:0|BOOST:0|MUVO:0|EFIT:1",1791429150,1791429302
"2026-10-08 00:15:17","430",14,0,1,0,"IN_SERVICE",true,true,true,"FIT:1|BATTLE:0|BOOST:0|MUVO:0|EFIT:13",1791429225,1791429302
"2026-10-08 00:15:17","431",7,0,4,0,"IN_SERVICE",true,true,true,"FIT:6|BATTLE:0|BOOST:0|MUVO:0|EFIT:1",1791429233,1791429302
"2026-10-08 00:15:17","432",0,0,11,0,"IN_SERVICE",true,true,true,"FIT:0|BATTLE:0|BOOST:0|MUVO:0|EFIT:0",1791429220,1791429302
"2026-10-08 00:15:17","433",1,0,10,0,"IN_SERVICE",true,true,true,"FIT:0|BATTLE:0|BOOST:0|MUVO:0|EFIT:1",1791429129,1791429302
"2026-10-08 00:15:17","434",6,0,16,1,"IN_SERVICE",true,true,true,"FIT:6|BATTLE:0|BOOST:0|MUVO:0|EFIT:0",1791429188,1791429302
"2026-10-08 00:15:17","435",17,0,2,0,"IN_SERVICE",true,true,true,"FIT:11|BATTLE:0|BOOST:0|MUVO:0|EFIT:6",1791429280,1791429302
"2026-10-08 00:15:17","436",11,0,0,0,"IN_SERVICE",true,true,true,"FIT:8|BATTLE:0|BOOST:0|MUVO:0|EFIT:3",1791429182,1791429302
"2026-10-08 00:15:17","437",11,0,0,0,"IN_SERVICE",true,true,true,"FIT:7|BATTLE:0|BOOST:0|MUVO:0|EFIT:4",1791429223,1791429302
"2026-10-08 00:15:17","438",3,0,7,1,"IN_SERVICE",true,true,true,"FIT:1|BATTLE:0|BOOST:0|MUVO:0|EFIT:2",1791429212,1791429302
"2026-10-08 00:15:17","439",10,0,5,0,"IN_SERVICE",true,true,true,"FIT:10|BATTLE:0|BOOST:0|MUVO:0|EFIT:0",1791429229,1791429302
"2026-10-08 00:15:17","440",0,0,11,0,"IN_SERVICE",true,true,true,"FIT:0|BATTLE:0|BOOST:0|MUVO:0|EFIT:0",1791423341,1791429302
"2026-10-08 00:15:17","442",0,0,11,0,"IN_SERVICE",true,true,true,"FIT:0|BATTLE:0|BOOST:0|MUVO:0|EFIT:0",1791429137,1791429302
"2026-10-08 00:15:17","443",20,0,6,1,"IN_SERVICE",true,true,true,"FIT:20|BATTLE:0|BOOST:0|MUVO:0|EFIT:0",1791429265,1791429302
"2026-10-08 00:15:17","446",14,0,3,0,"IN_SERVICE",true,true,true,"FIT:11|BATTLE:0|BOOST:0|MUVO:0|EFIT:3",1791429161,1791429302
"2026-10-08 00:15:17","448",5,1,4,1,"IN_SERVICE",true,true,true,"FIT:5|BATTLE:0|BOOST:0|MUVO:0|EFIT:0",1791429157,1791429302
"2026-10-08 00:15:17","451",8,1,1,1,"IN_SERVICE",true,true,true,"FIT:8|BATTLE:0|BOOST:0|MUVO:0|EFIT:0",1791429236,1791429302
"2026-10-08 00:15:17","452",9,0,10,0,"IN_SERVICE",true,true,true,"FIT:8|BATTLE:0|BOOST:0|MUVO:0|EFIT:1",1791429188,1791429302
"2026-10-08 00:15:17","454",13,0,2,0,"IN_SERVICE",true,true,true,"FIT:13|BATTLE:0|BOOST:0|MUVO:0|EFIT:0",1791429229,1791429302
"2026-10-08 00:15:17","455",5,0,6,0,"IN_SERVICE",true,true,true,"FIT:4|BATTLE:0|BOOST:0|MUVO:0|EFIT:1",1791429246,1791429302
"2026-10-08 00:15:17","459",15,1,1,0,"IN_SERVICE",true,true,true,"FIT:12|BATTLE:0|BOOST:0|MUVO:0|EFIT:3",1791429247,1791429302
"2026-10-08 00:15:17","460",2,0,21,0,"IN_SERVICE",true,true,true,"FIT:1|BATTLE:0|BOOST:0|MUVO:0|EFIT:1",1791429159,1791429302
"2026-10-08 00:15:17","461",4,0,11,0,"IN_SERVICE",true,true,true,"FIT:4|BATTLE:0|BOOST:0|MUVO:0|EFIT:0",1791429250,1791429302
"2026-10-08 00:15:17","462",3,0,12,0,"IN_SERVICE",true,true,true,"FIT:3|BATTLE:0|BOOST:0|MUVO:0|EFIT:0",1791429296,1791429302
"2026-10-08 00:15:17","463",9,0,6,0,"IN_SERVICE",true,true,true,"FIT:9|BATTLE:0|BOOST:0|MUVO:0|EFIT:0",1791429248,1791429302
"2026-10-08 00:15:17","464",6,0,5,0,"IN_SERVICE",true,true,true,"FIT:3|BATTLE:0|BOOST:0|MUVO:0|EFIT:3",1791429179,1791429302
"2026-10-08 00:15:17","466",17,0,2,0,"IN_SERVICE",true,true,true,"FIT:17|BATTLE:0|BOOST:0|MUVO:0|EFIT:0",1791429283,1791429302
"2026-10-08 00:15:17","467",0,0,15,0,"IN_SERVICE",true,true,true,"FIT:0|BATTLE:0|BOOST:0|MUVO:0|EFIT:0",1791429238,1791429302
"2026-10-08 00:15:17","468",15,0,4,0,"IN_SERVICE",true,true,true,"FIT:13|BATTLE:0|BOOST:0|MUVO:0|EFIT:2",1791429197,1791429302
"2026-10-08 00:15:17","469",16,0,3,0,"IN_SERVICE",true,true,true,"FIT:16|BATTLE:0|BOOST:0|MUVO:0|EFIT:0",1791429252,1791429302
"2026-10-08 00:15:17","470",14,1,4,0,"IN_SERVICE",true,true,true,"FIT:14|BATTLE:0|BOOST:0|MUVO:0|EFIT:0",1791429200,1791429302
"2026-10-08 00:15:17","471",9,1,9,0,"IN_SERVICE",true,true,true,"FIT:6|BATTLE:0|BOOST:0|MUVO:0|EFIT:3",1791429224,1791429302
"2026-10-08 00:15:17","473",11,0,0,0,"IN_SERVICE",true,true,true,"FIT:7|BATTLE:0|BOOST:0|MUVO:0|EFIT:4",1791429186,1791429302
"2026-10-08 00:15:17","474",8,2,5,0,"IN_SERVICE",true,true,true,"FIT:7|BATTLE:0|BOOST:0|MUVO:0|EFIT:1",1791429244,1791429302
"2026-10-08 00:15:17","477",3,0,12,0,"IN_SERVICE",true,true,true,"FIT:1|BATTLE:0|BOOST:0|MUVO:0|EFIT:2",1791429142,1791429302
"2026-10-08 00:15:17","479",16,0,3,0,"IN_SERVICE",true,true,true,"FIT:14|BATTLE:0|BOOST:0|MUVO:0|EFIT:2",1791429275,1791429302
"2026-10-08 00:15:17","487",11,0,0,0,"IN_SERVICE",true,true,true,"FIT:11|BATTLE:0|BOOST:0|MUVO:0|EFIT:0",1791429201,1791429302
"2026-10-08 00:15:17","488",2,0,13,0,"IN_SERVICE",true,true,true,"FIT:2|BATTLE:0|BOOST:0|MUVO:0|EFIT:0",1791429177,1791429302
"2026-10-08 00:15:17","489",1,1,20,1,"IN_SERVICE",true,true,true,"FIT:1|BATTLE:0|BOOST:0|MUVO:0|EFIT:0",1791429269,1791429302
"2026-10-08 00:15:17","490",2,3,6,0,"IN_SERVICE",true,true,true,"FIT:0|BATTLE:0|BOOST:0|MUVO:0|EFIT:2",1791429224,1791429302
"2026-10-08 00:15:17","491",9,0,7,1,"IN_SERVICE",true,true,true,"FIT:8|BATTLE:0|BOOST:0|MUVO:0|EFIT:1",1791429229,1791429302
"2026-10-08 00:15:17","492",2,1,12,0,"IN_SERVICE",true,true,true,"FIT:2|BATTLE:0|BOOST:0|MUVO:0|EFIT:0",1791429257,1791429302
"2026-10-08 00:15:17","493",3,0,14,2,"IN_SERVICE",true,true,true,"FIT:3|BATTLE:0|BOOST:0|MUVO:0|EFIT:0",1791429199,1791429302
"2026-10-08 00:15:17","494",1,1,17,0,"IN_SERVICE",true,true,true,"FIT:1|BATTLE:0|BOOST:0|MUVO:0|EFIT:0",1791429150,1791429302
"2026-10-08 00:15:17","495",19,0,0,0,"IN_SERVICE",true,true,true,"FIT:19|BATTLE:0|BOOST:0|MUVO:0|EFIT:0",1791429170,1791429302
"2026-10-08 00:15:17","497",8,0,7,0,"IN_SERVICE",true,true,true,"FIT:7|BATTLE:0|BOOST:0|MUVO:0|EFIT:1",1791429297,1791429302
"2026-10-08 00:15:17","498",1,0,18,0,"IN_SERVICE",true,true,true,"FIT:1|BATTLE:0|BOOST:0|MUVO:0|EFIT:0",1791429210,1791429302
"2026-10-08 00:15:17","499",1,1,9,0,"IN_SERVICE",true,true,true,"FIT:1|BATTLE:0|BOOST:0|MUVO:0|EFIT:0",1791429147,1791429302
"2026-10-08 00:15:17","500",9,0,2,0,"IN_SERVICE",true,true,true,"FIT:6|BATTLE:0|BOOST:0|MUVO:0|EFIT:3",1791429256,1791429302
"2026-10-08 00:15:17","501",19,0,3,0,"IN_SERVICE",true,true,true,"FIT:19|BATTLE:0|BOOST:0|MUVO:0|EFIT:0",1791429162,1791429302
"2026-10-08 00:15:17","503",21,0,6,0,"IN_SERVICE",true,true,true,"FIT:19|BATTLE:0|BOOST:0|MUVO:0|EFIT:2",1791429145,1791429302
"2026-10-08 00:15:17","504",3,0,8,0,"IN_SERVICE",true,true,true,"FIT:2|BATTLE:0|BOOST:0|MUVO:0|EFIT:1",1791429268,1791429302
"2026-10-08 00:15:17","505",3,0,16,0,"IN_SERVICE",true,true,true,"FIT:3|BATTLE:0|BOOST:0|MUVO:0|EFIT:0",1791429261,1791429302
"2026-10-08 00:15:17","506",11,0,16,0,"IN_SERVICE",true,true,true,"FIT:11|BATTLE:0|BOOST:0|MUVO:0|EFIT:0",1791429269,1791429302
"2026-10-08 00:15:17","508",2,0,17,0,"IN_SERVICE",true,true,true,"FIT:2|BATTLE:0|BOOST:0|MUVO:0|EFIT:0",1791429258,1791429302
"2026-10-08 00:15:17","509",11,0,8,0,"IN_SERVICE",true,true,true,"FIT:11|BATTLE:0|BOOST:0|MUVO:0|EFIT:0",1791429277,1791429302
"2026-10-08 00:15:17","518",4,0,7,0,"IN_SERVICE",true,true,true,"FIT:1|BATTLE:0|BOOST:0|MUVO:0|EFIT:3",1791429123,1791429302
"2026-10-08 00:15:17","519",4,0,11,0,"IN_SERVICE",true,true,true,"FIT:4|BATTLE:0|BOOST:0|MUVO:0|EFIT:0",1791429198,1791429302
"2026-10-08 00:15:17","520",9,0,2,0,"IN_SERVICE",true,true,true,"FIT:5|BATTLE:0|BOOST:0|MUVO:0|EFIT:4",1791429248,1791429302
"2026-10-08 00:15:17","521",12,0,5,0,"IN_SERVICE",true,true,true,"FIT:10|BATTLE:0|BOOST:0|MUVO:0|EFIT:2",1791429168,1791429302
"2026-10-08 00:15:17","522",7,0,12,0,"IN_SERVICE",true,true,true,"FIT:7|BATTLE:0|BOOST:0|MUVO:0|EFIT:0",1791429122,1791429302
"2026-10-08 00:15:17","523",11,0,8,0,"IN_SERVICE",true,true,true,"FIT:10|BATTLE:0|BOOST:0|MUVO:0|EFIT:1",1791429276,1791429302
"2026-10-08 00:15:17","524",8,0,8,0,"IN_SERVICE",true,true,true,"FIT:8|BATTLE:0|BOOST:0|MUVO:0|EFIT:0",1791429183,1791429302
"2026-10-08 00:15:17","525",1,0,18,0,"IN_SERVICE",true,true,true,"FIT:1|BATTLE:0|BOOST:0|MUVO:0|EFIT:0",1791429158,1791429302
"2026-10-08 00:15:17","526",6,0,9,0,"IN_SERVICE",true,true,true,"FIT:6|BATTLE:0|BOOST:0|MUVO:0|EFIT:0",1791429298,1791429302
"2026-10-08 00:15:17","528",8,0,6,1,"IN_SERVICE",true,true,true,"FIT:8|BATTLE:0|BOOST:0|MUVO:0|EFIT:0",1791429209,1791429302
"2026-10-08 00:15:17","529",2,0,13,0,"IN_SERVICE",true,true,true,"FIT:2|BATTLE:0|BOOST:0|MUVO:0|EFIT:0",1791429264,1791429302
"2026-10-08 00:15:17","530",1,0,18,0,"IN_SERVICE",true,true,true,"FIT:1|BATTLE:0|BOOST:0|MUVO:0|EFIT:0",1791429165,1791429302
"2026-10-08 00:15:17","531",1,0,16,0,"IN_SERVICE",true,true,true,"FIT:1|BATTLE:0|BOOST:0|MUVO:0|EFIT:0",1791429299,1791429302
"2026-10-08 00:15:17","536",2,0,9,0,"IN_SERVICE",true,true,true,"FIT:2|BATTLE:0|BOOST:0|MUVO:0|EFIT:0",1791429158,1791429302
"2026-10-08 00:15:17","538",11,0,0,0,"IN_SERVICE",true,true,true,"FIT:11|BATTLE:0|BOOST:0|MUVO:0|EFIT:0",1791429244,1791429302
"2026-10-08 00:15:17","539",11,0,4,0,"IN_SERVICE",true,true,true,"FIT:11|BATTLE:0|BOOST:0|MUVO:0|EFIT:0",1791429196,1791429302
"2026-10-08 00:15:17","540",4,0,11,0,"IN_SERVICE",true,true,true,"FIT:4|BATTLE:0|BOOST:0|MUVO:0|EFIT:0",1791429206,1791429302
"2026-10-08 00:15:17","541",2,0,13,0,"IN_SERVICE",true,true,true,"FIT:2|BATTLE:0|BOOST:0|MUVO:0|EFIT:0",1791429125,1791429302
"2026-10-08 00:15:17","542",8,0,7,0,"IN_SERVICE",true,true,true,"FIT:8|BATTLE:0|BOOST:0|MUVO:0|EFIT:0",1791429202,1791429302
"2026-10-08 00:15:17","543",1,0,14,0,"IN_SERVICE",true,true,true,"FIT:1|BATTLE:0|BOOST:0|MUVO:0|EFIT:0",1791429224,1791429302
"2026-10-08 00:15:17","548",14,0,1,0,"IN_SERVICE",true,true,true,"FIT:14|BATTLE:0|BOOST:0|MUVO:0|EFIT:0",1791429216,1791429302
"2026-10-08 00:15:17","549",2,0,13,0,"IN_SERVICE",true,true,true,"FIT:2|BATTLE:0|BOOST:0|MUVO:0|EFIT:0",1791429230,1791429302
"2026-10-08 00:15:17","551",11,1,3,0,"IN_SERVICE",true,true,true,"FIT:11|BATTLE:0|BOOST:0|MUVO:0|EFIT:0",1791429145,1791429302
"2026-10-08 00:15:17","555",10,0,5,0,"IN_SERVICE",true,true,true,"FIT:9|BATTLE:0|BOOST:0|MUVO:0|EFIT:1",1791429235,1791429302
"2026-10-08 00:15:17","559",21,0,6,0,"IN_SERVICE",true,true,true,"FIT:18|BATTLE:0|BOOST:0|MUVO:0|EFIT:3",1791429202,1791429302
"2026-10-08 00:15:17","565",1,0,14,0,"IN_SERVICE",true,true,true,"FIT:1|BATTLE:0|BOOST:0|MUVO:0|EFIT:0",1791429284,1791429302
"2026-10-08 00:15:17","566",17,0,0,0,"IN_SERVICE",true,true,true,"FIT:16|BATTLE:0|BOOST:0|MUVO:0|EFIT:1",1791429271,1791429302
"2026-10-08 00:15:17","567",1,0,16,0,"IN_SERVICE",true,true,true,"FIT:1|BATTLE:0|BOOST:0|MUVO:0|EFIT:0",1791429197,1791429302
"2026-10-08 00:15:17","570",0,0,11,0,"IN_SERVICE",true,true,true,"FIT:0|BATTLE:0|BOOST:0|MUVO:0|EFIT:0",1791429154,1791429302
"2026-10-08 00:15:17","572",12,0,11,0,"IN_SERVICE",true,true,true,"FIT:12|BATTLE:0|BOOST:0|MUVO:0|EFIT:0",1791429242,1791429302
"2026-10-08 00:15:17","576",9,0,14,0,"IN_SERVICE",true,true,true,"FIT:8|BATTLE:0|BOOST:0|MUVO:0|EFIT:1",1791429272,1791429302
"2026-10-08 00:15:17","577",6,0,9,0,"IN_SERVICE",true,true,true,"FIT:4|BATTLE:0|BOOST:0|MUVO:0|EFIT:2",1791429149,1791429302
"2026-10-08 00:15:17","590",10,0,0,0,"IN_SERVICE",true,true,true,"FIT:10|BATTLE:0|BOOST:0|MUVO:0|EFIT:0",1791429242,1791429302
"2026-10-08 00:15:17","593",12,0,3,0,"IN_SERVICE",true,true,true,"FIT:12|BATTLE:0|BOOST:0|MUVO:0|EFIT:0",1791429276,1791429302
"2026-10-08 00:15:17","594",10,0,9,0,"IN_SERVICE",true,true,true,"FIT:9|BATTLE:0|BOOST:0|MUVO:0|EFIT:1",1791429261,1791429302
"2026-10-08 00:15:17","595",1,0,13,1,"IN_SERVICE",true,true,true,"FIT:0|BATTLE:0|BOOST:0|MUVO:0|EFIT:1",1791429238,1791429302
"2026-10-08 00:15:17","597",11,0,7,1,"IN_SERVICE",true,true,true,"FIT:10|BATTLE:0|BOOST:0|MUVO:0|EFIT:1",1791429275,1791429302
"2026-10-08 00:15:17","598",0,0,9,0,"IN_SERVICE",true,true,true,"FIT:0|BATTLE:0|BOOST:0|MUVO:0|EFIT:0",1791429212,1791429302
"2026-10-08 00:30:23","1",6,0,11,0,"IN_SERVICE",true,true,true,"FIT:6|BATTLE:0|BOOST:0|MUVO:0|EFIT:0",1791430035,1791430212
"2026-10-08 00:30:23","2",11,0,7,1,"IN_SERVICE",true,true,true,"FIT:10|BATTLE:0|BOOST:0|MUVO:0|EFIT:1",1791430080,1791430212
"2026-10-08 00:30:23","3",7,2,10,0,"IN_SERVICE",true,true,true,"FIT:5|BATTLE:0|BOOST:0|MUVO:0|EFIT:2",1791430090,1791430212
"2026-10-08 00:30:23","4",0,0,16,1,"IN_SERVICE",true,true,true,"FIT:0|BATTLE:0|BOOST:0|MUVO:0|EFIT:0",1791430190,1791430212
"2026-10-08 00:30:23","5",4,0,19,0,"IN_SERVICE",true,true,true,"FIT:4|BATTLE:0|BOOST:0|MUVO:0|EFIT:0",1791430129,1791430212
"2026-10-08 00:30:23","6",10,0,8,1,"IN_SERVICE",true,true,true,"FIT:10|BATTLE:0|BOOST:0|MUVO:0|EFIT:0",1791430082,1791430212
"2026-10-08 00:30:23","7",1,0,18,0,"IN_SERVICE",true,true,true,"FIT:1|BATTLE:0|BOOST:0|MUVO:0|EFIT:0",1791430171,1791430212
"2026-10-08 00:30:23","8",3,0,20,0,"IN_SERVICE",true,true,true,"FIT:2|BATTLE:0|BOOST:0|MUVO:0|EFIT:1",1791430173,1791430212
"2026-10-08 00:30:23","9",9,0,14,0,"IN_SERVICE",true,true,true,"FIT:9|BATTLE:0|BOOST:0|MUVO:0|EFIT:0",1791430118,1791430212
"2026-10-08 00:30:23","10",16,0,3,0,"IN_SERVICE",true,true,true,"FIT:16|BATTLE:0|BOOST:0|MUVO:0|EFIT:0",1791430199,1791430212
"2026-10-08 00:30:23","11",9,0,8,0,"IN_SERVICE",true,true,true,"FIT:8|BATTLE:0|BOOST:0|MUVO:0|EFIT:1",1791430089,1791430212
"2026-10-08 00:30:23","12",14,0,5,0,"IN_SERVICE",true,true,true,"FIT:13|BATTLE:0|BOOST:0|MUVO:0|EFIT:1",1791430199,1791430212
"2026-10-08 00:30:23","14",14,0,9,0,"IN_SERVICE",true,true,true,"FIT:11|BATTLE:0|BOOST:0|MUVO:0|EFIT:3",1791430084,1791430212
"2026-10-08 00:30:23","15",12,0,3,0,"IN_SERVICE",true,true,true,"FIT:7|BATTLE:0|BOOST:0|MUVO:0|EFIT:5",1791430053,1791430212
"2026-10-08 00:30:23","16",19,0,4,0,"IN_SERVICE",true,true,true,"FIT:7|BATTLE:0|BOOST:0|MUVO:0|EFIT:12",1791430150,1791430212
"2026-10-08 00:30:23","17",17,0,2,0,"IN_SERVICE",true,true,true,"FIT:12|BATTLE:0|BOOST:0|MUVO:0|EFIT:5",1791430038,1791430212
"2026-10-08 00:30:23","18",13,0,2,0,"IN_SERVICE",true,true,true,"FIT:11|BATTLE:0|BOOST:0|MUVO:0|EFIT:2",1791430078,1791430212
"2026-10-08 00:30:23","19",3,0,8,0,"IN_SERVICE",true,true,true,"FIT:3|BATTLE:0|BOOST:0|MUVO:0|EFIT:0",1791430101,1791430212
"2026-10-08 00:30:23","20",2,0,20,1,"IN_SERVICE",true,true,true,"FIT:1|BATTLE:0|BOOST:0|MUVO:0|EFIT:1",1791430155,1791430212
"2026-10-08 00:30:23","21",8,1,8,0,"IN_SERVICE",true,true,true,"FIT:7|BATTLE:0|BOOST:0|MUVO:0|EFIT:1",1791430167,1791430212
"2026-10-08 00:30:23","22",7,0,8,0,"IN_SERVICE",true,true,true,"FIT:7|BATTLE:0|BOOST:0|MUVO:0|EFIT:0",1791430098,1791430212
"2026-10-08 00:30:23","23",7,1,12,0,"IN_SERVICE",true,true,true,"FIT:6|BATTLE:0|BOOST:0|MUVO:0|EFIT:1",1791430119,1791430212
"2026-10-08 00:30:23","24",0,1,22,0,"IN_SERVICE",true,true,true,"FIT:0|BATTLE:0|BOOST:0|MUVO:0|EFIT:0",1791430142,1791430212
"2026-10-08 00:30:23","25",1,0,18,0,"IN_SERVICE",true,true,true,"FIT:1|BATTLE:0|BOOST:0|MUVO:0|EFIT:0",1791430169,1791430212
"2026-10-08 00:30:23","26",2,0,21,0,"IN_SERVICE",true,true,true,"FIT:1|BATTLE:0|BOOST:0|MUVO:0|EFIT:1",1791430159,1791430212
"2026-10-08 00:30:23","27",10,5,16,0,"IN_SERVICE",true,true,true,"FIT:6|BATTLE:0|BOOST:0|MUVO:0|EFIT:4",1791430132,1791430212
"2026-10-08 00:30:23","28",23,2,3,1,"IN_SERVICE",true,true,true,"FIT:23|BATTLE:0|BOOST:0|MUVO:0|EFIT:0",1791430036,1791430212
"2026-10-08 00:30:23","30",7,0,10,0,"IN_SERVICE",true,true,true,"FIT:6|BATTLE:0|BOOST:0|MUVO:0|EFIT:1",1791430186,1791430212
"2026-10-08 00:30:23","31",2,1,28,0,"IN_SERVICE",true,true,true,"FIT:2|BATTLE:0|BOOST:0|MUVO:0|EFIT:0",1791430044,1791430212
"2026-10-08 00:30:23","32",26,0,1,0,"IN_SERVICE",true,true,true,"FIT:25|BATTLE:0|BOOST:0|MUVO:0|EFIT:1",1791430149,1791430212
"2026-10-08 00:30:23","33",4,2,7,0,"IN_SERVICE",true,true,true,"FIT:4|BATTLE:0|BOOST:0|MUVO:0|EFIT:0",1791430037,1791430212
"2026-10-08 00:30:23","34",1,0,30,0,"IN_SERVICE",true,true,true,"FIT:1|BATTLE:0|BOOST:0|MUVO:0|EFIT:0",1791430158,1791430212
"2026-10-08 00:30:23","35",2,0,33,0,"IN_SERVICE",true,true,true,"FIT:2|BATTLE:0|BOOST:0|MUVO:0|EFIT:0",1791430108,1791430212
"2026-10-08 00:30:23","36",3,0,12,0,"IN_SERVICE",true,true,true,"FIT:3|BATTLE:0|BOOST:0|MUVO:0|EFIT:0",1791430129,1791430212
"2026-10-08 00:30:23","37",3,0,11,0,"IN_SERVICE",true,true,true,"FIT:3|BATTLE:0|BOOST:0|MUVO:0|EFIT:0",1791430194,1791430212
"2026-10-08 00:30:23","38",5,0,26,0,"IN_SERVICE",true,true,true,"FIT:5|BATTLE:0|BOOST:0|MUVO:0|EFIT:0",1791430205,1791430212
"2026-10-08 00:30:23","39",2,0,9,0,"IN_SERVICE",true,true,true,"FIT:1|BATTLE:0|BOOST:0|MUVO:0|EFIT:1",1791430036,1791430212
"2026-10-08 00:30:23","40",8,1,10,0,"IN_SERVICE",true,true,true,"FIT:3|BATTLE:0|BOOST:0|MUVO:0|EFIT:5",1791430040,1791430212
"2026-10-08 00:30:23","41",8,0,11,0,"IN_SERVICE",true,true,true,"FIT:8|BATTLE:0|BOOST:0|MUVO:0|EFIT:0",1791430167,1791430212
"2026-10-08 00:30:23","42",6,0,13,0,"IN_SERVICE",true,true,true,"FIT:6|BATTLE:0|BOOST:0|MUVO:0|EFIT:0",1791430151,1791430212
"2026-10-08 00:30:23","43",3,0,14,0,"IN_SERVICE",true,true,true,"FIT:2|BATTLE:0|BOOST:0|MUVO:0|EFIT:1",1791430075,1791430212
"2026-10-08 00:30:23","44",14,3,2,0,"IN_SERVICE",true,true,true,"FIT:13|BATTLE:0|BOOST:0|MUVO:0|EFIT:1",1791430168,1791430212
"2026-10-08 00:30:23","45",15,1,3,0,"IN_SERVICE",true,true,true,"FIT:15|BATTLE:0|BOOST:0|MUVO:0|EFIT:0",1791430203,1791430212
"2026-10-08 00:30:23","46",1,2,21,0,"IN_SERVICE",true,true,true,"FIT:1|BATTLE:0|BOOST:0|MUVO:0|EFIT:0",1791430035,1791430212
"2026-10-08 00:30:23","47",0,0,15,0,"IN_SERVICE",true,true,true,"FIT:0|BATTLE:0|BOOST:0|MUVO:0|EFIT:0",1791430118,1791430212
"2026-10-08 00:30:23","48",0,0,19,0,"IN_SERVICE",true,true,true,"FIT:0|BATTLE:0|BOOST:0|MUVO:0|EFIT:0",1791430128,1791430212
"2026-10-08 00:30:23","49",1,2,11,0,"IN_SERVICE",true,true,true,"FIT:1|BATTLE:0|BOOST:0|MUVO:0|EFIT:0",1791430173,1791430212
"2026-10-08 00:30:23","50",1,1,20,1,"IN_SERVICE",true,true,true,"FIT:1|BATTLE:0|BOOST:0|MUVO:0|EFIT:0",1791430061,1791430212
"2026-10-08 00:30:23","51",5,0,11,1,"IN_SERVICE",true,true,true,"FIT:5|BATTLE:0|BOOST:0|MUVO:0|EFIT:0",1791430075,1791430212
"2026-10-08 00:30:23","52",3,0,11,1,"IN_SERVICE",true,true,true,"FIT:3|BATTLE:0|BOOST:0|MUVO:0|EFIT:0",1791430151,1791430212
"2026-10-08 00:30:23","53",2,0,9,0,"IN_SERVICE",true,true,true,"FIT:2|BATTLE:0|BOOST:0|MUVO:0|EFIT:0",1791430207,1791430212
"2026-10-08 00:30:23","54",3,1,15,0,"IN_SERVICE",true,true,true,"FIT:2|BATTLE:0|BOOST:0|MUVO:0|EFIT:1",1791430096,1791430212
"2026-10-08 00:30:23","55",3,1,13,0,"IN_SERVICE",true,true,true,"FIT:3|BATTLE:0|BOOST:0|MUVO:0|EFIT:0",1791430175,1791430212
"2026-10-08 00:30:23","56",21,0,2,0,"IN_SERVICE",true,true,true,"FIT:21|BATTLE:0|BOOST:0|MUVO:0|EFIT:0",1791430127,1791430212
"2026-10-08 00:30:23","57",4,0,11,0,"IN_SERVICE",true,true,true,"FIT:4|BATTLE:0|BOOST:0|MUVO:0|EFIT:0",1791430042,1791430212
"2026-10-08 00:30:23","58",15,2,5,1,"IN_SERVICE",true,true,true,"FIT:15|BATTLE:0|BOOST:0|MUVO:0|EFIT:0",1791430063,1791430212
"2026-10-08 00:30:23","59",3,0,8,0,"IN_SERVICE",true,true,true,"FIT:3|BATTLE:0|BOOST:0|MUVO:0|EFIT:0",1791430088,1791430212
"2026-10-08 00:30:23","60",0,3,11,1,"IN_SERVICE",true,true,true,"FIT:0|BATTLE:0|BOOST:0|MUVO:0|EFIT:0",1791430203,1791430212
"2026-10-08 00:30:23","61",15,0,2,0,"IN_SERVICE",true,true,true,"FIT:15|BATTLE:0|BOOST:0|MUVO:0|EFIT:0",1791430205,1791430212
"2026-10-08 00:30:23","62",9,2,4,0,"IN_SERVICE",true,true,true,"FIT:9|BATTLE:0|BOOST:0|MUVO:0|EFIT:0",1791430038,1791430212
"2026-10-08 00:30:23","63",1,0,12,1,"IN_SERVICE",true,true,true,"FIT:1|BATTLE:0|BOOST:0|MUVO:0|EFIT:0",1791430095,1791430212
"2026-10-08 00:30:23","64",0,0,19,0,"IN_SERVICE",true,true,true,"FIT:0|BATTLE:0|BOOST:0|MUVO:0|EFIT:0",1791430161,1791430212
"2026-10-08 00:30:23","65",3,0,18,2,"IN_SERVICE",true,true,true,"FIT:3|BATTLE:0|BOOST:0|MUVO:0|EFIT:0",1791430086,1791430212
"2026-10-08 00:30:23","66",2,0,9,0,"IN_SERVICE",true,true,true,"FIT:2|BATTLE:0|BOOST:0|MUVO:0|EFIT:0",1791430077,1791430212
"2026-10-08 00:30:23","67",14,0,1,0,"IN_SERVICE",true,true,true,"FIT:14|BATTLE:0|BOOST:0|MUVO:0|EFIT:0",1791430082,1791430212
"2026-10-08 00:30:23","68",19,0,4,0,"IN_SERVICE",true,true,true,"FIT:19|BATTLE:0|BOOST:0|MUVO:0|EFIT:0",1791430201,1791430212
"2026-10-08 00:30:23","69",17,0,6,0,"IN_SERVICE",true,true,true,"FIT:15|BATTLE:0|BOOST:0|MUVO:0|EFIT:2",1791430208,1791430212
"2026-10-08 00:30:23","70",20,0,3,0,"IN_SERVICE",true,true,true,"FIT:17|BATTLE:0|BOOST:0|MUVO:0|EFIT:3",1791430073,1791430212
"2026-10-08 00:30:23","71",11,0,8,0,"IN_SERVICE",true,true,true,"FIT:11|BATTLE:0|BOOST:0|MUVO:0|EFIT:0",1791430090,1791430212
"2026-10-08 00:30:23","73",19,0,4,0,"IN_SERVICE",true,true,true,"FIT:14|BATTLE:0|BOOST:0|MUVO:0|EFIT:5",1791430040,1791430212
"2026-10-08 00:30:23","74",14,0,5,0,"IN_SERVICE",true,true,true,"FIT:14|BATTLE:0|BOOST:0|MUVO:0|EFIT:0",1791430090,1791430212
"2026-10-08 00:30:23","75",2,2,11,0,"IN_SERVICE",true,true,true,"FIT:2|BATTLE:0|BOOST:0|MUVO:0|EFIT:0",1791430171,1791430212
"2026-10-08 00:30:23","76",2,1,16,0,"IN_SERVICE",true,true,true,"FIT:1|BATTLE:0|BOOST:0|MUVO:0|EFIT:1",1791430197,1791430212
"2026-10-08 00:30:23","77",3,1,14,0,"IN_SERVICE",true,true,true,"FIT:3|BATTLE:0|BOOST:0|MUVO:0|EFIT:0",1791430068,1791430212
"2026-10-08 00:30:23","78",6,0,5,0,"IN_SERVICE",true,true,true,"FIT:6|BATTLE:0|BOOST:0|MUVO:0|EFIT:0",1791430129,1791430212
"2026-10-08 00:30:23","79",8,0,3,0,"IN_SERVICE",true,true,true,"FIT:6|BATTLE:0|BOOST:0|MUVO:0|EFIT:2",1791430060,1791430212
"2026-10-08 00:30:23","80",17,0,1,0,"IN_SERVICE",true,true,true,"FIT:17|BATTLE:0|BOOST:0|MUVO:0|EFIT:0",1791430171,1791430212
"2026-10-08 00:30:23","81",1,0,13,1,"IN_SERVICE",true,true,true,"FIT:1|BATTLE:0|BOOST:0|MUVO:0|EFIT:0",1791430209,1791430212
"2026-10-08 00:30:23","82",19,2,8,1,"IN_SERVICE",true,true,true,"FIT:19|BATTLE:0|BOOST:0|MUVO:0|EFIT:0",1791430171,1791430212
"2026-10-08 00:30:23","83",13,0,15,3,"IN_SERVICE",true,true,true,"FIT:12|BATTLE:0|BOOST:0|MUVO:0|EFIT:1",1791430141,1791430212
"2026-10-08 00:30:23","84",4,0,11,0,"IN_SERVICE",true,true,true,"FIT:4|BATTLE:0|BOOST:0|MUVO:0|EFIT:0",1791430163,1791430212
"2026-10-08 00:30:23","85",2,0,21,0,"IN_SERVICE",true,true,true,"FIT:2|BATTLE:0|BOOST:0|MUVO:0|EFIT:0",1791430040,1791430212
"2026-10-08 00:30:23","86",9,0,25,1,"IN_SERVICE",true,true,true,"FIT:6|BATTLE:0|BOOST:0|MUVO:0|EFIT:3",1791430121,1791430212
"2026-10-08 00:30:23","87",2,0,16,1,"IN_SERVICE",true,true,true,"FIT:2|BATTLE:0|BOOST:0|MUVO:0|EFIT:0",1791430190,1791430212
"2026-10-08 00:30:23","88",11,0,8,0,"IN_SERVICE",true,true,true,"FIT:0|BATTLE:0|BOOST:0|MUVO:0|EFIT:11",1791430038,1791430212
"2026-10-08 00:30:23","89",6,2,7,1,"IN_SERVICE",true,true,true,"FIT:2|BATTLE:0|BOOST:0|MUVO:0|EFIT:4",1791430115,1791430212
"2026-10-08 00:30:23","90",5,1,6,0,"IN_SERVICE",true,true,true,"FIT:3|BATTLE:0|BOOST:0|MUVO:0|EFIT:2",1791430173,1791430212
"2026-10-08 00:30:23","91",6,1,4,0,"IN_SERVICE",true,true,true,"FIT:2|BATTLE:0|BOOST:0|MUVO:0|EFIT:4",1791430030,1791430212
"2026-10-08 00:30:23","92",5,0,10,0,"IN_SERVICE",true,true,true,"FIT:3|BATTLE:0|BOOST:0|MUVO:0|EFIT:2",1791430088,1791430212
"2026-10-08 00:30:23","93",11,2,2,0,"IN_SERVICE",true,true,true,"FIT:7|BATTLE:0|BOOST:0|MUVO:0|EFIT:4",1791430057,1791430212
"2026-10-08 00:30:23","94",5,1,9,0,"IN_SERVICE",true,true,true,"FIT:4|BATTLE:0|BOOST:0|MUVO:0|EFIT:1",1791430070,1791430212
"2026-10-08 00:30:23","95",11,0,6,0,"IN_SERVICE",true,true,true,"FIT:7|BATTLE:0|BOOST:0|MUVO:0|EFIT:4",1791430034,1791430212
"2026-10-08 00:30:23","96",5,1,13,0,"IN_SERVICE",true,true,true,"FIT:5|BATTLE:0|BOOST:0|MUVO:0|EFIT:0",1791430154,1791430212
"2026-10-08 00:30:23","97",2,0,13,0,"IN_SERVICE",true,true,true,"FIT:2|BATTLE:0|BOOST:0|MUVO:0|EFIT:0",1791430210,1791430212
"2026-10-08 00:30:23","98",0,0,12,2,"IN_SERVICE",true,true,true,"FIT:0|BATTLE:0|BOOST:0|MUVO:0|EFIT:0",1791430084,1791430212
"2026-10-08 00:30:23","99",8,0,3,0,"IN_SERVICE",true,true,true,"FIT:1|BATTLE:0|BOOST:0|MUVO:0|EFIT:7",1791430188,1791430212
"2026-10-08 00:30:23","100",7,3,4,0,"IN_SERVICE",true,true,true,"FIT:5|BATTLE:0|BOOST:0|MUVO:0|EFIT:2",1791430052,1791430212
"2026-10-08 00:30:23","101",6,0,13,0,"IN_SERVICE",true,true,true,"FIT:4|BATTLE:0|BOOST:0|MUVO:0|EFIT:2",1791430143,1791430212
"2026-10-08 00:30:23","102",24,0,3,0,"IN_SERVICE",true,true,true,"FIT:14|BATTLE:0|BOOST:0|MUVO:0|EFIT:10",1791430123,1791430212
"2026-10-08 00:30:23","103",9,0,6,0,"IN_SERVICE",true,true,true,"FIT:6|BATTLE:0|BOOST:0|MUVO:0|EFIT:3",1791430114,1791430212
"2026-10-08 00:30:23","104",11,0,0,0,"IN_SERVICE",true,true,true,"FIT:11|BATTLE:0|BOOST:0|MUVO:0|EFIT:0",1791430199,1791430212
"2026-10-08 00:30:23","105",8,0,8,0,"IN_SERVICE",true,true,true,"FIT:7|BATTLE:0|BOOST:0|MUVO:0|EFIT:1",1791430061,1791430212
"2026-10-08 00:30:23","107",17,0,2,0,"IN_SERVICE",true,true,true,"FIT:9|BATTLE:0|BOOST:0|MUVO:0|EFIT:8",1791430118,1791430212
"2026-10-08 00:30:23","109",35,0,0,0,"IN_SERVICE",true,true,true,"FIT:33|BATTLE:0|BOOST:0|MUVO:0|EFIT:2",1791430169,1791430212
"2026-10-08 00:30:23","111",13,1,4,0,"IN_SERVICE",true,true,true,"FIT:13|BATTLE:0|BOOST:0|MUVO:0|EFIT:0",1791430178,1791430212
"2026-10-08 00:30:23","112",7,1,11,0,"IN_SERVICE",true,true,true,"FIT:6|BATTLE:0|BOOST:0|MUVO:0|EFIT:1",1791430148,1791430212
"2026-10-08 00:30:23","113",12,1,2,0,"IN_SERVICE",true,true,true,"FIT:10|BATTLE:0|BOOST:0|MUVO:0|EFIT:2",1791430195,1791430212
"2026-10-08 00:30:23","114",3,2,16,0,"IN_SERVICE",true,true,true,"FIT:0|BATTLE:0|BOOST:0|MUVO:0|EFIT:3",1791430083,1791430212
"2026-10-08 00:30:23","116",16,1,1,0,"IN_SERVICE",true,true,true,"FIT:15|BATTLE:0|BOOST:0|MUVO:0|EFIT:1",1791430138,1791430212
"2026-10-08 00:30:23","117",24,1,2,0,"IN_SERVICE",true,true,true,"FIT:22|BATTLE:0|BOOST:0|MUVO:0|EFIT:2",1791430041,1791430212
"2026-10-08 00:30:23","118",8,1,6,0,"IN_SERVICE",true,true,true,"FIT:6|BATTLE:0|BOOST:0|MUVO:0|EFIT:2",1791430074,1791430212
"2026-10-08 00:30:23","119",8,0,3,0,"IN_SERVICE",true,true,true,"FIT:7|BATTLE:0|BOOST:0|MUVO:0|EFIT:1",1791430043,1791430212
"2026-10-08 00:30:23","120",13,1,9,0,"IN_SERVICE",true,true,true,"FIT:13|BATTLE:0|BOOST:0|MUVO:0|EFIT:0",1791430129,1791430212
"2026-10-08 00:30:23","121",6,0,17,0,"IN_SERVICE",true,true,true,"FIT:6|BATTLE:0|BOOST:0|MUVO:0|EFIT:0",1791430059,1791430212
"2026-10-08 00:30:23","122",11,0,12,0,"IN_SERVICE",true,true,true,"FIT:11|BATTLE:0|BOOST:0|MUVO:0|EFIT:0",1791430046,1791430212
"2026-10-08 00:30:23","123",5,0,9,0,"IN_SERVICE",true,true,true,"FIT:5|BATTLE:0|BOOST:0|MUVO:0|EFIT:0",1791430089,1791430212
"2026-10-08 00:30:23","124",4,0,11,0,"IN_SERVICE",true,true,true,"FIT:2|BATTLE:0|BOOST:0|MUVO:0|EFIT:2",1791430055,1791430212
"2026-10-08 00:30:23","125",0,0,19,0,"IN_SERVICE",true,true,true,"FIT:0|BATTLE:0|BOOST:0|MUVO:0|EFIT:0",1791430090,1791430212
"2026-10-08 00:30:23","126",5,0,10,0,"IN_SERVICE",true,true,true,"FIT:2|BATTLE:0|BOOST:0|MUVO:0|EFIT:3",1791430194,1791430212
"2026-10-08 00:30:23","127",15,0,0,0,"IN_SERVICE",true,true,true,"FIT:13|BATTLE:0|BOOST:0|MUVO:0|EFIT:2",1791430043,1791430212
"2026-10-08 00:30:23","128",11,0,8,0,"IN_SERVICE",true,true,true,"FIT:7|BATTLE:0|BOOST:0|MUVO:0|EFIT:4",1791430043,1791430212
"2026-10-08 00:30:23","129",0,0,11,0,"IN_SERVICE",true,true,true,"FIT:0|BATTLE:0|BOOST:0|MUVO:0|EFIT:0",1791430193,1791430212
"2026-10-08 00:30:23","131",13,1,9,0,"IN_SERVICE",true,true,true,"FIT:13|BATTLE:0|BOOST:0|MUVO:0|EFIT:0",1791430036,1791430212
"2026-10-08 00:30:23","132",7,0,12,0,"IN_SERVICE",true,true,true,"FIT:7|BATTLE:0|BOOST:0|MUVO:0|EFIT:0",1791430087,1791430212
"2026-10-08 00:30:23","133",0,0,15,0,"IN_SERVICE",true,true,true,"FIT:0|BATTLE:0|BOOST:0|MUVO:0|EFIT:0",1791430097,1791430212
"2026-10-08 00:30:23","134",1,0,22,0,"IN_SERVICE",true,true,true,"FIT:1|BATTLE:0|BOOST:0|MUVO:0|EFIT:0",1791430116,1791430212
"2026-10-08 00:30:23","136",6,0,8,1,"IN_SERVICE",true,true,true,"FIT:2|BATTLE:0|BOOST:0|MUVO:0|EFIT:4",1791430110,1791430212
"2026-10-08 00:30:23","137",11,0,8,0,"IN_SERVICE",true,true,true,"FIT:9|BATTLE:0|BOOST:0|MUVO:0|EFIT:2",1791430063,1791430212
"2026-10-08 00:30:23","138",10,0,4,1,"IN_SERVICE",true,true,true,"FIT:8|BATTLE:0|BOOST:0|MUVO:0|EFIT:2",1791430109,1791430212
"2026-10-08 00:30:23","139",13,0,10,0,"IN_SERVICE",true,true,true,"FIT:13|BATTLE:0|BOOST:0|MUVO:0|EFIT:0",1791430036,1791430212
"2026-10-08 00:30:23","140",18,0,10,1,"IN_SERVICE",true,true,true,"FIT:11|BATTLE:0|BOOST:0|MUVO:0|EFIT:7",1791430121,1791430212
"2026-10-08 00:30:23","141",6,0,9,0,"IN_SERVICE",true,true,true,"FIT:6|BATTLE:0|BOOST:0|MUVO:0|EFIT:0",1791430117,1791430212
"2026-10-08 00:30:23","142",18,0,1,0,"IN_SERVICE",true,true,true,"FIT:17|BATTLE:0|BOOST:0|MUVO:0|EFIT:1",1791430204,1791430212
"2026-10-08 00:30:23","143",2,0,12,1,"IN_SERVICE",true,true,true,"FIT:1|BATTLE:0|BOOST:0|MUVO:0|EFIT:1",1791430123,1791430212
"2026-10-08 00:30:23","145",16,0,3,0,"IN_SERVICE",true,true,true,"FIT:11|BATTLE:0|BOOST:0|MUVO:0|EFIT:5",1791430147,1791430212
"2026-10-08 00:30:23","146",1,1,13,0,"IN_SERVICE",true,true,true,"FIT:0|BATTLE:0|BOOST:0|MUVO:0|EFIT:1",1791430054,1791430212
"2026-10-08 00:30:23","148",6,0,9,0,"IN_SERVICE",true,true,true,"FIT:5|BATTLE:0|BOOST:0|MUVO:0|EFIT:1",1791430131,1791430212
"2026-10-08 00:30:23","149",0,0,15,0,"IN_SERVICE",true,true,true,"FIT:0|BATTLE:0|BOOST:0|MUVO:0|EFIT:0",1791430136,1791430212
"2026-10-08 00:30:23","150",12,1,3,0,"IN_SERVICE",true,true,true,"FIT:11|BATTLE:0|BOOST:0|MUVO:0|EFIT:1",1791430132,1791430212
"2026-10-08 00:30:23","152",6,0,5,0,"IN_SERVICE",true,true,true,"FIT:2|BATTLE:0|BOOST:0|MUVO:0|EFIT:4",1791430158,1791430212
"2026-10-08 00:30:23","153",1,0,18,0,"IN_SERVICE",true,true,true,"FIT:1|BATTLE:0|BOOST:0|MUVO:0|EFIT:0",1791430086,1791430212
"2026-10-08 00:30:23","154",9,1,7,0,"IN_SERVICE",true,true,true,"FIT:8|BATTLE:0|BOOST:0|MUVO:0|EFIT:1",1791430155,1791430212
"2026-10-08 00:30:23","155",14,2,3,0,"IN_SERVICE",true,true,true,"FIT:14|BATTLE:0|BOOST:0|MUVO:0|EFIT:0",1791430038,1791430212
"2026-10-08 00:30:23","157",4,0,15,0,"IN_SERVICE",true,true,true,"FIT:4|BATTLE:0|BOOST:0|MUVO:0|EFIT:0",1791430161,1791430212
"2026-10-08 00:30:23","158",12,1,6,0,"IN_SERVICE",true,true,true,"FIT:12|BATTLE:0|BOOST:0|MUVO:0|EFIT:0",1791430050,1791430212
"2026-10-08 00:30:23","159",2,1,12,0,"IN_SERVICE",true,true,true,"FIT:2|BATTLE:0|BOOST:0|MUVO:0|EFIT:0",1791430110,1791430212
"2026-10-08 00:30:23","160",4,0,9,0,"IN_SERVICE",true,true,true,"FIT:4|BATTLE:0|BOOST:0|MUVO:0|EFIT:0",1791430122,1791430212
"2026-10-08 00:30:23","161",1,0,10,0,"IN_SERVICE",true,true,true,"FIT:1|BATTLE:0|BOOST:0|MUVO:0|EFIT:0",1791430165,1791430212
"2026-10-08 00:30:23","162",1,1,15,0,"IN_SERVICE",true,true,true,"FIT:1|BATTLE:0|BOOST:0|MUVO:0|EFIT:0",1791430066,1791430212
"2026-10-08 00:30:23","163",10,0,7,0,"IN_SERVICE",true,true,true,"FIT:9|BATTLE:0|BOOST:0|MUVO:0|EFIT:1",1791430050,1791430212
"2026-10-08 00:30:23","164",2,0,15,0,"IN_SERVICE",true,true,true,"FIT:2|BATTLE:0|BOOST:0|MUVO:0|EFIT:0",1791430194,1791430212
"2026-10-08 00:30:23","165",0,0,15,0,"IN_SERVICE",true,true,true,"FIT:0|BATTLE:0|BOOST:0|MUVO:0|EFIT:0",1791430196,1791430212
"2026-10-08 00:30:23","166",1,1,9,0,"IN_SERVICE",true,true,true,"FIT:1|BATTLE:0|BOOST:0|MUVO:0|EFIT:0",1791430063,1791430212
"2026-10-08 00:30:23","167",0,1,29,1,"IN_SERVICE",true,true,true,"FIT:0|BATTLE:0|BOOST:0|MUVO:0|EFIT:0",1791430059,1791430212
"2026-10-08 00:30:23","168",0,0,19,0,"IN_SERVICE",true,true,true,"FIT:0|BATTLE:0|BOOST:0|MUVO:0|EFIT:0",1791430083,1791430212
"2026-10-08 00:30:23","169",9,1,5,0,"IN_SERVICE",true,true,true,"FIT:8|BATTLE:0|BOOST:0|MUVO:0|EFIT:1",1791430182,1791430212
"2026-10-08 00:30:23","170",3,1,10,0,"IN_SERVICE",true,true,true,"FIT:3|BATTLE:0|BOOST:0|MUVO:0|EFIT:0",1791430124,1791430212
"2026-10-08 00:30:23","171",0,0,10,1,"IN_SERVICE",true,true,true,"FIT:0|BATTLE:0|BOOST:0|MUVO:0|EFIT:0",1791430112,1791430212
"2026-10-08 00:30:23","172",8,2,1,0,"IN_SERVICE",true,true,true,"FIT:8|BATTLE:0|BOOST:0|MUVO:0|EFIT:0",1791430038,1791430212
"2026-10-08 00:30:23","173",9,0,5,1,"IN_SERVICE",true,true,true,"FIT:9|BATTLE:0|BOOST:0|MUVO:0|EFIT:0",1791430161,1791430212
"2026-10-08 00:30:23","174",11,0,4,0,"IN_SERVICE",true,true,true,"FIT:11|BATTLE:0|BOOST:0|MUVO:0|EFIT:0",1791430030,1791430212
"2026-10-08 00:30:23","175",21,0,1,0,"IN_SERVICE",true,true,true,"FIT:21|BATTLE:0|BOOST:0|MUVO:0|EFIT:0",1791430087,1791430212
"2026-10-08 00:30:23","176",13,0,2,0,"IN_SERVICE",true,true,true,"FIT:13|BATTLE:0|BOOST:0|MUVO:0|EFIT:0",1791430202,1791430212
"2026-10-08 00:30:23","177",6,0,9,0,"IN_SERVICE",true,true,true,"FIT:6|BATTLE:0|BOOST:0|MUVO:0|EFIT:0",1791430103,1791430212
"2026-10-08 00:30:23","178",15,0,3,1,"IN_SERVICE",true,true,true,"FIT:15|BATTLE:0|BOOST:0|MUVO:0|EFIT:0",1791430211,1791430212
"2026-10-08 00:30:23","179",4,0,15,0,"IN_SERVICE",true,true,true,"FIT:4|BATTLE:0|BOOST:0|MUVO:0|EFIT:0",1791430206,1791430212
"2026-10-08 00:30:23","180",9,0,6,0,"IN_SERVICE",true,true,true,"FIT:9|BATTLE:0|BOOST:0|MUVO:0|EFIT:0",1791430075,1791430212
"2026-10-08 00:30:23","181",4,0,11,0,"IN_SERVICE",true,true,true,"FIT:4|BATTLE:0|BOOST:0|MUVO:0|EFIT:0",1791430079,1791430212
"2026-10-08 00:30:23","182",13,0,6,0,"IN_SERVICE",true,true,true,"FIT:13|BATTLE:0|BOOST:0|MUVO:0|EFIT:0",1791430193,1791430212
"2026-10-08 00:30:23","183",1,0,18,0,"IN_SERVICE",true,true,true,"FIT:1|BATTLE:0|BOOST:0|MUVO:0|EFIT:0",1791430081,1791430212
"2026-10-08 00:30:23","184",5,0,14,0,"IN_SERVICE",true,true,true,"FIT:4|BATTLE:0|BOOST:0|MUVO:0|EFIT:1",1791430123,1791430212
"2026-10-08 00:30:23","185",8,1,9,0,"IN_SERVICE",true,true,true,"FIT:8|BATTLE:0|BOOST:0|MUVO:0|EFIT:0",1791430028,1791430212
"2026-10-08 00:30:23","186",7,0,4,0,"IN_SERVICE",true,true,true,"FIT:7|BATTLE:0|BOOST:0|MUVO:0|EFIT:0",1791430153,1791430212
"2026-10-08 00:30:23","187",1,0,16,0,"IN_SERVICE",true,true,true,"FIT:1|BATTLE:0|BOOST:0|MUVO:0|EFIT:0",1791430145,1791430212
"2026-10-08 00:30:23","188",1,0,16,0,"IN_SERVICE",true,true,true,"FIT:1|BATTLE:0|BOOST:0|MUVO:0|EFIT:0",1791430206,1791430212
"2026-10-08 00:30:23","189",10,0,5,0,"IN_SERVICE",true,true,true,"FIT:10|BATTLE:0|BOOST:0|MUVO:0|EFIT:0",1791430034,1791430212
"2026-10-08 00:30:23","190",2,0,28,1,"IN_SERVICE",true,true,true,"FIT:2|BATTLE:0|BOOST:0|MUVO:0|EFIT:0",1791430077,1791430212
"2026-10-08 00:30:23","192",3,0,7,0,"IN_SERVICE",true,true,true,"FIT:3|BATTLE:0|BOOST:0|MUVO:0|EFIT:0",1791430154,1791430212
"2026-10-08 00:30:23","193",0,0,0,0,"IN_SERVICE",true,true,true,"FIT:0|BATTLE:0|BOOST:0|MUVO:0|EFIT:0",1791430164,1791430212
"2026-10-08 00:30:23","194",6,0,11,0,"IN_SERVICE",true,true,true,"FIT:6|BATTLE:0|BOOST:0|MUVO:0|EFIT:0",1791430163,1791430212
"2026-10-08 00:30:23","195",15,0,0,0,"IN_SERVICE",true,true,true,"FIT:15|BATTLE:0|BOOST:0|MUVO:0|EFIT:0",1791430163,1791430212
"2026-10-08 00:30:23","196",7,1,7,0,"IN_SERVICE",true,true,true,"FIT:7|BATTLE:0|BOOST:0|MUVO:0|EFIT:0",1791430112,1791430212
"2026-10-08 00:30:23","197",5,1,8,1,"IN_SERVICE",true,true,true,"FIT:5|BATTLE:0|BOOST:0|MUVO:0|EFIT:0",1791430158,1791430212
"2026-10-08 00:30:23","198",11,0,4,0,"IN_SERVICE",true,true,true,"FIT:10|BATTLE:0|BOOST:0|MUVO:0|EFIT:1",1791430154,1791430212
"2026-10-08 00:30:23","199",10,0,17,0,"IN_SERVICE",true,true,true,"FIT:9|BATTLE:0|BOOST:0|MUVO:0|EFIT:1",1791430092,1791430212
"2026-10-08 00:30:23","200",9,0,6,0,"IN_SERVICE",true,true,true,"FIT:9|BATTLE:0|BOOST:0|MUVO:0|EFIT:0",1791430042,1791430212
"2026-10-08 00:30:23","201",8,1,6,0,"IN_SERVICE",true,true,true,"FIT:8|BATTLE:0|BOOST:0|MUVO:0|EFIT:0",1791430097,1791430212
"2026-10-08 00:30:23","202",2,1,16,0,"IN_SERVICE",true,true,true,"FIT:2|BATTLE:0|BOOST:0|MUVO:0|EFIT:0",1791430169,1791430212
"2026-10-08 00:30:23","203",1,1,17,0,"IN_SERVICE",true,true,true,"FIT:1|BATTLE:0|BOOST:0|MUVO:0|EFIT:0",1791430034,1791430212
"2026-10-08 00:30:23","204",0,0,17,0,"IN_SERVICE",true,true,true,"FIT:0|BATTLE:0|BOOST:0|MUVO:0|EFIT:0",1791430114,1791430212
"2026-10-08 00:30:23","205",0,0,17,0,"IN_SERVICE",true,true,true,"FIT:0|BATTLE:0|BOOST:0|MUVO:0|EFIT:0",1791430090,1791430212
"2026-10-08 00:30:23","206",2,0,13,0,"IN_SERVICE",true,true,true,"FIT:2|BATTLE:0|BOOST:0|MUVO:0|EFIT:0",1791430165,1791430212
"2026-10-08 00:30:23","207",0,0,23,0,"IN_SERVICE",true,true,true,"FIT:0|BATTLE:0|BOOST:0|MUVO:0|EFIT:0",1791430039,1791430212
"2026-10-08 00:30:23","208",1,1,16,0,"IN_SERVICE",true,true,true,"FIT:1|BATTLE:0|BOOST:0|MUVO:0|EFIT:0",1791430085,1791430212
"2026-10-08 00:30:23","209",0,0,19,0,"IN_SERVICE",true,true,true,"FIT:0|BATTLE:0|BOOST:0|MUVO:0|EFIT:0",1791430147,1791430212
"2026-10-08 00:30:23","210",9,0,20,0,"IN_SERVICE",true,true,true,"FIT:9|BATTLE:0|BOOST:0|MUVO:0|EFIT:0",1791430101,1791430212
"2026-10-08 00:30:23","212",0,0,14,1,"IN_SERVICE",true,true,true,"FIT:0|BATTLE:0|BOOST:0|MUVO:0|EFIT:0",1791430154,1791430212
"2026-10-08 00:30:23","213",0,0,19,0,"IN_SERVICE",true,true,true,"FIT:0|BATTLE:0|BOOST:0|MUVO:0|EFIT:0",1791430073,1791430212
"2026-10-08 00:30:23","214",3,0,18,0,"IN_SERVICE",true,true,true,"FIT:3|BATTLE:0|BOOST:0|MUVO:0|EFIT:0",1791430179,1791430212
"2026-10-08 00:30:23","215",0,0,22,1,"IN_SERVICE",true,true,true,"FIT:0|BATTLE:0|BOOST:0|MUVO:0|EFIT:0",1791430040,1791430212
"2026-10-08 00:30:23","217",7,0,8,0,"IN_SERVICE",true,true,true,"FIT:7|BATTLE:0|BOOST:0|MUVO:0|EFIT:0",1791430074,1791430212
"2026-10-08 00:30:23","220",2,0,17,0,"IN_SERVICE",true,true,true,"FIT:1|BATTLE:0|BOOST:0|MUVO:0|EFIT:1",1791430195,1791430212
"2026-10-08 00:30:23","221",13,0,2,0,"IN_SERVICE",true,true,true,"FIT:13|BATTLE:0|BOOST:0|MUVO:0|EFIT:0",1791430103,1791430212
"2026-10-08 00:30:23","222",12,0,3,0,"IN_SERVICE",true,true,true,"FIT:11|BATTLE:0|BOOST:0|MUVO:0|EFIT:1",1791430099,1791430212
"2026-10-08 00:30:23","223",13,0,4,0,"IN_SERVICE",true,true,true,"FIT:13|BATTLE:0|BOOST:0|MUVO:0|EFIT:0",1791430148,1791430212
"2026-10-08 00:30:23","224",0,0,15,0,"IN_SERVICE",true,true,true,"FIT:0|BATTLE:0|BOOST:0|MUVO:0|EFIT:0",1791430079,1791430212
"2026-10-08 00:30:23","225",3,0,8,0,"IN_SERVICE",true,true,true,"FIT:3|BATTLE:0|BOOST:0|MUVO:0|EFIT:0",1791430147,1791430212
"2026-10-08 00:30:23","226",21,0,2,0,"IN_SERVICE",true,true,true,"FIT:21|BATTLE:0|BOOST:0|MUVO:0|EFIT:0",1791430109,1791430212
"2026-10-08 00:30:23","228",4,0,13,2,"IN_SERVICE",true,true,true,"FIT:4|BATTLE:0|BOOST:0|MUVO:0|EFIT:0",1791430058,1791430212
"2026-10-08 00:30:23","229",10,1,5,1,"IN_SERVICE",true,true,true,"FIT:8|BATTLE:0|BOOST:0|MUVO:0|EFIT:2",1791430031,1791430212
"2026-10-08 00:30:23","230",18,0,1,0,"IN_SERVICE",true,true,true,"FIT:18|BATTLE:0|BOOST:0|MUVO:0|EFIT:0",1791430168,1791430212
"2026-10-08 00:30:23","231",8,0,7,0,"IN_SERVICE",true,true,true,"FIT:8|BATTLE:0|BOOST:0|MUVO:0|EFIT:0",1791430160,1791430212
"2026-10-08 00:30:23","232",16,4,9,0,"IN_SERVICE",true,true,true,"FIT:16|BATTLE:0|BOOST:0|MUVO:0|EFIT:0",1791430074,1791430212
"2026-10-08 00:30:23","233",13,1,17,0,"IN_SERVICE",true,true,true,"FIT:13|BATTLE:0|BOOST:0|MUVO:0|EFIT:0",1791430103,1791430212
"2026-10-08 00:30:23","234",4,1,10,0,"IN_SERVICE",true,true,true,"FIT:3|BATTLE:0|BOOST:0|MUVO:0|EFIT:1",1791430137,1791430212
"2026-10-08 00:30:23","235",1,0,13,1,"IN_SERVICE",true,true,true,"FIT:1|BATTLE:0|BOOST:0|MUVO:0|EFIT:0",1791430199,1791430212
"2026-10-08 00:30:23","236",4,1,10,0,"IN_SERVICE",true,true,true,"FIT:4|BATTLE:0|BOOST:0|MUVO:0|EFIT:0",1791430105,1791430212
"2026-10-08 00:30:23","237",1,0,13,0,"IN_SERVICE",true,true,true,"FIT:1|BATTLE:0|BOOST:0|MUVO:0|EFIT:0",1791430063,1791430212
"2026-10-08 00:30:23","238",2,0,12,0,"IN_SERVICE",true,true,true,"FIT:2|BATTLE:0|BOOST:0|MUVO:0|EFIT:0",1791430171,1791430212
"2026-10-08 00:30:23","239",0,0,15,0,"IN_SERVICE",true,true,true,"FIT:0|BATTLE:0|BOOST:0|MUVO:0|EFIT:0",1791430204,1791430212
"2026-10-08 00:30:23","240",3,0,11,0,"IN_SERVICE",true,true,true,"FIT:3|BATTLE:0|BOOST:0|MUVO:0|EFIT:0",1791430167,1791430212
"2026-10-08 00:30:23","241",3,0,12,0,"IN_SERVICE",true,true,true,"FIT:3|BATTLE:0|BOOST:0|MUVO:0|EFIT:0",1791430192,1791430212
"2026-10-08 00:30:23","242",4,1,8,0,"IN_SERVICE",true,true,true,"FIT:4|BATTLE:0|BOOST:0|MUVO:0|EFIT:0",1791430182,1791430212
"2026-10-08 00:30:23","244",1,0,10,0,"IN_SERVICE",true,true,true,"FIT:1|BATTLE:0|BOOST:0|MUVO:0|EFIT:0",1791430055,1791430212
"2026-10-08 00:30:23","246",10,1,4,0,"IN_SERVICE",true,true,true,"FIT:10|BATTLE:0|BOOST:0|MUVO:0|EFIT:0",1791430208,1791430212
"2026-10-08 00:30:23","247",8,0,10,0,"IN_SERVICE",true,true,true,"FIT:8|BATTLE:0|BOOST:0|MUVO:0|EFIT:0",1791429612,1791430212
"2026-10-08 00:30:23","248",5,0,10,0,"IN_SERVICE",true,true,true,"FIT:5|BATTLE:0|BOOST:0|MUVO:0|EFIT:0",1791430054,1791430212
"2026-10-08 00:30:23","250",2,0,9,0,"IN_SERVICE",true,true,true,"FIT:2|BATTLE:0|BOOST:0|MUVO:0|EFIT:0",1791430204,1791430212
"2026-10-08 00:30:23","252",1,1,17,0,"IN_SERVICE",true,true,true,"FIT:1|BATTLE:0|BOOST:0|MUVO:0|EFIT:0",1791430041,1791430212
"2026-10-08 00:30:23","253",7,0,4,0,"IN_SERVICE",true,true,true,"FIT:7|BATTLE:0|BOOST:0|MUVO:0|EFIT:0",1791430182,1791430212
"2026-10-08 00:30:23","254",0,1,10,0,"IN_SERVICE",true,true,true,"FIT:0|BATTLE:0|BOOST:0|MUVO:0|EFIT:0",1791430112,1791430212
"2026-10-08 00:30:23","255",0,0,11,0,"IN_SERVICE",true,true,true,"FIT:0|BATTLE:0|BOOST:0|MUVO:0|EFIT:0",1791430167,1791430212
"2026-10-08 00:30:23","256",12,0,3,0,"IN_SERVICE",true,true,true,"FIT:11|BATTLE:0|BOOST:0|MUVO:0|EFIT:1",1791430126,1791430212
"2026-10-08 00:30:23","257",10,1,13,0,"IN_SERVICE",true,true,true,"FIT:10|BATTLE:0|BOOST:0|MUVO:0|EFIT:0",1791430211,1791430212
"2026-10-08 00:30:23","259",9,2,6,0,"IN_SERVICE",true,true,true,"FIT:9|BATTLE:0|BOOST:0|MUVO:0|EFIT:0",1791430144,1791430212
"2026-10-08 00:30:23","260",2,0,25,0,"IN_SERVICE",true,true,true,"FIT:2|BATTLE:0|BOOST:0|MUVO:0|EFIT:0",1791430193,1791430212
"2026-10-08 00:30:23","261",4,0,11,0,"IN_SERVICE",true,true,true,"FIT:4|BATTLE:0|BOOST:0|MUVO:0|EFIT:0",1791430168,1791430212
"2026-10-08 00:30:23","262",11,0,3,1,"IN_SERVICE",true,true,true,"FIT:11|BATTLE:0|BOOST:0|MUVO:0|EFIT:0",1791430043,1791430212
"2026-10-08 00:30:23","263",1,1,9,0,"IN_SERVICE",true,true,true,"FIT:1|BATTLE:0|BOOST:0|MUVO:0|EFIT:0",1791430163,1791430212
"2026-10-08 00:30:23","271",4,0,7,0,"IN_SERVICE",true,true,true,"FIT:4|BATTLE:0|BOOST:0|MUVO:0|EFIT:0",1791430174,1791430212
"2026-10-08 00:30:23","273",1,0,15,1,"IN_SERVICE",true,true,true,"FIT:1|BATTLE:0|BOOST:0|MUVO:0|EFIT:0",1791430190,1791430212
"2026-10-08 00:30:23","285",1,0,8,2,"IN_SERVICE",true,true,true,"FIT:1|BATTLE:0|BOOST:0|MUVO:0|EFIT:0",1791430211,1791430212
"2026-10-08 00:30:23","287",4,0,7,0,"IN_SERVICE",true,true,true,"FIT:4|BATTLE:0|BOOST:0|MUVO:0|EFIT:0",1791430031,1791430212
"2026-10-08 00:30:23","290",4,0,7,0,"IN_SERVICE",true,true,true,"FIT:4|BATTLE:0|BOOST:0|MUVO:0|EFIT:0",1791430031,1791430212
"2026-10-08 00:30:23","293",4,0,15,0,"IN_SERVICE",true,true,true,"FIT:4|BATTLE:0|BOOST:0|MUVO:0|EFIT:0",1791430029,1791430212
"2026-10-08 00:30:23","295",6,0,13,0,"IN_SERVICE",true,true,true,"FIT:6|BATTLE:0|BOOST:0|MUVO:0|EFIT:0",1791430063,1791430212
"2026-10-08 00:30:23","299",4,0,7,0,"IN_SERVICE",true,true,true,"FIT:4|BATTLE:0|BOOST:0|MUVO:0|EFIT:0",1791430134,1791430212
"2026-10-08 00:30:23","304",6,0,5,0,"IN_SERVICE",true,true,true,"FIT:6|BATTLE:0|BOOST:0|MUVO:0|EFIT:0",1791430072,1791430212
"2026-10-08 00:30:23","313",6,0,5,0,"IN_SERVICE",true,true,true,"FIT:1|BATTLE:0|BOOST:0|MUVO:0|EFIT:5",1791430145,1791430212
"2026-10-08 00:30:23","314",17,0,0,0,"IN_SERVICE",true,true,true,"FIT:17|BATTLE:0|BOOST:0|MUVO:0|EFIT:0",1791430127,1791430212
"2026-10-08 00:30:23","329",9,0,8,0,"IN_SERVICE",true,true,true,"FIT:9|BATTLE:0|BOOST:0|MUVO:0|EFIT:0",1791430121,1791430212
"2026-10-08 00:30:23","330",1,1,10,0,"IN_SERVICE",true,true,true,"FIT:1|BATTLE:0|BOOST:0|MUVO:0|EFIT:0",1791430122,1791430212
"2026-10-08 00:30:23","336",10,0,7,0,"IN_SERVICE",true,true,true,"FIT:10|BATTLE:0|BOOST:0|MUVO:0|EFIT:0",1791430062,1791430212
"2026-10-08 00:30:23","337",14,0,5,0,"IN_SERVICE",true,true,true,"FIT:14|BATTLE:0|BOOST:0|MUVO:0|EFIT:0",1791430047,1791430212
"2026-10-08 00:30:23","338",17,0,6,0,"IN_SERVICE",true,true,true,"FIT:16|BATTLE:0|BOOST:0|MUVO:0|EFIT:1",1791430077,1791430212
"2026-10-08 00:30:23","339",7,2,7,1,"IN_SERVICE",true,true,true,"FIT:7|BATTLE:0|BOOST:0|MUVO:0|EFIT:0",1791430066,1791430212
"2026-10-08 00:30:23","340",14,0,1,0,"IN_SERVICE",true,true,true,"FIT:14|BATTLE:0|BOOST:0|MUVO:0|EFIT:0",1791430186,1791430212
"2026-10-08 00:30:23","342",2,0,9,0,"IN_SERVICE",true,true,true,"FIT:2|BATTLE:0|BOOST:0|MUVO:0|EFIT:0",1791430189,1791430212
"2026-10-08 00:30:23","343",8,0,7,0,"IN_SERVICE",true,true,true,"FIT:8|BATTLE:0|BOOST:0|MUVO:0|EFIT:0",1791430153,1791430212
"2026-10-08 00:30:23","344",1,0,14,0,"IN_SERVICE",true,true,true,"FIT:1|BATTLE:0|BOOST:0|MUVO:0|EFIT:0",1791430107,1791430212
"2026-10-08 00:30:23","345",3,0,24,0,"IN_SERVICE",true,true,true,"FIT:3|BATTLE:0|BOOST:0|MUVO:0|EFIT:0",1791430140,1791430212
"2026-10-08 00:30:23","346",26,0,3,2,"IN_SERVICE",true,true,true,"FIT:25|BATTLE:0|BOOST:0|MUVO:0|EFIT:1",1791430164,1791430212
"2026-10-08 00:30:23","347",7,0,20,0,"IN_SERVICE",true,true,true,"FIT:7|BATTLE:0|BOOST:0|MUVO:0|EFIT:0",1791430120,1791430212
"2026-10-08 00:30:23","349",7,0,8,0,"IN_SERVICE",true,true,true,"FIT:1|BATTLE:0|BOOST:0|MUVO:0|EFIT:6",1791430046,1791430212
"2026-10-08 00:30:23","350",21,0,2,0,"IN_SERVICE",true,true,true,"FIT:21|BATTLE:0|BOOST:0|MUVO:0|EFIT:0",1791430183,1791430212
"2026-10-08 00:30:23","351",3,0,16,0,"IN_SERVICE",true,true,true,"FIT:3|BATTLE:0|BOOST:0|MUVO:0|EFIT:0",1791430111,1791430212
"2026-10-08 00:30:23","352",11,0,0,0,"IN_SERVICE",true,true,true,"FIT:11|BATTLE:0|BOOST:0|MUVO:0|EFIT:0",1791430115,1791430212
"2026-10-08 00:30:23","353",11,0,4,0,"IN_SERVICE",true,true,true,"FIT:11|BATTLE:0|BOOST:0|MUVO:0|EFIT:0",1791430049,1791430212
"2026-10-08 00:30:23","354",8,2,0,1,"IN_SERVICE",true,true,true,"FIT:8|BATTLE:0|BOOST:0|MUVO:0|EFIT:0",1791430169,1791430212
"2026-10-08 00:30:23","355",5,0,6,0,"IN_SERVICE",true,true,true,"FIT:5|BATTLE:0|BOOST:0|MUVO:0|EFIT:0",1791430061,1791430212
"2026-10-08 00:30:23","356",13,1,1,0,"IN_SERVICE",true,true,true,"FIT:13|BATTLE:0|BOOST:0|MUVO:0|EFIT:0",1791430109,1791430212
"2026-10-08 00:30:23","357",8,0,9,0,"IN_SERVICE",true,true,true,"FIT:7|BATTLE:0|BOOST:0|MUVO:0|EFIT:1",1791430088,1791430212
"2026-10-08 00:30:23","358",1,0,14,0,"IN_SERVICE",true,true,true,"FIT:1|BATTLE:0|BOOST:0|MUVO:0|EFIT:0",1791430137,1791430212
"2026-10-08 00:30:23","360",7,1,2,1,"IN_SERVICE",true,true,true,"FIT:7|BATTLE:0|BOOST:0|MUVO:0|EFIT:0",1791430135,1791430212
"2026-10-08 00:30:23","361",12,0,3,2,"IN_SERVICE",true,true,true,"FIT:12|BATTLE:0|BOOST:0|MUVO:0|EFIT:0",1791430159,1791430212
"2026-10-08 00:30:23","362",13,0,10,0,"IN_SERVICE",true,true,true,"FIT:12|BATTLE:0|BOOST:0|MUVO:0|EFIT:1",1791430066,1791430212
"2026-10-08 00:30:23","363",10,0,1,0,"IN_SERVICE",true,true,true,"FIT:10|BATTLE:0|BOOST:0|MUVO:0|EFIT:0",1791430049,1791430212
"2026-10-08 00:30:23","364",16,0,7,0,"IN_SERVICE",true,true,true,"FIT:16|BATTLE:0|BOOST:0|MUVO:0|EFIT:0",1791430079,1791430212
"2026-10-08 00:30:23","365",10,0,1,0,"IN_SERVICE",true,true,true,"FIT:10|BATTLE:0|BOOST:0|MUVO:0|EFIT:0",1791430182,1791430212
"2026-10-08 00:30:23","366",9,1,17,0,"IN_SERVICE",true,true,true,"FIT:9|BATTLE:0|BOOST:0|MUVO:0|EFIT:0",1791430160,1791430212
"2026-10-08 00:30:23","367",2,1,28,0,"IN_SERVICE",true,true,true,"FIT:2|BATTLE:0|BOOST:0|MUVO:0|EFIT:0",1791430138,1791430212
"2026-10-08 00:30:23","370",9,2,6,0,"IN_SERVICE",true,true,true,"FIT:8|BATTLE:0|BOOST:0|MUVO:0|EFIT:1",1791430072,1791430212
"2026-10-08 00:30:23","371",15,0,0,0,"IN_SERVICE",true,true,true,"FIT:15|BATTLE:0|BOOST:0|MUVO:0|EFIT:0",1791430040,1791430212
"2026-10-08 00:30:23","372",7,0,8,0,"IN_SERVICE",true,true,true,"FIT:6|BATTLE:0|BOOST:0|MUVO:0|EFIT:1",1791430076,1791430212
"2026-10-08 00:30:23","373",3,0,11,0,"IN_SERVICE",true,true,true,"FIT:2|BATTLE:0|BOOST:0|MUVO:0|EFIT:1",1791430048,1791430212
"2026-10-08 00:30:23","374",15,1,3,0,"IN_SERVICE",true,true,true,"FIT:15|BATTLE:0|BOOST:0|MUVO:0|EFIT:0",1791430128,1791430212
"2026-10-08 00:30:23","375",2,0,12,1,"IN_SERVICE",true,true,true,"FIT:2|BATTLE:0|BOOST:0|MUVO:0|EFIT:0",1791430113,1791430212
"2026-10-08 00:30:23","376",10,0,1,0,"IN_SERVICE",true,true,true,"FIT:10|BATTLE:0|BOOST:0|MUVO:0|EFIT:0",1791430038,1791430212
"2026-10-08 00:30:23","377",12,0,7,0,"IN_SERVICE",true,true,true,"FIT:12|BATTLE:0|BOOST:0|MUVO:0|EFIT:0",1791430160,1791430212
"2026-10-08 00:30:23","378",15,0,0,0,"IN_SERVICE",true,true,true,"FIT:15|BATTLE:0|BOOST:0|MUVO:0|EFIT:0",1791430138,1791430212
"2026-10-08 00:30:23","379",9,1,7,0,"IN_SERVICE",true,true,true,"FIT:9|BATTLE:0|BOOST:0|MUVO:0|EFIT:0",1791430191,1791430212
"2026-10-08 00:30:23","381",11,0,4,0,"IN_SERVICE",true,true,true,"FIT:11|BATTLE:0|BOOST:0|MUVO:0|EFIT:0",1791430046,1791430212
"2026-10-08 00:30:23","382",10,1,8,0,"IN_SERVICE",true,true,true,"FIT:10|BATTLE:0|BOOST:0|MUVO:0|EFIT:0",1791430096,1791430212
"2026-10-08 00:30:23","383",3,0,8,0,"IN_SERVICE",true,true,true,"FIT:3|BATTLE:0|BOOST:0|MUVO:0|EFIT:0",1791430030,1791430212
"2026-10-08 00:30:23","384",15,0,0,0,"IN_SERVICE",true,true,true,"FIT:15|BATTLE:0|BOOST:0|MUVO:0|EFIT:0",1791430123,1791430212
"2026-10-08 00:30:23","389",0,0,11,0,"IN_SERVICE",true,true,true,"FIT:0|BATTLE:0|BOOST:0|MUVO:0|EFIT:0",1791430079,1791430212
"2026-10-08 00:30:23","391",16,0,1,0,"IN_SERVICE",true,true,true,"FIT:16|BATTLE:0|BOOST:0|MUVO:0|EFIT:0",1791430105,1791430212
"2026-10-08 00:30:23","404",24,1,2,0,"IN_SERVICE",true,true,true,"FIT:21|BATTLE:0|BOOST:0|MUVO:0|EFIT:3",1791430143,1791430212
"2026-10-08 00:30:23","416",0,0,15,0,"IN_SERVICE",true,true,true,"FIT:0|BATTLE:0|BOOST:0|MUVO:0|EFIT:0",1791430141,1791430212
"2026-10-08 00:30:23","417",13,0,1,1,"IN_SERVICE",true,true,true,"FIT:13|BATTLE:0|BOOST:0|MUVO:0|EFIT:0",1791430053,1791430212
"2026-10-08 00:30:23","418",15,2,2,0,"IN_SERVICE",true,true,true,"FIT:6|BATTLE:0|BOOST:0|MUVO:0|EFIT:9",1791430108,1791430212
"2026-10-08 00:30:23","419",3,0,13,3,"IN_SERVICE",true,true,true,"FIT:2|BATTLE:0|BOOST:0|MUVO:0|EFIT:1",1791430088,1791430212
"2026-10-08 00:30:23","421",9,0,13,1,"IN_SERVICE",true,true,true,"FIT:6|BATTLE:0|BOOST:0|MUVO:0|EFIT:3",1791430132,1791430212
"2026-10-08 00:30:23","422",8,1,2,0,"IN_SERVICE",true,true,true,"FIT:8|BATTLE:0|BOOST:0|MUVO:0|EFIT:0",1791430056,1791430212
"2026-10-08 00:30:23","424",17,1,1,0,"IN_SERVICE",true,true,true,"FIT:17|BATTLE:0|BOOST:0|MUVO:0|EFIT:0",1791430041,1791430212
"2026-10-08 00:30:23","425",1,1,25,0,"IN_SERVICE",true,true,true,"FIT:0|BATTLE:0|BOOST:0|MUVO:0|EFIT:1",1791430147,1791430212
"2026-10-08 00:30:23","426",6,0,9,0,"IN_SERVICE",true,true,true,"FIT:3|BATTLE:0|BOOST:0|MUVO:0|EFIT:3",1791430128,1791430212
"2026-10-08 00:30:23","427",8,0,7,0,"IN_SERVICE",true,true,true,"FIT:8|BATTLE:0|BOOST:0|MUVO:0|EFIT:0",1791430199,1791430212
"2026-10-08 00:30:23","429",2,2,11,0,"IN_SERVICE",true,true,true,"FIT:1|BATTLE:0|BOOST:0|MUVO:0|EFIT:1",1791430055,1791430212
"2026-10-08 00:30:23","430",14,0,1,0,"IN_SERVICE",true,true,true,"FIT:1|BATTLE:0|BOOST:0|MUVO:0|EFIT:13",1791430144,1791430212
"2026-10-08 00:30:23","431",7,0,4,0,"IN_SERVICE",true,true,true,"FIT:6|BATTLE:0|BOOST:0|MUVO:0|EFIT:1",1791430138,1791430212
"2026-10-08 00:30:23","432",0,0,11,0,"IN_SERVICE",true,true,true,"FIT:0|BATTLE:0|BOOST:0|MUVO:0|EFIT:0",1791430130,1791430212
"2026-10-08 00:30:23","433",1,0,10,0,"IN_SERVICE",true,true,true,"FIT:0|BATTLE:0|BOOST:0|MUVO:0|EFIT:1",1791430048,1791430212
"2026-10-08 00:30:23","434",6,0,16,1,"IN_SERVICE",true,true,true,"FIT:6|BATTLE:0|BOOST:0|MUVO:0|EFIT:0",1791430103,1791430212
"2026-10-08 00:30:23","435",17,0,2,0,"IN_SERVICE",true,true,true,"FIT:11|BATTLE:0|BOOST:0|MUVO:0|EFIT:6",1791430184,1791430212
"2026-10-08 00:30:23","436",11,0,0,0,"IN_SERVICE",true,true,true,"FIT:8|BATTLE:0|BOOST:0|MUVO:0|EFIT:3",1791430097,1791430212
"2026-10-08 00:30:23","437",11,0,0,0,"IN_SERVICE",true,true,true,"FIT:7|BATTLE:0|BOOST:0|MUVO:0|EFIT:4",1791430139,1791430212
"2026-10-08 00:30:23","438",3,0,7,1,"IN_SERVICE",true,true,true,"FIT:1|BATTLE:0|BOOST:0|MUVO:0|EFIT:2",1791430127,1791430212
"2026-10-08 00:30:23","439",10,0,5,0,"IN_SERVICE",true,true,true,"FIT:10|BATTLE:0|BOOST:0|MUVO:0|EFIT:0",1791430145,1791430212
"2026-10-08 00:30:23","440",0,0,11,0,"IN_SERVICE",true,true,true,"FIT:0|BATTLE:0|BOOST:0|MUVO:0|EFIT:0",1791423341,1791430212
"2026-10-08 00:30:23","442",0,0,11,0,"IN_SERVICE",true,true,true,"FIT:0|BATTLE:0|BOOST:0|MUVO:0|EFIT:0",1791430054,1791430212
"2026-10-08 00:30:23","443",20,0,6,1,"IN_SERVICE",true,true,true,"FIT:20|BATTLE:0|BOOST:0|MUVO:0|EFIT:0",1791430170,1791430212
"2026-10-08 00:30:23","446",14,0,3,0,"IN_SERVICE",true,true,true,"FIT:11|BATTLE:0|BOOST:0|MUVO:0|EFIT:3",1791430076,1791430212
"2026-10-08 00:30:23","448",5,1,4,1,"IN_SERVICE",true,true,true,"FIT:5|BATTLE:0|BOOST:0|MUVO:0|EFIT:0",1791430075,1791430212
"2026-10-08 00:30:23","451",8,1,1,1,"IN_SERVICE",true,true,true,"FIT:8|BATTLE:0|BOOST:0|MUVO:0|EFIT:0",1791430152,1791430212
"2026-10-08 00:30:23","452",9,0,10,0,"IN_SERVICE",true,true,true,"FIT:8|BATTLE:0|BOOST:0|MUVO:0|EFIT:1",1791430112,1791430212
"2026-10-08 00:30:23","454",14,0,1,0,"IN_SERVICE",true,true,true,"FIT:14|BATTLE:0|BOOST:0|MUVO:0|EFIT:0",1791430147,1791430212
"2026-10-08 00:30:23","455",5,0,6,0,"IN_SERVICE",true,true,true,"FIT:4|BATTLE:0|BOOST:0|MUVO:0|EFIT:1",1791430151,1791430212
"2026-10-08 00:30:23","459",15,1,1,0,"IN_SERVICE",true,true,true,"FIT:12|BATTLE:0|BOOST:0|MUVO:0|EFIT:3",1791430161,1791430212
"2026-10-08 00:30:23","460",2,0,21,0,"IN_SERVICE",true,true,true,"FIT:1|BATTLE:0|BOOST:0|MUVO:0|EFIT:1",1791430073,1791430212
"2026-10-08 00:30:23","461",4,0,11,0,"IN_SERVICE",true,true,true,"FIT:4|BATTLE:0|BOOST:0|MUVO:0|EFIT:0",1791430168,1791430212
"2026-10-08 00:30:23","462",3,0,12,0,"IN_SERVICE",true,true,true,"FIT:3|BATTLE:0|BOOST:0|MUVO:0|EFIT:0",1791430210,1791430212
"2026-10-08 00:30:23","463",10,0,5,0,"IN_SERVICE",true,true,true,"FIT:10|BATTLE:0|BOOST:0|MUVO:0|EFIT:0",1791430164,1791430212
"2026-10-08 00:30:23","464",6,0,5,0,"IN_SERVICE",true,true,true,"FIT:3|BATTLE:0|BOOST:0|MUVO:0|EFIT:3",1791430084,1791430212
"2026-10-08 00:30:23","466",17,0,2,0,"IN_SERVICE",true,true,true,"FIT:17|BATTLE:0|BOOST:0|MUVO:0|EFIT:0",1791430189,1791430212
"2026-10-08 00:30:23","467",0,0,15,0,"IN_SERVICE",true,true,true,"FIT:0|BATTLE:0|BOOST:0|MUVO:0|EFIT:0",1791430151,1791430212
"2026-10-08 00:30:23","468",15,0,4,0,"IN_SERVICE",true,true,true,"FIT:13|BATTLE:0|BOOST:0|MUVO:0|EFIT:2",1791430103,1791430212
"2026-10-08 00:30:23","469",16,0,3,0,"IN_SERVICE",true,true,true,"FIT:16|BATTLE:0|BOOST:0|MUVO:0|EFIT:0",1791430169,1791430212
"2026-10-08 00:30:23","470",14,1,4,0,"IN_SERVICE",true,true,true,"FIT:14|BATTLE:0|BOOST:0|MUVO:0|EFIT:0",1791430115,1791430212
"2026-10-08 00:30:23","471",9,1,9,0,"IN_SERVICE",true,true,true,"FIT:6|BATTLE:0|BOOST:0|MUVO:0|EFIT:3",1791430141,1791430212
"2026-10-08 00:30:23","473",11,0,0,0,"IN_SERVICE",true,true,true,"FIT:7|BATTLE:0|BOOST:0|MUVO:0|EFIT:4",1791430102,1791430212
"2026-10-08 00:30:23","474",8,2,5,0,"IN_SERVICE",true,true,true,"FIT:7|BATTLE:0|BOOST:0|MUVO:0|EFIT:1",1791430149,1791430212
"2026-10-08 00:30:23","477",3,0,12,0,"IN_SERVICE",true,true,true,"FIT:1|BATTLE:0|BOOST:0|MUVO:0|EFIT:2",1791430059,1791430212
"2026-10-08 00:30:23","479",16,0,3,0,"IN_SERVICE",true,true,true,"FIT:14|BATTLE:0|BOOST:0|MUVO:0|EFIT:2",1791430185,1791430212
"2026-10-08 00:30:23","487",11,0,0,0,"IN_SERVICE",true,true,true,"FIT:11|BATTLE:0|BOOST:0|MUVO:0|EFIT:0",1791430106,1791430212
"2026-10-08 00:30:23","488",2,0,13,0,"IN_SERVICE",true,true,true,"FIT:2|BATTLE:0|BOOST:0|MUVO:0|EFIT:0",1791430082,1791430212
"2026-10-08 00:30:23","489",1,1,20,1,"IN_SERVICE",true,true,true,"FIT:1|BATTLE:0|BOOST:0|MUVO:0|EFIT:0",1791430192,1791430212
"2026-10-08 00:30:23","490",2,3,6,0,"IN_SERVICE",true,true,true,"FIT:0|BATTLE:0|BOOST:0|MUVO:0|EFIT:2",1791430142,1791430212
"2026-10-08 00:30:23","491",9,0,7,1,"IN_SERVICE",true,true,true,"FIT:8|BATTLE:0|BOOST:0|MUVO:0|EFIT:1",1791430135,1791430212
"2026-10-08 00:30:23","492",2,1,12,0,"IN_SERVICE",true,true,true,"FIT:2|BATTLE:0|BOOST:0|MUVO:0|EFIT:0",1791430162,1791430212
"2026-10-08 00:30:23","493",3,0,14,2,"IN_SERVICE",true,true,true,"FIT:3|BATTLE:0|BOOST:0|MUVO:0|EFIT:0",1791430115,1791430212
"2026-10-08 00:30:23","494",1,1,17,0,"IN_SERVICE",true,true,true,"FIT:1|BATTLE:0|BOOST:0|MUVO:0|EFIT:0",1791430065,1791430212
"2026-10-08 00:30:23","495",19,0,0,0,"IN_SERVICE",true,true,true,"FIT:19|BATTLE:0|BOOST:0|MUVO:0|EFIT:0",1791430086,1791430212
"2026-10-08 00:30:23","497",8,0,7,0,"IN_SERVICE",true,true,true,"FIT:7|BATTLE:0|BOOST:0|MUVO:0|EFIT:1",1791430029,1791430212
"2026-10-08 00:30:23","498",0,0,19,0,"IN_SERVICE",true,true,true,"FIT:0|BATTLE:0|BOOST:0|MUVO:0|EFIT:0",1791430115,1791430212
"2026-10-08 00:30:23","499",1,1,9,0,"IN_SERVICE",true,true,true,"FIT:1|BATTLE:0|BOOST:0|MUVO:0|EFIT:0",1791430052,1791430212
"2026-10-08 00:30:23","500",9,0,2,0,"IN_SERVICE",true,true,true,"FIT:6|BATTLE:0|BOOST:0|MUVO:0|EFIT:3",1791430162,1791430212
"2026-10-08 00:30:23","501",19,0,3,0,"IN_SERVICE",true,true,true,"FIT:19|BATTLE:0|BOOST:0|MUVO:0|EFIT:0",1791430067,1791430212
"2026-10-08 00:30:23","503",21,0,6,0,"IN_SERVICE",true,true,true,"FIT:19|BATTLE:0|BOOST:0|MUVO:0|EFIT:2",1791430054,1791430212
"2026-10-08 00:30:23","504",3,0,8,0,"IN_SERVICE",true,true,true,"FIT:2|BATTLE:0|BOOST:0|MUVO:0|EFIT:1",1791430181,1791430212
"2026-10-08 00:30:23","505",3,0,16,0,"IN_SERVICE",true,true,true,"FIT:3|BATTLE:0|BOOST:0|MUVO:0|EFIT:0",1791430173,1791430212
"2026-10-08 00:30:23","506",11,0,16,0,"IN_SERVICE",true,true,true,"FIT:11|BATTLE:0|BOOST:0|MUVO:0|EFIT:0",1791430186,1791430212
"2026-10-08 00:30:23","508",2,0,17,0,"IN_SERVICE",true,true,true,"FIT:2|BATTLE:0|BOOST:0|MUVO:0|EFIT:0",1791430184,1791430212
"2026-10-08 00:30:23","509",10,0,9,0,"IN_SERVICE",true,true,true,"FIT:10|BATTLE:0|BOOST:0|MUVO:0|EFIT:0",1791430192,1791430212
"2026-10-08 00:30:23","518",4,0,7,0,"IN_SERVICE",true,true,true,"FIT:1|BATTLE:0|BOOST:0|MUVO:0|EFIT:3",1791430031,1791430212
"2026-10-08 00:30:23","519",4,0,11,0,"IN_SERVICE",true,true,true,"FIT:4|BATTLE:0|BOOST:0|MUVO:0|EFIT:0",1791430107,1791430212
"2026-10-08 00:30:23","520",9,0,2,0,"IN_SERVICE",true,true,true,"FIT:5|BATTLE:0|BOOST:0|MUVO:0|EFIT:4",1791430165,1791430212
"2026-10-08 00:30:23","521",12,0,5,0,"IN_SERVICE",true,true,true,"FIT:10|BATTLE:0|BOOST:0|MUVO:0|EFIT:2",1791430080,1791430212
"2026-10-08 00:30:23","522",7,0,12,0,"IN_SERVICE",true,true,true,"FIT:7|BATTLE:0|BOOST:0|MUVO:0|EFIT:0",1791430036,1791430212
"2026-10-08 00:30:23","523",11,0,8,0,"IN_SERVICE",true,true,true,"FIT:10|BATTLE:0|BOOST:0|MUVO:0|EFIT:1",1791430190,1791430212
"2026-10-08 00:30:23","524",8,0,8,0,"IN_SERVICE",true,true,true,"FIT:8|BATTLE:0|BOOST:0|MUVO:0|EFIT:0",1791430088,1791430212
"2026-10-08 00:30:23","525",1,0,18,0,"IN_SERVICE",true,true,true,"FIT:1|BATTLE:0|BOOST:0|MUVO:0|EFIT:0",1791430067,1791430212
"2026-10-08 00:30:23","526",6,0,9,0,"IN_SERVICE",true,true,true,"FIT:6|BATTLE:0|BOOST:0|MUVO:0|EFIT:0",1791430032,1791430212
"2026-10-08 00:30:23","528",8,0,6,1,"IN_SERVICE",true,true,true,"FIT:8|BATTLE:0|BOOST:0|MUVO:0|EFIT:0",1791430112,1791430212
"2026-10-08 00:30:23","529",2,0,13,0,"IN_SERVICE",true,true,true,"FIT:2|BATTLE:0|BOOST:0|MUVO:0|EFIT:0",1791430179,1791430212
"2026-10-08 00:30:23","530",1,0,18,0,"IN_SERVICE",true,true,true,"FIT:1|BATTLE:0|BOOST:0|MUVO:0|EFIT:0",1791430084,1791430212
"2026-10-08 00:30:23","531",1,0,16,0,"IN_SERVICE",true,true,true,"FIT:1|BATTLE:0|BOOST:0|MUVO:0|EFIT:0",1791430037,1791430212
"2026-10-08 00:30:23","536",2,0,9,0,"IN_SERVICE",true,true,true,"FIT:2|BATTLE:0|BOOST:0|MUVO:0|EFIT:0",1791430069,1791430212
"2026-10-08 00:30:23","538",11,0,0,0,"IN_SERVICE",true,true,true,"FIT:11|BATTLE:0|BOOST:0|MUVO:0|EFIT:0",1791430162,1791430212
"2026-10-08 00:30:23","539",11,0,4,0,"IN_SERVICE",true,true,true,"FIT:11|BATTLE:0|BOOST:0|MUVO:0|EFIT:0",1791430106,1791430212
"2026-10-08 00:30:23","540",4,0,11,0,"IN_SERVICE",true,true,true,"FIT:4|BATTLE:0|BOOST:0|MUVO:0|EFIT:0",1791430115,1791430212
"2026-10-08 00:30:23","541",2,0,13,0,"IN_SERVICE",true,true,true,"FIT:2|BATTLE:0|BOOST:0|MUVO:0|EFIT:0",1791430045,1791430212
"2026-10-08 00:30:23","542",8,0,7,0,"IN_SERVICE",true,true,true,"FIT:8|BATTLE:0|BOOST:0|MUVO:0|EFIT:0",1791430107,1791430212
"2026-10-08 00:30:23","543",1,0,14,0,"IN_SERVICE",true,true,true,"FIT:1|BATTLE:0|BOOST:0|MUVO:0|EFIT:0",1791430146,1791430212
"2026-10-08 00:30:23","548",14,0,1,0,"IN_SERVICE",true,true,true,"FIT:14|BATTLE:0|BOOST:0|MUVO:0|EFIT:0",1791430134,1791430212
"2026-10-08 00:30:23","549",2,0,13,0,"IN_SERVICE",true,true,true,"FIT:2|BATTLE:0|BOOST:0|MUVO:0|EFIT:0",1791430148,1791430212
"2026-10-08 00:30:23","551",12,1,2,0,"IN_SERVICE",true,true,true,"FIT:12|BATTLE:0|BOOST:0|MUVO:0|EFIT:0",1791430057,1791430212
"2026-10-08 00:30:23","555",11,0,4,0,"IN_SERVICE",true,true,true,"FIT:10|BATTLE:0|BOOST:0|MUVO:0|EFIT:1",1791430151,1791430212
"2026-10-08 00:30:23","559",21,0,6,0,"IN_SERVICE",true,true,true,"FIT:18|BATTLE:0|BOOST:0|MUVO:0|EFIT:3",1791430120,1791430212
"2026-10-08 00:30:23","565",1,0,14,0,"IN_SERVICE",true,true,true,"FIT:1|BATTLE:0|BOOST:0|MUVO:0|EFIT:0",1791430189,1791430212
"2026-10-08 00:30:23","566",17,0,0,0,"IN_SERVICE",true,true,true,"FIT:16|BATTLE:0|BOOST:0|MUVO:0|EFIT:1",1791430188,1791430212
"2026-10-08 00:30:23","567",1,0,16,0,"IN_SERVICE",true,true,true,"FIT:1|BATTLE:0|BOOST:0|MUVO:0|EFIT:0",1791430111,1791430212
"2026-10-08 00:30:23","570",0,0,11,0,"IN_SERVICE",true,true,true,"FIT:0|BATTLE:0|BOOST:0|MUVO:0|EFIT:0",1791430065,1791430212
"2026-10-08 00:30:23","572",12,0,11,0,"IN_SERVICE",true,true,true,"FIT:12|BATTLE:0|BOOST:0|MUVO:0|EFIT:0",1791430154,1791430212
"2026-10-08 00:30:23","576",10,0,13,0,"IN_SERVICE",true,true,true,"FIT:9|BATTLE:0|BOOST:0|MUVO:0|EFIT:1",1791430180,1791430212
"2026-10-08 00:30:23","577",6,0,9,0,"IN_SERVICE",true,true,true,"FIT:4|BATTLE:0|BOOST:0|MUVO:0|EFIT:2",1791430053,1791430212
"2026-10-08 00:30:23","590",10,0,0,0,"IN_SERVICE",true,true,true,"FIT:10|BATTLE:0|BOOST:0|MUVO:0|EFIT:0",1791430156,1791430212
"2026-10-08 00:30:23","593",12,0,3,0,"IN_SERVICE",true,true,true,"FIT:12|BATTLE:0|BOOST:0|MUVO:0|EFIT:0",1791430191,1791430212
"2026-10-08 00:30:23","594",10,0,9,0,"IN_SERVICE",true,true,true,"FIT:9|BATTLE:0|BOOST:0|MUVO:0|EFIT:1",1791430178,1791430212
"2026-10-08 00:30:23","595",1,0,13,1,"IN_SERVICE",true,true,true,"FIT:0|BATTLE:0|BOOST:0|MUVO:0|EFIT:1",1791430150,1791430212
"2026-10-08 00:30:23","597",11,0,7,1,"IN_SERVICE",true,true,true,"FIT:10|BATTLE:0|BOOST:0|MUVO:0|EFIT:1",1791430189,1791430212
"2026-10-08 00:30:23","598",0,0,9,0,"IN_SERVICE",true,true,true,"FIT:0|BATTLE:0|BOOST:0|MUVO:0|EFIT:0",1791430120,1791430212
"2026-10-08 00:45:17","1",5,0,12,0,"IN_SERVICE",true,true,true,"FIT:5|BATTLE:0|BOOST:0|MUVO:0|EFIT:0",1791430951,1791431113
"2026-10-08 00:45:17","2",11,0,7,1,"IN_SERVICE",true,true,true,"FIT:10|BATTLE:0|BOOST:0|MUVO:0|EFIT:1",1791430995,1791431113
"2026-10-08 00:45:17","3",7,2,10,0,"IN_SERVICE",true,true,true,"FIT:5|BATTLE:0|BOOST:0|MUVO:0|EFIT:2",1791431008,1791431113
"2026-10-08 00:45:17","4",0,0,16,1,"IN_SERVICE",true,true,true,"FIT:0|BATTLE:0|BOOST:0|MUVO:0|EFIT:0",1791431095,1791431113
"2026-10-08 00:45:17","5",4,0,19,0,"IN_SERVICE",true,true,true,"FIT:4|BATTLE:0|BOOST:0|MUVO:0|EFIT:0",1791431045,1791431113
"2026-10-08 00:45:17","6",10,0,8,1,"IN_SERVICE",true,true,true,"FIT:10|BATTLE:0|BOOST:0|MUVO:0|EFIT:0",1791430993,1791431113
"2026-10-08 00:45:17","7",1,0,18,0,"IN_SERVICE",true,true,true,"FIT:1|BATTLE:0|BOOST:0|MUVO:0|EFIT:0",1791431088,1791431113
"2026-10-08 00:45:17","8",3,0,20,0,"IN_SERVICE",true,true,true,"FIT:2|BATTLE:0|BOOST:0|MUVO:0|EFIT:1",1791431096,1791431113
"2026-10-08 00:45:17","9",9,0,14,0,"IN_SERVICE",true,true,true,"FIT:9|BATTLE:0|BOOST:0|MUVO:0|EFIT:0",1791431029,1791431113
"2026-10-08 00:45:17","10",16,0,3,0,"IN_SERVICE",true,true,true,"FIT:16|BATTLE:0|BOOST:0|MUVO:0|EFIT:0",1791431104,1791431113
"2026-10-08 00:45:17","11",9,0,8,0,"IN_SERVICE",true,true,true,"FIT:8|BATTLE:0|BOOST:0|MUVO:0|EFIT:1",1791430998,1791431113
"2026-10-08 00:45:17","12",14,0,5,0,"IN_SERVICE",true,true,true,"FIT:13|BATTLE:0|BOOST:0|MUVO:0|EFIT:1",1791431110,1791431113
"2026-10-08 00:45:17","14",14,0,9,0,"IN_SERVICE",true,true,true,"FIT:11|BATTLE:0|BOOST:0|MUVO:0|EFIT:3",1791430990,1791431113
"2026-10-08 00:45:17","15",12,0,3,0,"IN_SERVICE",true,true,true,"FIT:7|BATTLE:0|BOOST:0|MUVO:0|EFIT:5",1791430970,1791431113
"2026-10-08 00:45:17","16",19,0,4,0,"IN_SERVICE",true,true,true,"FIT:7|BATTLE:0|BOOST:0|MUVO:0|EFIT:12",1791431070,1791431113
"2026-10-08 00:45:17","17",17,0,2,0,"IN_SERVICE",true,true,true,"FIT:12|BATTLE:0|BOOST:0|MUVO:0|EFIT:5",1791430944,1791431113
"2026-10-08 00:45:17","18",13,0,2,0,"IN_SERVICE",true,true,true,"FIT:11|BATTLE:0|BOOST:0|MUVO:0|EFIT:2",1791430994,1791431113
"2026-10-08 00:45:17","19",3,0,8,0,"IN_SERVICE",true,true,true,"FIT:3|BATTLE:0|BOOST:0|MUVO:0|EFIT:0",1791431006,1791431113
"2026-10-08 00:45:17","20",2,0,20,1,"IN_SERVICE",true,true,true,"FIT:1|BATTLE:0|BOOST:0|MUVO:0|EFIT:1",1791431060,1791431113
"2026-10-08 00:45:17","21",8,1,8,0,"IN_SERVICE",true,true,true,"FIT:7|BATTLE:0|BOOST:0|MUVO:0|EFIT:1",1791431084,1791431113
"2026-10-08 00:45:17","22",7,0,8,0,"IN_SERVICE",true,true,true,"FIT:7|BATTLE:0|BOOST:0|MUVO:0|EFIT:0",1791431011,1791431113
"2026-10-08 00:45:17","23",7,1,12,0,"IN_SERVICE",true,true,true,"FIT:6|BATTLE:0|BOOST:0|MUVO:0|EFIT:1",1791431030,1791431113
"2026-10-08 00:45:17","24",0,1,22,0,"IN_SERVICE",true,true,true,"FIT:0|BATTLE:0|BOOST:0|MUVO:0|EFIT:0",1791431047,1791431113
"2026-10-08 00:45:17","25",1,0,18,0,"IN_SERVICE",true,true,true,"FIT:1|BATTLE:0|BOOST:0|MUVO:0|EFIT:0",1791431076,1791431113
"2026-10-08 00:45:17","26",2,0,21,0,"IN_SERVICE",true,true,true,"FIT:1|BATTLE:0|BOOST:0|MUVO:0|EFIT:1",1791431064,1791431113
"2026-10-08 00:45:17","27",10,5,16,0,"IN_SERVICE",true,true,true,"FIT:6|BATTLE:0|BOOST:0|MUVO:0|EFIT:4",1791431036,1791431113
"2026-10-08 00:45:17","28",23,2,3,1,"IN_SERVICE",true,true,true,"FIT:23|BATTLE:0|BOOST:0|MUVO:0|EFIT:0",1791430941,1791431113
"2026-10-08 00:45:17","30",7,0,10,0,"IN_SERVICE",true,true,true,"FIT:6|BATTLE:0|BOOST:0|MUVO:0|EFIT:1",1791431094,1791431113
"2026-10-08 00:45:17","31",2,1,28,0,"IN_SERVICE",true,true,true,"FIT:2|BATTLE:0|BOOST:0|MUVO:0|EFIT:0",1791430953,1791431113
"2026-10-08 00:45:17","32",26,0,1,0,"IN_SERVICE",true,true,true,"FIT:25|BATTLE:0|BOOST:0|MUVO:0|EFIT:1",1791431054,1791431113
"2026-10-08 00:45:17","33",4,2,7,0,"IN_SERVICE",true,true,true,"FIT:4|BATTLE:0|BOOST:0|MUVO:0|EFIT:0",1791430947,1791431113
"2026-10-08 00:45:17","34",1,0,30,0,"IN_SERVICE",true,true,true,"FIT:1|BATTLE:0|BOOST:0|MUVO:0|EFIT:0",1791431067,1791431113
"2026-10-08 00:45:17","35",2,0,33,0,"IN_SERVICE",true,true,true,"FIT:2|BATTLE:0|BOOST:0|MUVO:0|EFIT:0",1791431016,1791431113
"2026-10-08 00:45:17","36",3,0,12,0,"IN_SERVICE",true,true,true,"FIT:3|BATTLE:0|BOOST:0|MUVO:0|EFIT:0",1791431051,1791431113
"2026-10-08 00:45:17","37",3,0,11,0,"IN_SERVICE",true,true,true,"FIT:3|BATTLE:0|BOOST:0|MUVO:0|EFIT:0",1791431099,1791431113
"2026-10-08 00:45:17","38",5,0,26,0,"IN_SERVICE",true,true,true,"FIT:5|BATTLE:0|BOOST:0|MUVO:0|EFIT:0",1791431110,1791431113
"2026-10-08 00:45:17","39",2,0,9,0,"IN_SERVICE",true,true,true,"FIT:1|BATTLE:0|BOOST:0|MUVO:0|EFIT:1",1791430949,1791431113
"2026-10-08 00:45:17","40",8,1,10,0,"IN_SERVICE",true,true,true,"FIT:3|BATTLE:0|BOOST:0|MUVO:0|EFIT:5",1791430956,1791431113
"2026-10-08 00:45:17","41",8,0,11,0,"IN_SERVICE",true,true,true,"FIT:8|BATTLE:0|BOOST:0|MUVO:0|EFIT:0",1791431079,1791431113
"2026-10-08 00:45:17","42",6,0,13,0,"IN_SERVICE",true,true,true,"FIT:6|BATTLE:0|BOOST:0|MUVO:0|EFIT:0",1791431056,1791431113
"2026-10-08 00:45:17","43",3,0,14,0,"IN_SERVICE",true,true,true,"FIT:2|BATTLE:0|BOOST:0|MUVO:0|EFIT:1",1791430991,1791431113
"2026-10-08 00:45:17","44",14,3,2,0,"IN_SERVICE",true,true,true,"FIT:13|BATTLE:0|BOOST:0|MUVO:0|EFIT:1",1791431073,1791431113
"2026-10-08 00:45:17","45",15,1,3,0,"IN_SERVICE",true,true,true,"FIT:15|BATTLE:0|BOOST:0|MUVO:0|EFIT:0",1791431108,1791431113
"2026-10-08 00:45:17","46",1,2,21,0,"IN_SERVICE",true,true,true,"FIT:1|BATTLE:0|BOOST:0|MUVO:0|EFIT:0",1791430949,1791431113
"2026-10-08 00:45:17","47",0,0,15,0,"IN_SERVICE",true,true,true,"FIT:0|BATTLE:0|BOOST:0|MUVO:0|EFIT:0",1791431023,1791431113
"2026-10-08 00:45:17","48",0,0,19,0,"IN_SERVICE",true,true,true,"FIT:0|BATTLE:0|BOOST:0|MUVO:0|EFIT:0",1791431042,1791431113
"2026-10-08 00:45:17","49",1,2,11,0,"IN_SERVICE",true,true,true,"FIT:1|BATTLE:0|BOOST:0|MUVO:0|EFIT:0",1791431078,1791431113
"2026-10-08 00:45:17","50",1,1,20,1,"IN_SERVICE",true,true,true,"FIT:1|BATTLE:0|BOOST:0|MUVO:0|EFIT:0",1791430976,1791431113
"2026-10-08 00:45:17","51",5,0,11,1,"IN_SERVICE",true,true,true,"FIT:5|BATTLE:0|BOOST:0|MUVO:0|EFIT:0",1791430988,1791431113
"2026-10-08 00:45:17","52",3,0,11,1,"IN_SERVICE",true,true,true,"FIT:3|BATTLE:0|BOOST:0|MUVO:0|EFIT:0",1791431067,1791431113
"2026-10-08 00:45:17","53",2,0,9,0,"IN_SERVICE",true,true,true,"FIT:2|BATTLE:0|BOOST:0|MUVO:0|EFIT:0",1791431112,1791431113
"2026-10-08 00:45:17","54",3,1,15,0,"IN_SERVICE",true,true,true,"FIT:2|BATTLE:0|BOOST:0|MUVO:0|EFIT:1",1791431007,1791431113
"2026-10-08 00:45:17","55",3,1,13,0,"IN_SERVICE",true,true,true,"FIT:3|BATTLE:0|BOOST:0|MUVO:0|EFIT:0",1791431080,1791431113
"2026-10-08 00:45:17","56",21,0,2,0,"IN_SERVICE",true,true,true,"FIT:21|BATTLE:0|BOOST:0|MUVO:0|EFIT:0",1791431042,1791431113
"2026-10-08 00:45:17","57",4,0,11,0,"IN_SERVICE",true,true,true,"FIT:4|BATTLE:0|BOOST:0|MUVO:0|EFIT:0",1791430947,1791431113
"2026-10-08 00:45:17","58",15,2,5,1,"IN_SERVICE",true,true,true,"FIT:15|BATTLE:0|BOOST:0|MUVO:0|EFIT:0",1791430981,1791431113
"2026-10-08 00:45:17","59",3,0,8,0,"IN_SERVICE",true,true,true,"FIT:3|BATTLE:0|BOOST:0|MUVO:0|EFIT:0",1791431008,1791431113
"2026-10-08 00:45:17","60",0,3,11,1,"IN_SERVICE",true,true,true,"FIT:0|BATTLE:0|BOOST:0|MUVO:0|EFIT:0",1791430937,1791431113
"2026-10-08 00:45:17","61",15,0,2,0,"IN_SERVICE",true,true,true,"FIT:15|BATTLE:0|BOOST:0|MUVO:0|EFIT:0",1791430935,1791431113
"2026-10-08 00:45:17","62",8,2,5,0,"IN_SERVICE",true,true,true,"FIT:8|BATTLE:0|BOOST:0|MUVO:0|EFIT:0",1791430944,1791431113
"2026-10-08 00:45:17","63",1,0,12,1,"IN_SERVICE",true,true,true,"FIT:1|BATTLE:0|BOOST:0|MUVO:0|EFIT:0",1791431008,1791431113
"2026-10-08 00:45:17","64",0,0,19,0,"IN_SERVICE",true,true,true,"FIT:0|BATTLE:0|BOOST:0|MUVO:0|EFIT:0",1791431066,1791431113
"2026-10-08 00:45:17","65",3,0,18,2,"IN_SERVICE",true,true,true,"FIT:3|BATTLE:0|BOOST:0|MUVO:0|EFIT:0",1791430996,1791431113
"2026-10-08 00:45:17","66",2,0,9,0,"IN_SERVICE",true,true,true,"FIT:2|BATTLE:0|BOOST:0|MUVO:0|EFIT:0",1791430983,1791431113
"2026-10-08 00:45:17","67",14,0,1,0,"IN_SERVICE",true,true,true,"FIT:14|BATTLE:0|BOOST:0|MUVO:0|EFIT:0",1791430993,1791431113
"2026-10-08 00:45:17","68",19,0,4,0,"IN_SERVICE",true,true,true,"FIT:19|BATTLE:0|BOOST:0|MUVO:0|EFIT:0",1791431107,1791431113
"2026-10-08 00:45:17","69",17,0,6,0,"IN_SERVICE",true,true,true,"FIT:15|BATTLE:0|BOOST:0|MUVO:0|EFIT:2",1791430932,1791431113
"2026-10-08 00:45:17","70",20,0,3,0,"IN_SERVICE",true,true,true,"FIT:17|BATTLE:0|BOOST:0|MUVO:0|EFIT:3",1791430983,1791431113
"2026-10-08 00:45:17","71",11,0,8,0,"IN_SERVICE",true,true,true,"FIT:11|BATTLE:0|BOOST:0|MUVO:0|EFIT:0",1791431008,1791431113
"2026-10-08 00:45:17","73",19,0,4,0,"IN_SERVICE",true,true,true,"FIT:14|BATTLE:0|BOOST:0|MUVO:0|EFIT:5",1791430956,1791431113
"2026-10-08 00:45:17","74",14,0,5,0,"IN_SERVICE",true,true,true,"FIT:14|BATTLE:0|BOOST:0|MUVO:0|EFIT:0",1791431003,1791431113
"2026-10-08 00:45:17","75",2,2,11,0,"IN_SERVICE",true,true,true,"FIT:2|BATTLE:0|BOOST:0|MUVO:0|EFIT:0",1791431080,1791431113
"2026-10-08 00:45:17","76",2,1,16,0,"IN_SERVICE",true,true,true,"FIT:1|BATTLE:0|BOOST:0|MUVO:0|EFIT:1",1791431101,1791431113
"2026-10-08 00:45:17","77",3,1,14,0,"IN_SERVICE",true,true,true,"FIT:3|BATTLE:0|BOOST:0|MUVO:0|EFIT:0",1791430978,1791431113
"2026-10-08 00:45:17","78",6,0,5,0,"IN_SERVICE",true,true,true,"FIT:6|BATTLE:0|BOOST:0|MUVO:0|EFIT:0",1791431047,1791431113
"2026-10-08 00:45:17","79",8,0,3,0,"IN_SERVICE",true,true,true,"FIT:6|BATTLE:0|BOOST:0|MUVO:0|EFIT:2",1791430974,1791431113
"2026-10-08 00:45:17","80",17,0,1,0,"IN_SERVICE",true,true,true,"FIT:17|BATTLE:0|BOOST:0|MUVO:0|EFIT:0",1791431087,1791431113
"2026-10-08 00:45:17","81",1,0,13,1,"IN_SERVICE",true,true,true,"FIT:1|BATTLE:0|BOOST:0|MUVO:0|EFIT:0",1791430938,1791431113
"2026-10-08 00:45:17","82",19,2,8,1,"IN_SERVICE",true,true,true,"FIT:19|BATTLE:0|BOOST:0|MUVO:0|EFIT:0",1791431076,1791431113
"2026-10-08 00:45:17","83",13,0,15,3,"IN_SERVICE",true,true,true,"FIT:12|BATTLE:0|BOOST:0|MUVO:0|EFIT:1",1791431058,1791431113
"2026-10-08 00:45:17","84",4,0,11,0,"IN_SERVICE",true,true,true,"FIT:4|BATTLE:0|BOOST:0|MUVO:0|EFIT:0",1791431084,1791431113
"2026-10-08 00:45:17","85",2,0,21,0,"IN_SERVICE",true,true,true,"FIT:2|BATTLE:0|BOOST:0|MUVO:0|EFIT:0",1791430956,1791431113
"2026-10-08 00:45:17","86",9,0,25,1,"IN_SERVICE",true,true,true,"FIT:6|BATTLE:0|BOOST:0|MUVO:0|EFIT:3",1791431036,1791431113
"2026-10-08 00:45:17","87",2,0,16,1,"IN_SERVICE",true,true,true,"FIT:2|BATTLE:0|BOOST:0|MUVO:0|EFIT:0",1791431099,1791431113
"2026-10-08 00:45:17","88",11,0,8,0,"IN_SERVICE",true,true,true,"FIT:0|BATTLE:0|BOOST:0|MUVO:0|EFIT:11",1791430949,1791431113
"2026-10-08 00:45:17","89",6,2,7,1,"IN_SERVICE",true,true,true,"FIT:2|BATTLE:0|BOOST:0|MUVO:0|EFIT:4",1791431021,1791431113
"2026-10-08 00:45:17","90",5,1,6,0,"IN_SERVICE",true,true,true,"FIT:3|BATTLE:0|BOOST:0|MUVO:0|EFIT:2",1791431088,1791431113
"2026-10-08 00:45:17","91",6,1,4,0,"IN_SERVICE",true,true,true,"FIT:2|BATTLE:0|BOOST:0|MUVO:0|EFIT:4",1791430937,1791431113
"2026-10-08 00:45:17","92",5,0,10,0,"IN_SERVICE",true,true,true,"FIT:3|BATTLE:0|BOOST:0|MUVO:0|EFIT:2",1791431005,1791431113
"2026-10-08 00:45:17","93",11,2,2,0,"IN_SERVICE",true,true,true,"FIT:7|BATTLE:0|BOOST:0|MUVO:0|EFIT:4",1791430967,1791431113
"2026-10-08 00:45:17","94",5,1,9,0,"IN_SERVICE",true,true,true,"FIT:4|BATTLE:0|BOOST:0|MUVO:0|EFIT:1",1791430974,1791431113
"2026-10-08 00:45:17","95",11,0,6,0,"IN_SERVICE",true,true,true,"FIT:7|BATTLE:0|BOOST:0|MUVO:0|EFIT:4",1791430939,1791431113
"2026-10-08 00:45:17","96",5,1,13,0,"IN_SERVICE",true,true,true,"FIT:5|BATTLE:0|BOOST:0|MUVO:0|EFIT:0",1791431075,1791431113
"2026-10-08 00:45:17","97",2,0,13,0,"IN_SERVICE",true,true,true,"FIT:2|BATTLE:0|BOOST:0|MUVO:0|EFIT:0",1791430938,1791431113
"2026-10-08 00:45:17","98",0,0,12,2,"IN_SERVICE",true,true,true,"FIT:0|BATTLE:0|BOOST:0|MUVO:0|EFIT:0",1791430999,1791431113
"2026-10-08 00:45:17","99",9,0,2,0,"IN_SERVICE",true,true,true,"FIT:2|BATTLE:0|BOOST:0|MUVO:0|EFIT:7",1791431094,1791431113
"2026-10-08 00:45:17","100",7,3,4,0,"IN_SERVICE",true,true,true,"FIT:5|BATTLE:0|BOOST:0|MUVO:0|EFIT:2",1791430957,1791431113
"2026-10-08 00:45:17","101",6,0,13,0,"IN_SERVICE",true,true,true,"FIT:4|BATTLE:0|BOOST:0|MUVO:0|EFIT:2",1791431048,1791431113
"2026-10-08 00:45:17","102",24,0,3,0,"IN_SERVICE",true,true,true,"FIT:14|BATTLE:0|BOOST:0|MUVO:0|EFIT:10",1791431038,1791431113
"2026-10-08 00:45:17","103",9,0,6,0,"IN_SERVICE",true,true,true,"FIT:6|BATTLE:0|BOOST:0|MUVO:0|EFIT:3",1791431018,1791431113
"2026-10-08 00:45:17","104",11,0,0,0,"IN_SERVICE",true,true,true,"FIT:11|BATTLE:0|BOOST:0|MUVO:0|EFIT:0",1791431107,1791431113
"2026-10-08 00:45:17","105",8,0,8,0,"IN_SERVICE",true,true,true,"FIT:7|BATTLE:0|BOOST:0|MUVO:0|EFIT:1",1791430977,1791431113
"2026-10-08 00:45:17","107",17,0,2,0,"IN_SERVICE",true,true,true,"FIT:9|BATTLE:0|BOOST:0|MUVO:0|EFIT:8",1791431023,1791431113
"2026-10-08 00:45:17","109",35,0,0,0,"IN_SERVICE",true,true,true,"FIT:33|BATTLE:0|BOOST:0|MUVO:0|EFIT:2",1791431074,1791431113
"2026-10-08 00:45:17","111",13,0,5,0,"IN_SERVICE",true,true,true,"FIT:13|BATTLE:0|BOOST:0|MUVO:0|EFIT:0",1791430901,1791431113
"2026-10-08 00:45:17","112",7,1,11,0,"IN_SERVICE",true,true,true,"FIT:6|BATTLE:0|BOOST:0|MUVO:0|EFIT:1",1791431053,1791431113
"2026-10-08 00:45:17","113",12,1,2,0,"IN_SERVICE",true,true,true,"FIT:10|BATTLE:0|BOOST:0|MUVO:0|EFIT:2",1791431103,1791431113
"2026-10-08 00:45:17","114",3,2,16,0,"IN_SERVICE",true,true,true,"FIT:0|BATTLE:0|BOOST:0|MUVO:0|EFIT:3",1791430988,1791431113
"2026-10-08 00:45:17","116",16,1,1,0,"IN_SERVICE",true,true,true,"FIT:15|BATTLE:0|BOOST:0|MUVO:0|EFIT:1",1791431057,1791431113
"2026-10-08 00:45:17","117",23,1,3,0,"IN_SERVICE",true,true,true,"FIT:21|BATTLE:0|BOOST:0|MUVO:0|EFIT:2",1791430946,1791431113
"2026-10-08 00:45:17","118",8,1,6,0,"IN_SERVICE",true,true,true,"FIT:6|BATTLE:0|BOOST:0|MUVO:0|EFIT:2",1791430979,1791431113
"2026-10-08 00:45:17","119",8,0,3,0,"IN_SERVICE",true,true,true,"FIT:7|BATTLE:0|BOOST:0|MUVO:0|EFIT:1",1791430958,1791431113
"2026-10-08 00:45:17","120",13,1,9,0,"IN_SERVICE",true,true,true,"FIT:13|BATTLE:0|BOOST:0|MUVO:0|EFIT:0",1791431047,1791431113
"2026-10-08 00:45:17","121",6,0,17,0,"IN_SERVICE",true,true,true,"FIT:6|BATTLE:0|BOOST:0|MUVO:0|EFIT:0",1791430968,1791431113
"2026-10-08 00:45:17","122",11,0,12,0,"IN_SERVICE",true,true,true,"FIT:11|BATTLE:0|BOOST:0|MUVO:0|EFIT:0",1791430966,1791431113
"2026-10-08 00:45:17","123",5,0,9,0,"IN_SERVICE",true,true,true,"FIT:5|BATTLE:0|BOOST:0|MUVO:0|EFIT:0",1791431007,1791431113
"2026-10-08 00:45:17","124",4,0,11,0,"IN_SERVICE",true,true,true,"FIT:2|BATTLE:0|BOOST:0|MUVO:0|EFIT:2",1791430961,1791431113
"2026-10-08 00:45:17","125",0,0,19,0,"IN_SERVICE",true,true,true,"FIT:0|BATTLE:0|BOOST:0|MUVO:0|EFIT:0",1791431002,1791431113
"2026-10-08 00:45:17","126",5,0,10,0,"IN_SERVICE",true,true,true,"FIT:2|BATTLE:0|BOOST:0|MUVO:0|EFIT:3",1791431103,1791431113
"2026-10-08 00:45:17","127",15,0,0,0,"IN_SERVICE",true,true,true,"FIT:13|BATTLE:0|BOOST:0|MUVO:0|EFIT:2",1791430949,1791431113
"2026-10-08 00:45:17","128",11,0,8,0,"IN_SERVICE",true,true,true,"FIT:7|BATTLE:0|BOOST:0|MUVO:0|EFIT:4",1791430948,1791431113
"2026-10-08 00:45:17","129",0,0,11,0,"IN_SERVICE",true,true,true,"FIT:0|BATTLE:0|BOOST:0|MUVO:0|EFIT:0",1791431099,1791431113
"2026-10-08 00:45:17","131",12,1,10,0,"IN_SERVICE",true,true,true,"FIT:12|BATTLE:0|BOOST:0|MUVO:0|EFIT:0",1791430941,1791431113
"2026-10-08 00:45:17","132",7,0,12,0,"IN_SERVICE",true,true,true,"FIT:7|BATTLE:0|BOOST:0|MUVO:0|EFIT:0",1791431000,1791431113
"2026-10-08 00:45:17","133",0,0,15,0,"IN_SERVICE",true,true,true,"FIT:0|BATTLE:0|BOOST:0|MUVO:0|EFIT:0",1791431007,1791431113
"2026-10-08 00:45:17","134",1,0,22,0,"IN_SERVICE",true,true,true,"FIT:1|BATTLE:0|BOOST:0|MUVO:0|EFIT:0",1791431022,1791431113
"2026-10-08 00:45:17","136",7,0,7,1,"IN_SERVICE",true,true,true,"FIT:3|BATTLE:0|BOOST:0|MUVO:0|EFIT:4",1791431016,1791431113
"2026-10-08 00:45:17","137",11,0,8,0,"IN_SERVICE",true,true,true,"FIT:9|BATTLE:0|BOOST:0|MUVO:0|EFIT:2",1791430968,1791431113
"2026-10-08 00:45:17","138",10,0,4,1,"IN_SERVICE",true,true,true,"FIT:8|BATTLE:0|BOOST:0|MUVO:0|EFIT:2",1791431023,1791431113
"2026-10-08 00:45:17","139",13,0,10,0,"IN_SERVICE",true,true,true,"FIT:13|BATTLE:0|BOOST:0|MUVO:0|EFIT:0",1791430941,1791431113
"2026-10-08 00:45:17","140",18,0,10,1,"IN_SERVICE",true,true,true,"FIT:11|BATTLE:0|BOOST:0|MUVO:0|EFIT:7",1791431026,1791431113
"2026-10-08 00:45:17","141",6,0,9,0,"IN_SERVICE",true,true,true,"FIT:6|BATTLE:0|BOOST:0|MUVO:0|EFIT:0",1791431042,1791431113
"2026-10-08 00:45:17","142",18,0,1,0,"IN_SERVICE",true,true,true,"FIT:17|BATTLE:0|BOOST:0|MUVO:0|EFIT:1",1791430936,1791431113
"2026-10-08 00:45:17","143",2,0,12,1,"IN_SERVICE",true,true,true,"FIT:1|BATTLE:0|BOOST:0|MUVO:0|EFIT:1",1791431027,1791431113
"2026-10-08 00:45:17","145",16,0,3,0,"IN_SERVICE",true,true,true,"FIT:11|BATTLE:0|BOOST:0|MUVO:0|EFIT:5",1791431054,1791431113
"2026-10-08 00:45:17","146",1,1,13,0,"IN_SERVICE",true,true,true,"FIT:0|BATTLE:0|BOOST:0|MUVO:0|EFIT:1",1791430971,1791431113
"2026-10-08 00:45:17","148",6,0,9,0,"IN_SERVICE",true,true,true,"FIT:5|BATTLE:0|BOOST:0|MUVO:0|EFIT:1",1791431048,1791431113
"2026-10-08 00:45:17","149",0,0,15,0,"IN_SERVICE",true,true,true,"FIT:0|BATTLE:0|BOOST:0|MUVO:0|EFIT:0",1791431050,1791431113
"2026-10-08 00:45:17","150",12,1,3,0,"IN_SERVICE",true,true,true,"FIT:11|BATTLE:0|BOOST:0|MUVO:0|EFIT:1",1791431036,1791431113
"2026-10-08 00:45:17","152",6,0,5,0,"IN_SERVICE",true,true,true,"FIT:2|BATTLE:0|BOOST:0|MUVO:0|EFIT:4",1791431072,1791431113
"2026-10-08 00:45:17","153",1,0,18,0,"IN_SERVICE",true,true,true,"FIT:1|BATTLE:0|BOOST:0|MUVO:0|EFIT:0",1791431015,1791431113
"2026-10-08 00:45:17","154",9,1,7,0,"IN_SERVICE",true,true,true,"FIT:8|BATTLE:0|BOOST:0|MUVO:0|EFIT:1",1791431071,1791431113
"2026-10-08 00:45:17","155",14,2,3,0,"IN_SERVICE",true,true,true,"FIT:14|BATTLE:0|BOOST:0|MUVO:0|EFIT:0",1791430955,1791431113
"2026-10-08 00:45:17","157",4,0,15,0,"IN_SERVICE",true,true,true,"FIT:4|BATTLE:0|BOOST:0|MUVO:0|EFIT:0",1791431066,1791431113
"2026-10-08 00:45:17","158",12,1,6,0,"IN_SERVICE",true,true,true,"FIT:12|BATTLE:0|BOOST:0|MUVO:0|EFIT:0",1791430968,1791431113
"2026-10-08 00:45:17","159",2,1,12,0,"IN_SERVICE",true,true,true,"FIT:2|BATTLE:0|BOOST:0|MUVO:0|EFIT:0",1791431021,1791431113
"2026-10-08 00:45:17","160",4,0,9,0,"IN_SERVICE",true,true,true,"FIT:4|BATTLE:0|BOOST:0|MUVO:0|EFIT:0",1791431033,1791431113
"2026-10-08 00:45:17","161",1,0,10,0,"IN_SERVICE",true,true,true,"FIT:1|BATTLE:0|BOOST:0|MUVO:0|EFIT:0",1791431070,1791431113
"2026-10-08 00:45:17","162",1,1,15,0,"IN_SERVICE",true,true,true,"FIT:1|BATTLE:0|BOOST:0|MUVO:0|EFIT:0",1791430988,1791431113
"2026-10-08 00:45:17","163",10,0,7,0,"IN_SERVICE",true,true,true,"FIT:9|BATTLE:0|BOOST:0|MUVO:0|EFIT:1",1791430955,1791431113
"2026-10-08 00:45:17","164",2,0,15,0,"IN_SERVICE",true,true,true,"FIT:2|BATTLE:0|BOOST:0|MUVO:0|EFIT:0",1791431108,1791431113
"2026-10-08 00:45:17","165",0,0,15,0,"IN_SERVICE",true,true,true,"FIT:0|BATTLE:0|BOOST:0|MUVO:0|EFIT:0",1791431101,1791431113
"2026-10-08 00:45:17","166",1,1,9,0,"IN_SERVICE",true,true,true,"FIT:1|BATTLE:0|BOOST:0|MUVO:0|EFIT:0",1791430969,1791431113
"2026-10-08 00:45:17","167",0,1,29,1,"IN_SERVICE",true,true,true,"FIT:0|BATTLE:0|BOOST:0|MUVO:0|EFIT:0",1791430964,1791431113
"2026-10-08 00:45:17","168",0,0,19,0,"IN_SERVICE",true,true,true,"FIT:0|BATTLE:0|BOOST:0|MUVO:0|EFIT:0",1791430999,1791431113
"2026-10-08 00:45:17","169",9,1,5,0,"IN_SERVICE",true,true,true,"FIT:8|BATTLE:0|BOOST:0|MUVO:0|EFIT:1",1791431087,1791431113
"2026-10-08 00:45:17","170",3,1,10,0,"IN_SERVICE",true,true,true,"FIT:3|BATTLE:0|BOOST:0|MUVO:0|EFIT:0",1791431030,1791431113
"2026-10-08 00:45:17","171",0,0,10,1,"IN_SERVICE",true,true,true,"FIT:0|BATTLE:0|BOOST:0|MUVO:0|EFIT:0",1791431030,1791431113
"2026-10-08 00:45:17","172",8,2,1,0,"IN_SERVICE",true,true,true,"FIT:8|BATTLE:0|BOOST:0|MUVO:0|EFIT:0",1791430944,1791431113
"2026-10-08 00:45:17","173",9,0,5,1,"IN_SERVICE",true,true,true,"FIT:9|BATTLE:0|BOOST:0|MUVO:0|EFIT:0",1791430894,1791431113
"2026-10-08 00:45:17","174",11,0,4,0,"IN_SERVICE",true,true,true,"FIT:11|BATTLE:0|BOOST:0|MUVO:0|EFIT:0",1791430949,1791431113
"2026-10-08 00:45:17","175",21,0,1,0,"IN_SERVICE",true,true,true,"FIT:21|BATTLE:0|BOOST:0|MUVO:0|EFIT:0",1791430998,1791431113
"2026-10-08 00:45:17","176",13,0,2,0,"IN_SERVICE",true,true,true,"FIT:13|BATTLE:0|BOOST:0|MUVO:0|EFIT:0",1791430936,1791431113
"2026-10-08 00:45:17","177",7,0,8,0,"IN_SERVICE",true,true,true,"FIT:7|BATTLE:0|BOOST:0|MUVO:0|EFIT:0",1791431019,1791431113
"2026-10-08 00:45:17","178",15,0,3,1,"IN_SERVICE",true,true,true,"FIT:15|BATTLE:0|BOOST:0|MUVO:0|EFIT:0",1791430945,1791431113
"2026-10-08 00:45:17","179",4,0,15,0,"IN_SERVICE",true,true,true,"FIT:4|BATTLE:0|BOOST:0|MUVO:0|EFIT:0",1791430939,1791431113
"2026-10-08 00:45:17","180",9,0,6,0,"IN_SERVICE",true,true,true,"FIT:9|BATTLE:0|BOOST:0|MUVO:0|EFIT:0",1791430995,1791431113
"2026-10-08 00:45:17","181",4,0,11,0,"IN_SERVICE",true,true,true,"FIT:4|BATTLE:0|BOOST:0|MUVO:0|EFIT:0",1791430989,1791431113
"2026-10-08 00:45:17","182",14,0,5,0,"IN_SERVICE",true,true,true,"FIT:14|BATTLE:0|BOOST:0|MUVO:0|EFIT:0",1791431106,1791431113
"2026-10-08 00:45:17","183",1,0,18,0,"IN_SERVICE",true,true,true,"FIT:1|BATTLE:0|BOOST:0|MUVO:0|EFIT:0",1791430988,1791431113
"2026-10-08 00:45:17","184",5,0,14,0,"IN_SERVICE",true,true,true,"FIT:4|BATTLE:0|BOOST:0|MUVO:0|EFIT:1",1791431033,1791431113
"2026-10-08 00:45:17","185",8,1,9,0,"IN_SERVICE",true,true,true,"FIT:8|BATTLE:0|BOOST:0|MUVO:0|EFIT:0",1791430965,1791431113
"2026-10-08 00:45:17","186",7,0,4,0,"IN_SERVICE",true,true,true,"FIT:7|BATTLE:0|BOOST:0|MUVO:0|EFIT:0",1791431071,1791431113
"2026-10-08 00:45:17","187",1,0,16,0,"IN_SERVICE",true,true,true,"FIT:1|BATTLE:0|BOOST:0|MUVO:0|EFIT:0",1791431065,1791431113
"2026-10-08 00:45:17","188",1,0,16,0,"IN_SERVICE",true,true,true,"FIT:1|BATTLE:0|BOOST:0|MUVO:0|EFIT:0",1791430937,1791431113
"2026-10-08 00:45:17","189",10,0,5,0,"IN_SERVICE",true,true,true,"FIT:10|BATTLE:0|BOOST:0|MUVO:0|EFIT:0",1791430939,1791431113
"2026-10-08 00:45:17","190",2,0,28,1,"IN_SERVICE",true,true,true,"FIT:2|BATTLE:0|BOOST:0|MUVO:0|EFIT:0",1791430995,1791431113
"2026-10-08 00:45:17","192",3,0,7,0,"IN_SERVICE",true,true,true,"FIT:3|BATTLE:0|BOOST:0|MUVO:0|EFIT:0",1791431059,1791431113
"2026-10-08 00:45:17","193",0,0,0,0,"IN_SERVICE",true,true,true,"FIT:0|BATTLE:0|BOOST:0|MUVO:0|EFIT:0",1791431069,1791431113
"2026-10-08 00:45:17","194",6,0,11,0,"IN_SERVICE",true,true,true,"FIT:6|BATTLE:0|BOOST:0|MUVO:0|EFIT:0",1791431072,1791431113
"2026-10-08 00:45:17","195",15,0,0,0,"IN_SERVICE",true,true,true,"FIT:15|BATTLE:0|BOOST:0|MUVO:0|EFIT:0",1791431080,1791431113
"2026-10-08 00:45:17","196",7,1,7,0,"IN_SERVICE",true,true,true,"FIT:7|BATTLE:0|BOOST:0|MUVO:0|EFIT:0",1791431023,1791431113
"2026-10-08 00:45:17","197",5,1,8,1,"IN_SERVICE",true,true,true,"FIT:5|BATTLE:0|BOOST:0|MUVO:0|EFIT:0",1791431063,1791431113
"2026-10-08 00:45:17","198",11,0,4,0,"IN_SERVICE",true,true,true,"FIT:10|BATTLE:0|BOOST:0|MUVO:0|EFIT:1",1791431070,1791431113
"2026-10-08 00:45:17","199",10,0,17,0,"IN_SERVICE",true,true,true,"FIT:9|BATTLE:0|BOOST:0|MUVO:0|EFIT:1",1791431000,1791431113
"2026-10-08 00:45:17","200",9,0,6,0,"IN_SERVICE",true,true,true,"FIT:9|BATTLE:0|BOOST:0|MUVO:0|EFIT:0",1791430957,1791431113
"2026-10-08 00:45:17","201",8,1,6,0,"IN_SERVICE",true,true,true,"FIT:8|BATTLE:0|BOOST:0|MUVO:0|EFIT:0",1791431011,1791431113
"2026-10-08 00:45:17","202",2,1,16,0,"IN_SERVICE",true,true,true,"FIT:2|BATTLE:0|BOOST:0|MUVO:0|EFIT:0",1791431084,1791431113
"2026-10-08 00:45:17","203",1,1,17,0,"IN_SERVICE",true,true,true,"FIT:1|BATTLE:0|BOOST:0|MUVO:0|EFIT:0",1791430948,1791431113
"2026-10-08 00:45:17","204",0,0,17,0,"IN_SERVICE",true,true,true,"FIT:0|BATTLE:0|BOOST:0|MUVO:0|EFIT:0",1791431023,1791431113
"2026-10-08 00:45:17","205",0,0,17,0,"IN_SERVICE",true,true,true,"FIT:0|BATTLE:0|BOOST:0|MUVO:0|EFIT:0",1791431006,1791431113
"2026-10-08 00:45:17","206",2,0,13,0,"IN_SERVICE",true,true,true,"FIT:2|BATTLE:0|BOOST:0|MUVO:0|EFIT:0",1791431079,1791431113
"2026-10-08 00:45:17","207",0,0,23,0,"IN_SERVICE",true,true,true,"FIT:0|BATTLE:0|BOOST:0|MUVO:0|EFIT:0",1791430944,1791431113
"2026-10-08 00:45:17","208",1,1,16,0,"IN_SERVICE",true,true,true,"FIT:1|BATTLE:0|BOOST:0|MUVO:0|EFIT:0",1791430990,1791431113
"2026-10-08 00:45:17","209",0,0,19,0,"IN_SERVICE",true,true,true,"FIT:0|BATTLE:0|BOOST:0|MUVO:0|EFIT:0",1791431052,1791431113
"2026-10-08 00:45:17","210",9,0,20,0,"IN_SERVICE",true,true,true,"FIT:9|BATTLE:0|BOOST:0|MUVO:0|EFIT:0",1791431006,1791431113
"2026-10-08 00:45:17","212",0,0,14,1,"IN_SERVICE",true,true,true,"FIT:0|BATTLE:0|BOOST:0|MUVO:0|EFIT:0",1791431070,1791431113
"2026-10-08 00:45:17","213",0,0,19,0,"IN_SERVICE",true,true,true,"FIT:0|BATTLE:0|BOOST:0|MUVO:0|EFIT:0",1791430977,1791431113
"2026-10-08 00:45:17","214",3,0,18,0,"IN_SERVICE",true,true,true,"FIT:3|BATTLE:0|BOOST:0|MUVO:0|EFIT:0",1791431084,1791431113
"2026-10-08 00:45:17","215",0,0,22,1,"IN_SERVICE",true,true,true,"FIT:0|BATTLE:0|BOOST:0|MUVO:0|EFIT:0",1791430959,1791431113
"2026-10-08 00:45:17","217",7,0,8,0,"IN_SERVICE",true,true,true,"FIT:7|BATTLE:0|BOOST:0|MUVO:0|EFIT:0",1791430987,1791431113
"2026-10-08 00:45:17","220",2,0,17,0,"IN_SERVICE",true,true,true,"FIT:1|BATTLE:0|BOOST:0|MUVO:0|EFIT:1",1791430930,1791431113
"2026-10-08 00:45:17","221",14,0,1,0,"IN_SERVICE",true,true,true,"FIT:14|BATTLE:0|BOOST:0|MUVO:0|EFIT:0",1791431008,1791431113
"2026-10-08 00:45:17","222",12,0,3,0,"IN_SERVICE",true,true,true,"FIT:11|BATTLE:0|BOOST:0|MUVO:0|EFIT:1",1791431018,1791431113
"2026-10-08 00:45:17","223",14,0,3,0,"IN_SERVICE",true,true,true,"FIT:14|BATTLE:0|BOOST:0|MUVO:0|EFIT:0",1791431060,1791431113
"2026-10-08 00:45:17","224",0,0,15,0,"IN_SERVICE",true,true,true,"FIT:0|BATTLE:0|BOOST:0|MUVO:0|EFIT:0",1791430989,1791431113
"2026-10-08 00:45:17","225",3,0,8,0,"IN_SERVICE",true,true,true,"FIT:3|BATTLE:0|BOOST:0|MUVO:0|EFIT:0",1791431056,1791431113
"2026-10-08 00:45:17","226",21,0,2,0,"IN_SERVICE",true,true,true,"FIT:21|BATTLE:0|BOOST:0|MUVO:0|EFIT:0",1791431017,1791431113
"2026-10-08 00:45:17","228",4,0,13,2,"IN_SERVICE",true,true,true,"FIT:4|BATTLE:0|BOOST:0|MUVO:0|EFIT:0",1791430976,1791431113
"2026-10-08 00:45:17","229",10,1,5,1,"IN_SERVICE",true,true,true,"FIT:8|BATTLE:0|BOOST:0|MUVO:0|EFIT:2",1791430947,1791431113
"2026-10-08 00:45:17","230",18,0,1,0,"IN_SERVICE",true,true,true,"FIT:18|BATTLE:0|BOOST:0|MUVO:0|EFIT:0",1791431083,1791431113
"2026-10-08 00:45:17","231",8,0,7,0,"IN_SERVICE",true,true,true,"FIT:8|BATTLE:0|BOOST:0|MUVO:0|EFIT:0",1791431076,1791431113
"2026-10-08 00:45:17","232",16,4,9,0,"IN_SERVICE",true,true,true,"FIT:16|BATTLE:0|BOOST:0|MUVO:0|EFIT:0",1791430989,1791431113
"2026-10-08 00:45:17","233",13,1,17,0,"IN_SERVICE",true,true,true,"FIT:13|BATTLE:0|BOOST:0|MUVO:0|EFIT:0",1791431010,1791431113
"2026-10-08 00:45:17","234",4,1,10,0,"IN_SERVICE",true,true,true,"FIT:3|BATTLE:0|BOOST:0|MUVO:0|EFIT:1",1791431056,1791431113
"2026-10-08 00:45:17","235",1,0,13,1,"IN_SERVICE",true,true,true,"FIT:1|BATTLE:0|BOOST:0|MUVO:0|EFIT:0",1791431112,1791431113
"2026-10-08 00:45:17","236",4,1,10,0,"IN_SERVICE",true,true,true,"FIT:4|BATTLE:0|BOOST:0|MUVO:0|EFIT:0",1791431022,1791431113
"2026-10-08 00:45:17","237",1,0,13,0,"IN_SERVICE",true,true,true,"FIT:1|BATTLE:0|BOOST:0|MUVO:0|EFIT:0",1791430982,1791431113
"2026-10-08 00:45:17","238",2,0,12,0,"IN_SERVICE",true,true,true,"FIT:2|BATTLE:0|BOOST:0|MUVO:0|EFIT:0",1791431086,1791431113
"2026-10-08 00:45:17","239",0,0,15,0,"IN_SERVICE",true,true,true,"FIT:0|BATTLE:0|BOOST:0|MUVO:0|EFIT:0",1791431109,1791431113
"2026-10-08 00:45:17","240",3,0,11,0,"IN_SERVICE",true,true,true,"FIT:3|BATTLE:0|BOOST:0|MUVO:0|EFIT:0",1791431085,1791431113
"2026-10-08 00:45:17","241",3,0,12,0,"IN_SERVICE",true,true,true,"FIT:3|BATTLE:0|BOOST:0|MUVO:0|EFIT:0",1791431108,1791431113
"2026-10-08 00:45:17","242",4,1,8,0,"IN_SERVICE",true,true,true,"FIT:4|BATTLE:0|BOOST:0|MUVO:0|EFIT:0",1791431087,1791431113
"2026-10-08 00:45:17","244",1,0,10,0,"IN_SERVICE",true,true,true,"FIT:1|BATTLE:0|BOOST:0|MUVO:0|EFIT:0",1791430978,1791431113
"2026-10-08 00:45:17","246",10,1,4,0,"IN_SERVICE",true,true,true,"FIT:10|BATTLE:0|BOOST:0|MUVO:0|EFIT:0",1791430943,1791431113
"2026-10-08 00:45:17","247",8,0,10,0,"IN_SERVICE",true,true,true,"FIT:8|BATTLE:0|BOOST:0|MUVO:0|EFIT:0",1791430387,1791431113
"2026-10-08 00:45:17","248",5,0,10,0,"IN_SERVICE",true,true,true,"FIT:5|BATTLE:0|BOOST:0|MUVO:0|EFIT:0",1791430960,1791431113
"2026-10-08 00:45:17","250",2,0,9,0,"IN_SERVICE",true,true,true,"FIT:2|BATTLE:0|BOOST:0|MUVO:0|EFIT:0",1791430937,1791431113
"2026-10-08 00:45:17","252",1,1,17,0,"IN_SERVICE",true,true,true,"FIT:1|BATTLE:0|BOOST:0|MUVO:0|EFIT:0",1791430960,1791431113
"2026-10-08 00:45:17","253",7,0,4,0,"IN_SERVICE",true,true,true,"FIT:7|BATTLE:0|BOOST:0|MUVO:0|EFIT:0",1791431098,1791431113
"2026-10-08 00:45:17","254",0,1,10,0,"IN_SERVICE",true,true,true,"FIT:0|BATTLE:0|BOOST:0|MUVO:0|EFIT:0",1791431017,1791431113
"2026-10-08 00:45:17","255",0,0,11,0,"IN_SERVICE",true,true,true,"FIT:0|BATTLE:0|BOOST:0|MUVO:0|EFIT:0",1791431083,1791431113
"2026-10-08 00:45:17","256",12,0,3,0,"IN_SERVICE",true,true,true,"FIT:11|BATTLE:0|BOOST:0|MUVO:0|EFIT:1",1791431043,1791431113
"2026-10-08 00:45:17","257",10,1,13,0,"IN_SERVICE",true,true,true,"FIT:10|BATTLE:0|BOOST:0|MUVO:0|EFIT:0",1791430943,1791431113
"2026-10-08 00:45:17","259",9,2,6,0,"IN_SERVICE",true,true,true,"FIT:9|BATTLE:0|BOOST:0|MUVO:0|EFIT:0",1791431051,1791431113
"2026-10-08 00:45:17","260",2,0,25,0,"IN_SERVICE",true,true,true,"FIT:2|BATTLE:0|BOOST:0|MUVO:0|EFIT:0",1791431110,1791431113
"2026-10-08 00:45:17","261",4,0,11,0,"IN_SERVICE",true,true,true,"FIT:4|BATTLE:0|BOOST:0|MUVO:0|EFIT:0",1791431083,1791431113
"2026-10-08 00:45:17","262",11,0,3,1,"IN_SERVICE",true,true,true,"FIT:11|BATTLE:0|BOOST:0|MUVO:0|EFIT:0",1791430959,1791431113
"2026-10-08 00:45:17","263",1,1,9,0,"IN_SERVICE",true,true,true,"FIT:1|BATTLE:0|BOOST:0|MUVO:0|EFIT:0",1791431079,1791431113
"2026-10-08 00:45:17","271",4,0,7,0,"IN_SERVICE",true,true,true,"FIT:4|BATTLE:0|BOOST:0|MUVO:0|EFIT:0",1791431097,1791431113
"2026-10-08 00:45:17","273",1,0,15,1,"IN_SERVICE",true,true,true,"FIT:1|BATTLE:0|BOOST:0|MUVO:0|EFIT:0",1791431095,1791431113
"2026-10-08 00:45:17","285",2,0,7,2,"IN_SERVICE",true,true,true,"FIT:2|BATTLE:0|BOOST:0|MUVO:0|EFIT:0",1791430943,1791431113
"2026-10-08 00:45:17","287",3,0,8,0,"IN_SERVICE",true,true,true,"FIT:3|BATTLE:0|BOOST:0|MUVO:0|EFIT:0",1791430951,1791431113
"2026-10-08 00:45:17","290",4,0,7,0,"IN_SERVICE",true,true,true,"FIT:4|BATTLE:0|BOOST:0|MUVO:0|EFIT:0",1791430948,1791431113
"2026-10-08 00:45:17","293",4,0,15,0,"IN_SERVICE",true,true,true,"FIT:4|BATTLE:0|BOOST:0|MUVO:0|EFIT:0",1791430946,1791431113
"2026-10-08 00:45:17","295",6,0,13,0,"IN_SERVICE",true,true,true,"FIT:6|BATTLE:0|BOOST:0|MUVO:0|EFIT:0",1791430978,1791431113
"2026-10-08 00:45:17","299",4,0,7,0,"IN_SERVICE",true,true,true,"FIT:4|BATTLE:0|BOOST:0|MUVO:0|EFIT:0",1791431049,1791431113
"2026-10-08 00:45:17","304",6,0,5,0,"IN_SERVICE",true,true,true,"FIT:6|BATTLE:0|BOOST:0|MUVO:0|EFIT:0",1791430988,1791431113
"2026-10-08 00:45:17","313",6,0,5,0,"IN_SERVICE",true,true,true,"FIT:1|BATTLE:0|BOOST:0|MUVO:0|EFIT:5",1791431050,1791431113
"2026-10-08 00:45:17","314",17,0,0,0,"IN_SERVICE",true,true,true,"FIT:17|BATTLE:0|BOOST:0|MUVO:0|EFIT:0",1791431032,1791431113
"2026-10-08 00:45:17","329",9,0,8,0,"IN_SERVICE",true,true,true,"FIT:9|BATTLE:0|BOOST:0|MUVO:0|EFIT:0",1791431026,1791431113
"2026-10-08 00:45:17","330",1,1,10,0,"IN_SERVICE",true,true,true,"FIT:1|BATTLE:0|BOOST:0|MUVO:0|EFIT:0",1791431032,1791431113
"2026-10-08 00:45:17","336",10,0,7,0,"IN_SERVICE",true,true,true,"FIT:10|BATTLE:0|BOOST:0|MUVO:0|EFIT:0",1791430979,1791431113
"2026-10-08 00:45:17","337",14,0,5,0,"IN_SERVICE",true,true,true,"FIT:14|BATTLE:0|BOOST:0|MUVO:0|EFIT:0",1791430952,1791431113
"2026-10-08 00:45:17","338",17,0,6,0,"IN_SERVICE",true,true,true,"FIT:16|BATTLE:0|BOOST:0|MUVO:0|EFIT:1",1791430982,1791431113
"2026-10-08 00:45:17","339",9,2,5,1,"IN_SERVICE",true,true,true,"FIT:9|BATTLE:0|BOOST:0|MUVO:0|EFIT:0",1791430974,1791431113
"2026-10-08 00:45:17","340",14,0,1,0,"IN_SERVICE",true,true,true,"FIT:14|BATTLE:0|BOOST:0|MUVO:0|EFIT:0",1791431105,1791431113
"2026-10-08 00:45:17","342",2,0,9,0,"IN_SERVICE",true,true,true,"FIT:2|BATTLE:0|BOOST:0|MUVO:0|EFIT:0",1791431111,1791431113
"2026-10-08 00:45:17","343",8,0,7,0,"IN_SERVICE",true,true,true,"FIT:8|BATTLE:0|BOOST:0|MUVO:0|EFIT:0",1791431057,1791431113
"2026-10-08 00:45:17","344",1,0,14,0,"IN_SERVICE",true,true,true,"FIT:1|BATTLE:0|BOOST:0|MUVO:0|EFIT:0",1791431012,1791431113
"2026-10-08 00:45:17","345",3,0,24,0,"IN_SERVICE",true,true,true,"FIT:3|BATTLE:0|BOOST:0|MUVO:0|EFIT:0",1791431049,1791431113
"2026-10-08 00:45:17","346",26,0,3,2,"IN_SERVICE",true,true,true,"FIT:25|BATTLE:0|BOOST:0|MUVO:0|EFIT:1",1791431078,1791431113
"2026-10-08 00:45:17","347",7,0,20,0,"IN_SERVICE",true,true,true,"FIT:7|BATTLE:0|BOOST:0|MUVO:0|EFIT:0",1791431036,1791431113
"2026-10-08 00:45:17","349",7,0,8,0,"IN_SERVICE",true,true,true,"FIT:1|BATTLE:0|BOOST:0|MUVO:0|EFIT:6",1791430961,1791431113
"2026-10-08 00:45:17","350",21,0,2,0,"IN_SERVICE",true,true,true,"FIT:21|BATTLE:0|BOOST:0|MUVO:0|EFIT:0",1791431088,1791431113
"2026-10-08 00:45:17","351",3,0,16,0,"IN_SERVICE",true,true,true,"FIT:3|BATTLE:0|BOOST:0|MUVO:0|EFIT:0",1791431016,1791431113
"2026-10-08 00:45:17","352",11,0,0,0,"IN_SERVICE",true,true,true,"FIT:11|BATTLE:0|BOOST:0|MUVO:0|EFIT:0",1791431031,1791431113
"2026-10-08 00:45:17","353",11,0,4,0,"IN_SERVICE",true,true,true,"FIT:11|BATTLE:0|BOOST:0|MUVO:0|EFIT:0",1791430963,1791431113
"2026-10-08 00:45:17","354",8,2,0,1,"IN_SERVICE",true,true,true,"FIT:8|BATTLE:0|BOOST:0|MUVO:0|EFIT:0",1791431088,1791431113
"2026-10-08 00:45:17","355",5,0,6,0,"IN_SERVICE",true,true,true,"FIT:5|BATTLE:0|BOOST:0|MUVO:0|EFIT:0",1791430970,1791431113
"2026-10-08 00:45:17","356",13,1,1,0,"IN_SERVICE",true,true,true,"FIT:13|BATTLE:0|BOOST:0|MUVO:0|EFIT:0",1791431029,1791431113
"2026-10-08 00:45:17","357",8,0,9,0,"IN_SERVICE",true,true,true,"FIT:7|BATTLE:0|BOOST:0|MUVO:0|EFIT:1",1791430995,1791431113
"2026-10-08 00:45:17","358",1,0,14,0,"IN_SERVICE",true,true,true,"FIT:1|BATTLE:0|BOOST:0|MUVO:0|EFIT:0",1791431053,1791431113
"2026-10-08 00:45:17","360",7,1,2,1,"IN_SERVICE",true,true,true,"FIT:7|BATTLE:0|BOOST:0|MUVO:0|EFIT:0",1791431044,1791431113
"2026-10-08 00:45:17","361",12,0,3,2,"IN_SERVICE",true,true,true,"FIT:12|BATTLE:0|BOOST:0|MUVO:0|EFIT:0",1791431065,1791431113
"2026-10-08 00:45:17","362",13,0,10,0,"IN_SERVICE",true,true,true,"FIT:12|BATTLE:0|BOOST:0|MUVO:0|EFIT:1",1791430970,1791431113
"2026-10-08 00:45:17","363",10,0,1,0,"IN_SERVICE",true,true,true,"FIT:10|BATTLE:0|BOOST:0|MUVO:0|EFIT:0",1791430965,1791431113
"2026-10-08 00:45:17","364",16,0,7,0,"IN_SERVICE",true,true,true,"FIT:16|BATTLE:0|BOOST:0|MUVO:0|EFIT:0",1791430987,1791431113
"2026-10-08 00:45:17","365",10,0,1,0,"IN_SERVICE",true,true,true,"FIT:10|BATTLE:0|BOOST:0|MUVO:0|EFIT:0",1791431096,1791431113
"2026-10-08 00:45:17","366",11,1,15,0,"IN_SERVICE",true,true,true,"FIT:11|BATTLE:0|BOOST:0|MUVO:0|EFIT:0",1791431063,1791431113
"2026-10-08 00:45:17","367",2,1,28,0,"IN_SERVICE",true,true,true,"FIT:2|BATTLE:0|BOOST:0|MUVO:0|EFIT:0",1791431048,1791431113
"2026-10-08 00:45:17","370",10,2,5,0,"IN_SERVICE",true,true,true,"FIT:9|BATTLE:0|BOOST:0|MUVO:0|EFIT:1",1791430981,1791431113
"2026-10-08 00:45:17","371",15,0,0,0,"IN_SERVICE",true,true,true,"FIT:15|BATTLE:0|BOOST:0|MUVO:0|EFIT:0",1791430948,1791431113
"2026-10-08 00:45:17","372",7,0,8,0,"IN_SERVICE",true,true,true,"FIT:6|BATTLE:0|BOOST:0|MUVO:0|EFIT:1",1791430991,1791431113
"2026-10-08 00:45:17","373",3,0,11,0,"IN_SERVICE",true,true,true,"FIT:2|BATTLE:0|BOOST:0|MUVO:0|EFIT:1",1791430957,1791431113
"2026-10-08 00:45:17","374",15,1,3,0,"IN_SERVICE",true,true,true,"FIT:15|BATTLE:0|BOOST:0|MUVO:0|EFIT:0",1791431037,1791431113
"2026-10-08 00:45:17","375",2,0,12,1,"IN_SERVICE",true,true,true,"FIT:2|BATTLE:0|BOOST:0|MUVO:0|EFIT:0",1791430850,1791431113
"2026-10-08 00:45:17","376",10,0,1,0,"IN_SERVICE",true,true,true,"FIT:10|BATTLE:0|BOOST:0|MUVO:0|EFIT:0",1791430948,1791431113
"2026-10-08 00:45:17","377",12,0,7,0,"IN_SERVICE",true,true,true,"FIT:12|BATTLE:0|BOOST:0|MUVO:0|EFIT:0",1791431075,1791431113
"2026-10-08 00:45:17","378",15,0,0,0,"IN_SERVICE",true,true,true,"FIT:15|BATTLE:0|BOOST:0|MUVO:0|EFIT:0",1791431051,1791431113
"2026-10-08 00:45:17","379",9,0,8,0,"IN_SERVICE",true,true,true,"FIT:9|BATTLE:0|BOOST:0|MUVO:0|EFIT:0",1791431100,1791431113
"2026-10-08 00:45:17","381",11,0,4,0,"IN_SERVICE",true,true,true,"FIT:11|BATTLE:0|BOOST:0|MUVO:0|EFIT:0",1791430959,1791431113
"2026-10-08 00:45:17","382",10,1,8,0,"IN_SERVICE",true,true,true,"FIT:10|BATTLE:0|BOOST:0|MUVO:0|EFIT:0",1791431005,1791431113
"2026-10-08 00:45:17","383",3,0,8,0,"IN_SERVICE",true,true,true,"FIT:3|BATTLE:0|BOOST:0|MUVO:0|EFIT:0",1791430945,1791431113
"2026-10-08 00:45:17","384",15,0,0,0,"IN_SERVICE",true,true,true,"FIT:15|BATTLE:0|BOOST:0|MUVO:0|EFIT:0",1791431037,1791431113
"2026-10-08 00:45:17","389",0,0,11,0,"IN_SERVICE",true,true,true,"FIT:0|BATTLE:0|BOOST:0|MUVO:0|EFIT:0",1791430997,1791431113
"2026-10-08 00:45:17","391",16,0,1,0,"IN_SERVICE",true,true,true,"FIT:16|BATTLE:0|BOOST:0|MUVO:0|EFIT:0",1791431022,1791431113
"2026-10-08 00:45:17","404",24,0,3,0,"IN_SERVICE",true,true,true,"FIT:21|BATTLE:0|BOOST:0|MUVO:0|EFIT:3",1791431048,1791431113
"2026-10-08 00:45:17","416",0,0,15,0,"IN_SERVICE",true,true,true,"FIT:0|BATTLE:0|BOOST:0|MUVO:0|EFIT:0",1791431055,1791431113
"2026-10-08 00:45:17","417",13,0,1,1,"IN_SERVICE",true,true,true,"FIT:13|BATTLE:0|BOOST:0|MUVO:0|EFIT:0",1791430976,1791431113
"2026-10-08 00:45:17","418",14,2,3,0,"IN_SERVICE",true,true,true,"FIT:5|BATTLE:0|BOOST:0|MUVO:0|EFIT:9",1791431013,1791431113
"2026-10-08 00:45:17","419",3,0,13,3,"IN_SERVICE",true,true,true,"FIT:2|BATTLE:0|BOOST:0|MUVO:0|EFIT:1",1791431007,1791431113
"2026-10-08 00:45:17","421",9,0,13,1,"IN_SERVICE",true,true,true,"FIT:6|BATTLE:0|BOOST:0|MUVO:0|EFIT:3",1791431037,1791431113
"2026-10-08 00:45:17","422",8,1,2,0,"IN_SERVICE",true,true,true,"FIT:8|BATTLE:0|BOOST:0|MUVO:0|EFIT:0",1791430972,1791431113
"2026-10-08 00:45:17","424",17,1,1,0,"IN_SERVICE",true,true,true,"FIT:17|BATTLE:0|BOOST:0|MUVO:0|EFIT:0",1791430957,1791431113
"2026-10-08 00:45:17","425",1,1,25,0,"IN_SERVICE",true,true,true,"FIT:0|BATTLE:0|BOOST:0|MUVO:0|EFIT:1",1791431070,1791431113
"2026-10-08 00:45:17","426",6,0,9,0,"IN_SERVICE",true,true,true,"FIT:3|BATTLE:0|BOOST:0|MUVO:0|EFIT:3",1791431049,1791431113
"2026-10-08 00:45:17","427",8,0,7,0,"IN_SERVICE",true,true,true,"FIT:8|BATTLE:0|BOOST:0|MUVO:0|EFIT:0",1791431108,1791431113
"2026-10-08 00:45:17","429",2,0,13,0,"IN_SERVICE",true,true,true,"FIT:1|BATTLE:0|BOOST:0|MUVO:0|EFIT:1",1791430960,1791431113
"2026-10-08 00:45:17","430",14,0,1,0,"IN_SERVICE",true,true,true,"FIT:1|BATTLE:0|BOOST:0|MUVO:0|EFIT:13",1791431061,1791431113
"2026-10-08 00:45:17","431",7,0,4,0,"IN_SERVICE",true,true,true,"FIT:6|BATTLE:0|BOOST:0|MUVO:0|EFIT:1",1791431044,1791431113
"2026-10-08 00:45:17","432",0,0,11,0,"IN_SERVICE",true,true,true,"FIT:0|BATTLE:0|BOOST:0|MUVO:0|EFIT:0",1791431040,1791431113
"2026-10-08 00:45:17","433",1,0,10,0,"IN_SERVICE",true,true,true,"FIT:0|BATTLE:0|BOOST:0|MUVO:0|EFIT:1",1791430979,1791431113
"2026-10-08 00:45:17","434",6,0,16,1,"IN_SERVICE",true,true,true,"FIT:6|BATTLE:0|BOOST:0|MUVO:0|EFIT:0",1791431018,1791431113
"2026-10-08 00:45:17","435",17,0,2,0,"IN_SERVICE",true,true,true,"FIT:11|BATTLE:0|BOOST:0|MUVO:0|EFIT:6",1791431089,1791431113
"2026-10-08 00:45:17","436",11,0,0,0,"IN_SERVICE",true,true,true,"FIT:8|BATTLE:0|BOOST:0|MUVO:0|EFIT:3",1791431014,1791431113
"2026-10-08 00:45:17","437",11,0,0,0,"IN_SERVICE",true,true,true,"FIT:7|BATTLE:0|BOOST:0|MUVO:0|EFIT:4",1791431057,1791431113
"2026-10-08 00:45:17","438",3,0,7,1,"IN_SERVICE",true,true,true,"FIT:1|BATTLE:0|BOOST:0|MUVO:0|EFIT:2",1791431042,1791431113
"2026-10-08 00:45:17","439",10,0,5,0,"IN_SERVICE",true,true,true,"FIT:10|BATTLE:0|BOOST:0|MUVO:0|EFIT:0",1791431061,1791431113
"2026-10-08 00:45:17","440",1,0,10,0,"IN_SERVICE",true,true,true,"FIT:1|BATTLE:0|BOOST:0|MUVO:0|EFIT:0",1791431084,1791431113
"2026-10-08 00:45:17","442",0,0,11,0,"IN_SERVICE",true,true,true,"FIT:0|BATTLE:0|BOOST:0|MUVO:0|EFIT:0",1791430972,1791431113
"2026-10-08 00:45:17","443",20,0,6,1,"IN_SERVICE",true,true,true,"FIT:20|BATTLE:0|BOOST:0|MUVO:0|EFIT:0",1791431075,1791431113
"2026-10-08 00:45:17","446",14,0,3,0,"IN_SERVICE",true,true,true,"FIT:11|BATTLE:0|BOOST:0|MUVO:0|EFIT:3",1791430994,1791431113
"2026-10-08 00:45:17","448",3,1,6,1,"IN_SERVICE",true,true,true,"FIT:3|BATTLE:0|BOOST:0|MUVO:0|EFIT:0",1791430989,1791431113
"2026-10-08 00:45:17","451",8,1,1,1,"IN_SERVICE",true,true,true,"FIT:8|BATTLE:0|BOOST:0|MUVO:0|EFIT:0",1791431070,1791431113
"2026-10-08 00:45:17","452",9,0,10,0,"IN_SERVICE",true,true,true,"FIT:8|BATTLE:0|BOOST:0|MUVO:0|EFIT:1",1791431030,1791431113
"2026-10-08 00:45:17","454",14,0,1,0,"IN_SERVICE",true,true,true,"FIT:14|BATTLE:0|BOOST:0|MUVO:0|EFIT:0",1791431065,1791431113
"2026-10-08 00:45:17","455",5,0,6,0,"IN_SERVICE",true,true,true,"FIT:4|BATTLE:0|BOOST:0|MUVO:0|EFIT:1",1791431056,1791431113
"2026-10-08 00:45:17","459",15,0,2,0,"IN_SERVICE",true,true,true,"FIT:12|BATTLE:0|BOOST:0|MUVO:0|EFIT:3",1791431075,1791431113
"2026-10-08 00:45:17","460",2,0,21,0,"IN_SERVICE",true,true,true,"FIT:1|BATTLE:0|BOOST:0|MUVO:0|EFIT:1",1791430990,1791431113
"2026-10-08 00:45:17","461",4,0,11,0,"IN_SERVICE",true,true,true,"FIT:4|BATTLE:0|BOOST:0|MUVO:0|EFIT:0",1791431085,1791431113
"2026-10-08 00:45:17","462",3,0,12,0,"IN_SERVICE",true,true,true,"FIT:3|BATTLE:0|BOOST:0|MUVO:0|EFIT:0",1791430941,1791431113
"2026-10-08 00:45:17","463",10,0,5,0,"IN_SERVICE",true,true,true,"FIT:10|BATTLE:0|BOOST:0|MUVO:0|EFIT:0",1791431078,1791431113
"2026-10-08 00:45:17","464",6,0,5,0,"IN_SERVICE",true,true,true,"FIT:3|BATTLE:0|BOOST:0|MUVO:0|EFIT:3",1791430990,1791431113
"2026-10-08 00:45:17","466",17,0,2,0,"IN_SERVICE",true,true,true,"FIT:17|BATTLE:0|BOOST:0|MUVO:0|EFIT:0",1791431094,1791431113
"2026-10-08 00:45:17","467",0,0,15,0,"IN_SERVICE",true,true,true,"FIT:0|BATTLE:0|BOOST:0|MUVO:0|EFIT:0",1791431067,1791431113
"2026-10-08 00:45:17","468",16,0,3,0,"IN_SERVICE",true,true,true,"FIT:14|BATTLE:0|BOOST:0|MUVO:0|EFIT:2",1791431008,1791431113
"2026-10-08 00:45:17","469",16,0,3,0,"IN_SERVICE",true,true,true,"FIT:16|BATTLE:0|BOOST:0|MUVO:0|EFIT:0",1791431088,1791431113
"2026-10-08 00:45:17","470",14,1,4,0,"IN_SERVICE",true,true,true,"FIT:14|BATTLE:0|BOOST:0|MUVO:0|EFIT:0",1791431034,1791431113
"2026-10-08 00:45:17","471",9,1,9,0,"IN_SERVICE",true,true,true,"FIT:6|BATTLE:0|BOOST:0|MUVO:0|EFIT:3",1791431059,1791431113
"2026-10-08 00:45:17","473",11,0,0,0,"IN_SERVICE",true,true,true,"FIT:7|BATTLE:0|BOOST:0|MUVO:0|EFIT:4",1791431018,1791431113
"2026-10-08 00:45:17","474",8,2,5,0,"IN_SERVICE",true,true,true,"FIT:7|BATTLE:0|BOOST:0|MUVO:0|EFIT:1",1791431055,1791431113
"2026-10-08 00:45:17","477",3,0,12,0,"IN_SERVICE",true,true,true,"FIT:1|BATTLE:0|BOOST:0|MUVO:0|EFIT:2",1791430974,1791431113
"2026-10-08 00:45:17","479",16,0,3,0,"IN_SERVICE",true,true,true,"FIT:14|BATTLE:0|BOOST:0|MUVO:0|EFIT:2",1791431097,1791431113
"2026-10-08 00:45:17","487",11,0,0,0,"IN_SERVICE",true,true,true,"FIT:11|BATTLE:0|BOOST:0|MUVO:0|EFIT:0",1791431011,1791431113
"2026-10-08 00:45:17","488",2,0,13,0,"IN_SERVICE",true,true,true,"FIT:2|BATTLE:0|BOOST:0|MUVO:0|EFIT:0",1791430987,1791431113
"2026-10-08 00:45:17","489",1,1,20,1,"IN_SERVICE",true,true,true,"FIT:1|BATTLE:0|BOOST:0|MUVO:0|EFIT:0",1791430929,1791431113
"2026-10-08 00:45:17","490",2,3,6,0,"IN_SERVICE",true,true,true,"FIT:0|BATTLE:0|BOOST:0|MUVO:0|EFIT:2",1791431062,1791431113
"2026-10-08 00:45:17","491",9,0,6,2,"IN_SERVICE",true,true,true,"FIT:8|BATTLE:0|BOOST:0|MUVO:0|EFIT:1",1791431041,1791431113
"2026-10-08 00:45:17","492",2,1,12,0,"IN_SERVICE",true,true,true,"FIT:2|BATTLE:0|BOOST:0|MUVO:0|EFIT:0",1791431068,1791431113
"2026-10-08 00:45:17","493",3,0,14,2,"IN_SERVICE",true,true,true,"FIT:3|BATTLE:0|BOOST:0|MUVO:0|EFIT:0",1791431031,1791431113
"2026-10-08 00:45:17","494",1,1,17,0,"IN_SERVICE",true,true,true,"FIT:1|BATTLE:0|BOOST:0|MUVO:0|EFIT:0",1791430980,1791431113
"2026-10-08 00:45:17","495",19,0,0,0,"IN_SERVICE",true,true,true,"FIT:19|BATTLE:0|BOOST:0|MUVO:0|EFIT:0",1791430998,1791431113
"2026-10-08 00:45:17","497",8,0,7,0,"IN_SERVICE",true,true,true,"FIT:7|BATTLE:0|BOOST:0|MUVO:0|EFIT:1",1791430943,1791431113
"2026-10-08 00:45:17","498",0,0,19,0,"IN_SERVICE",true,true,true,"FIT:0|BATTLE:0|BOOST:0|MUVO:0|EFIT:0",1791431020,1791431113
"2026-10-08 00:45:17","499",1,0,10,0,"IN_SERVICE",true,true,true,"FIT:1|BATTLE:0|BOOST:0|MUVO:0|EFIT:0",1791430957,1791431113
"2026-10-08 00:45:17","500",9,0,2,0,"IN_SERVICE",true,true,true,"FIT:6|BATTLE:0|BOOST:0|MUVO:0|EFIT:3",1791431067,1791431113
"2026-10-08 00:45:17","501",19,0,3,0,"IN_SERVICE",true,true,true,"FIT:19|BATTLE:0|BOOST:0|MUVO:0|EFIT:0",1791430973,1791431113
"2026-10-08 00:45:17","503",21,0,6,0,"IN_SERVICE",true,true,true,"FIT:19|BATTLE:0|BOOST:0|MUVO:0|EFIT:2",1791430962,1791431113
"2026-10-08 00:45:17","504",3,0,8,0,"IN_SERVICE",true,true,true,"FIT:2|BATTLE:0|BOOST:0|MUVO:0|EFIT:1",1791431095,1791431113
"2026-10-08 00:45:17","505",3,0,16,0,"IN_SERVICE",true,true,true,"FIT:3|BATTLE:0|BOOST:0|MUVO:0|EFIT:0",1791431086,1791431113
"2026-10-08 00:45:17","506",11,0,16,0,"IN_SERVICE",true,true,true,"FIT:11|BATTLE:0|BOOST:0|MUVO:0|EFIT:0",1791431100,1791431113
"2026-10-08 00:45:17","508",2,0,17,0,"IN_SERVICE",true,true,true,"FIT:2|BATTLE:0|BOOST:0|MUVO:0|EFIT:0",1791430930,1791431113
"2026-10-08 00:45:17","509",10,0,9,0,"IN_SERVICE",true,true,true,"FIT:10|BATTLE:0|BOOST:0|MUVO:0|EFIT:0",1791431106,1791431113
"2026-10-08 00:45:17","518",4,0,7,0,"IN_SERVICE",true,true,true,"FIT:1|BATTLE:0|BOOST:0|MUVO:0|EFIT:3",1791430940,1791431113
"2026-10-08 00:45:17","519",9,0,6,0,"IN_SERVICE",true,true,true,"FIT:5|BATTLE:0|BOOST:0|MUVO:0|EFIT:4",1791431017,1791431113
"2026-10-08 00:45:17","520",9,0,2,0,"IN_SERVICE",true,true,true,"FIT:5|BATTLE:0|BOOST:0|MUVO:0|EFIT:4",1791431081,1791431113
"2026-10-08 00:45:17","521",12,0,5,0,"IN_SERVICE",true,true,true,"FIT:10|BATTLE:0|BOOST:0|MUVO:0|EFIT:2",1791430989,1791431113
"2026-10-08 00:45:17","522",7,0,12,0,"IN_SERVICE",true,true,true,"FIT:7|BATTLE:0|BOOST:0|MUVO:0|EFIT:0",1791430948,1791431113
"2026-10-08 00:45:17","523",11,0,8,0,"IN_SERVICE",true,true,true,"FIT:10|BATTLE:0|BOOST:0|MUVO:0|EFIT:1",1791431103,1791431113
"2026-10-08 00:45:17","524",8,0,8,0,"IN_SERVICE",true,true,true,"FIT:8|BATTLE:0|BOOST:0|MUVO:0|EFIT:0",1791430993,1791431113
"2026-10-08 00:45:17","525",1,0,18,0,"IN_SERVICE",true,true,true,"FIT:1|BATTLE:0|BOOST:0|MUVO:0|EFIT:0",1791430977,1791431113
"2026-10-08 00:45:17","526",6,0,9,0,"IN_SERVICE",true,true,true,"FIT:6|BATTLE:0|BOOST:0|MUVO:0|EFIT:0",1791430949,1791431113
"2026-10-08 00:45:17","528",8,0,6,1,"IN_SERVICE",true,true,true,"FIT:8|BATTLE:0|BOOST:0|MUVO:0|EFIT:0",1791431016,1791431113
"2026-10-08 00:45:17","529",2,0,13,0,"IN_SERVICE",true,true,true,"FIT:2|BATTLE:0|BOOST:0|MUVO:0|EFIT:0",1791431097,1791431113
"2026-10-08 00:45:17","530",1,0,18,0,"IN_SERVICE",true,true,true,"FIT:1|BATTLE:0|BOOST:0|MUVO:0|EFIT:0",1791431005,1791431113
"2026-10-08 00:45:17","531",1,0,16,0,"IN_SERVICE",true,true,true,"FIT:1|BATTLE:0|BOOST:0|MUVO:0|EFIT:0",1791430956,1791431113
"2026-10-08 00:45:17","536",2,0,9,0,"IN_SERVICE",true,true,true,"FIT:2|BATTLE:0|BOOST:0|MUVO:0|EFIT:0",1791430977,1791431113
"2026-10-08 00:45:17","538",11,0,0,0,"IN_SERVICE",true,true,true,"FIT:11|BATTLE:0|BOOST:0|MUVO:0|EFIT:0",1791431078,1791431113
"2026-10-08 00:45:17","539",11,0,4,0,"IN_SERVICE",true,true,true,"FIT:11|BATTLE:0|BOOST:0|MUVO:0|EFIT:0",1791431017,1791431113
"2026-10-08 00:45:17","540",3,0,12,0,"IN_SERVICE",true,true,true,"FIT:3|BATTLE:0|BOOST:0|MUVO:0|EFIT:0",1791431026,1791431113
"2026-10-08 00:45:17","541",2,0,13,0,"IN_SERVICE",true,true,true,"FIT:2|BATTLE:0|BOOST:0|MUVO:0|EFIT:0",1791430964,1791431113
"2026-10-08 00:45:17","542",8,0,7,0,"IN_SERVICE",true,true,true,"FIT:8|BATTLE:0|BOOST:0|MUVO:0|EFIT:0",1791431013,1791431113
"2026-10-08 00:45:17","543",1,0,14,0,"IN_SERVICE",true,true,true,"FIT:1|BATTLE:0|BOOST:0|MUVO:0|EFIT:0",1791431071,1791431113
"2026-10-08 00:45:17","548",14,0,1,0,"IN_SERVICE",true,true,true,"FIT:14|BATTLE:0|BOOST:0|MUVO:0|EFIT:0",1791431047,1791431113
"2026-10-08 00:45:17","549",2,0,13,0,"IN_SERVICE",true,true,true,"FIT:2|BATTLE:0|BOOST:0|MUVO:0|EFIT:0",1791431074,1791431113
"2026-10-08 00:45:17","551",12,1,2,0,"IN_SERVICE",true,true,true,"FIT:12|BATTLE:0|BOOST:0|MUVO:0|EFIT:0",1791430969,1791431113
"2026-10-08 00:45:17","555",11,0,4,0,"IN_SERVICE",true,true,true,"FIT:10|BATTLE:0|BOOST:0|MUVO:0|EFIT:1",1791431065,1791431113
"2026-10-08 00:45:17","559",21,0,6,0,"IN_SERVICE",true,true,true,"FIT:18|BATTLE:0|BOOST:0|MUVO:0|EFIT:3",1791431042,1791431113
"2026-10-08 00:45:17","565",1,0,14,0,"IN_SERVICE",true,true,true,"FIT:1|BATTLE:0|BOOST:0|MUVO:0|EFIT:0",1791431094,1791431113
"2026-10-08 00:45:17","566",17,0,0,0,"IN_SERVICE",true,true,true,"FIT:16|BATTLE:0|BOOST:0|MUVO:0|EFIT:1",1791431102,1791431113
"2026-10-08 00:45:17","567",1,0,16,0,"IN_SERVICE",true,true,true,"FIT:1|BATTLE:0|BOOST:0|MUVO:0|EFIT:0",1791431026,1791431113
"2026-10-08 00:45:17","570",0,0,11,0,"IN_SERVICE",true,true,true,"FIT:0|BATTLE:0|BOOST:0|MUVO:0|EFIT:0",1791430976,1791431113
"2026-10-08 00:45:17","572",12,0,11,0,"IN_SERVICE",true,true,true,"FIT:12|BATTLE:0|BOOST:0|MUVO:0|EFIT:0",1791431068,1791431113
"2026-10-08 00:45:17","576",10,0,13,0,"IN_SERVICE",true,true,true,"FIT:9|BATTLE:0|BOOST:0|MUVO:0|EFIT:1",1791431089,1791431113
"2026-10-08 00:45:17","577",6,0,9,0,"IN_SERVICE",true,true,true,"FIT:4|BATTLE:0|BOOST:0|MUVO:0|EFIT:2",1791430958,1791431113
"2026-10-08 00:45:17","590",10,0,0,0,"IN_SERVICE",true,true,true,"FIT:10|BATTLE:0|BOOST:0|MUVO:0|EFIT:0",1791431078,1791431113
"2026-10-08 00:45:17","593",12,0,3,0,"IN_SERVICE",true,true,true,"FIT:12|BATTLE:0|BOOST:0|MUVO:0|EFIT:0",1791431107,1791431113
"2026-10-08 00:45:17","594",10,0,9,0,"IN_SERVICE",true,true,true,"FIT:9|BATTLE:0|BOOST:0|MUVO:0|EFIT:1",1791431090,1791431113
"2026-10-08 00:45:17","595",1,0,13,1,"IN_SERVICE",true,true,true,"FIT:0|BATTLE:0|BOOST:0|MUVO:0|EFIT:1",1791431064,1791431113
"2026-10-08 00:45:17","597",11,0,7,1,"IN_SERVICE",true,true,true,"FIT:10|BATTLE:0|BOOST:0|MUVO:0|EFIT:1",1791431102,1791431113
"2026-10-08 00:45:17","598",0,0,9,0,"IN_SERVICE",true,true,true,"FIT:0|BATTLE:0|BOOST:0|MUVO:0|EFIT:0",1791431028,1791431113
"2026-10-08 01:00:26","1",5,0,12,0,"IN_SERVICE",true,true,true,"FIT:5|BATTLE:0|BOOST:0|MUVO:0|EFIT:0",1791431861,1791432012
"2026-10-08 01:00:26","2",11,0,7,1,"IN_SERVICE",true,true,true,"FIT:10|BATTLE:0|BOOST:0|MUVO:0|EFIT:1",1791431910,1791432012
"2026-10-08 01:00:26","3",7,2,10,0,"IN_SERVICE",true,true,true,"FIT:5|BATTLE:0|BOOST:0|MUVO:0|EFIT:2",1791431924,1791432012
"2026-10-08 01:00:26","4",0,0,16,1,"IN_SERVICE",true,true,true,"FIT:0|BATTLE:0|BOOST:0|MUVO:0|EFIT:0",1791432000,1791432012
"2026-10-08 01:00:26","5",4,0,19,0,"IN_SERVICE",true,true,true,"FIT:4|BATTLE:0|BOOST:0|MUVO:0|EFIT:0",1791431961,1791432012
"2026-10-08 01:00:26","6",10,0,8,1,"IN_SERVICE",true,true,true,"FIT:10|BATTLE:0|BOOST:0|MUVO:0|EFIT:0",1791431899,1791432012
"2026-10-08 01:00:26","7",1,0,18,0,"IN_SERVICE",true,true,true,"FIT:1|BATTLE:0|BOOST:0|MUVO:0|EFIT:0",1791432009,1791432012
"2026-10-08 01:00:26","8",3,0,20,0,"IN_SERVICE",true,true,true,"FIT:2|BATTLE:0|BOOST:0|MUVO:0|EFIT:1",1791431830,1791432012
"2026-10-08 01:00:26","9",9,0,14,0,"IN_SERVICE",true,true,true,"FIT:9|BATTLE:0|BOOST:0|MUVO:0|EFIT:0",1791431938,1791432012
"2026-10-08 01:00:26","10",16,0,3,0,"IN_SERVICE",true,true,true,"FIT:16|BATTLE:0|BOOST:0|MUVO:0|EFIT:0",1791431828,1791432012
"2026-10-08 01:00:26","11",8,0,9,0,"IN_SERVICE",true,true,true,"FIT:7|BATTLE:0|BOOST:0|MUVO:0|EFIT:1",1791431909,1791432012
"2026-10-08 01:00:26","12",15,0,4,0,"IN_SERVICE",true,true,true,"FIT:14|BATTLE:0|BOOST:0|MUVO:0|EFIT:1",1791431839,1791432012
"2026-10-08 01:00:26","14",14,0,9,0,"IN_SERVICE",true,true,true,"FIT:11|BATTLE:0|BOOST:0|MUVO:0|EFIT:3",1791431895,1791432012
"2026-10-08 01:00:26","15",12,0,3,0,"IN_SERVICE",true,true,true,"FIT:7|BATTLE:0|BOOST:0|MUVO:0|EFIT:5",1791431884,1791432012
"2026-10-08 01:00:26","16",19,0,4,0,"IN_SERVICE",true,true,true,"FIT:7|BATTLE:0|BOOST:0|MUVO:0|EFIT:12",1791431983,1791432012
"2026-10-08 01:00:26","17",17,0,2,0,"IN_SERVICE",true,true,true,"FIT:12|BATTLE:0|BOOST:0|MUVO:0|EFIT:5",1791431848,1791432012
"2026-10-08 01:00:26","18",13,0,2,0,"IN_SERVICE",true,true,true,"FIT:11|BATTLE:0|BOOST:0|MUVO:0|EFIT:2",1791431910,1791432012
"2026-10-08 01:00:26","19",3,0,8,0,"IN_SERVICE",true,true,true,"FIT:3|BATTLE:0|BOOST:0|MUVO:0|EFIT:0",1791431911,1791432012
"2026-10-08 01:00:26","20",1,0,21,1,"IN_SERVICE",true,true,true,"FIT:0|BATTLE:0|BOOST:0|MUVO:0|EFIT:1",1791431965,1791432012
"2026-10-08 01:00:26","21",8,1,8,0,"IN_SERVICE",true,true,true,"FIT:7|BATTLE:0|BOOST:0|MUVO:0|EFIT:1",1791431995,1791432012
"2026-10-08 01:00:26","22",7,0,8,0,"IN_SERVICE",true,true,true,"FIT:7|BATTLE:0|BOOST:0|MUVO:0|EFIT:0",1791431926,1791432012
"2026-10-08 01:00:26","23",7,1,12,0,"IN_SERVICE",true,true,true,"FIT:6|BATTLE:0|BOOST:0|MUVO:0|EFIT:1",1791431942,1791432012
"2026-10-08 01:00:26","24",0,1,22,0,"IN_SERVICE",true,true,true,"FIT:0|BATTLE:0|BOOST:0|MUVO:0|EFIT:0",1791431952,1791432012
"2026-10-08 01:00:26","25",1,0,18,0,"IN_SERVICE",true,true,true,"FIT:1|BATTLE:0|BOOST:0|MUVO:0|EFIT:0",1791431982,1791432012
"2026-10-08 01:00:26","26",2,0,21,0,"IN_SERVICE",true,true,true,"FIT:1|BATTLE:0|BOOST:0|MUVO:0|EFIT:1",1791431969,1791432012
"2026-10-08 01:00:26","27",10,5,16,0,"IN_SERVICE",true,true,true,"FIT:6|BATTLE:0|BOOST:0|MUVO:0|EFIT:4",1791431941,1791432012
"2026-10-08 01:00:26","28",24,2,2,1,"IN_SERVICE",true,true,true,"FIT:24|BATTLE:0|BOOST:0|MUVO:0|EFIT:0",1791431846,1791432012
"2026-10-08 01:00:26","30",7,0,10,0,"IN_SERVICE",true,true,true,"FIT:6|BATTLE:0|BOOST:0|MUVO:0|EFIT:1",1791432002,1791432012
"2026-10-08 01:00:26","31",2,1,28,0,"IN_SERVICE",true,true,true,"FIT:2|BATTLE:0|BOOST:0|MUVO:0|EFIT:0",1791431865,1791432012
"2026-10-08 01:00:26","32",26,0,1,0,"IN_SERVICE",true,true,true,"FIT:25|BATTLE:0|BOOST:0|MUVO:0|EFIT:1",1791431959,1791432012
"2026-10-08 01:00:26","33",4,2,7,0,"IN_SERVICE",true,true,true,"FIT:4|BATTLE:0|BOOST:0|MUVO:0|EFIT:0",1791431858,1791432012
"2026-10-08 01:00:26","34",1,0,30,0,"IN_SERVICE",true,true,true,"FIT:1|BATTLE:0|BOOST:0|MUVO:0|EFIT:0",1791431977,1791432012
"2026-10-08 01:00:26","35",2,0,33,0,"IN_SERVICE",true,true,true,"FIT:2|BATTLE:0|BOOST:0|MUVO:0|EFIT:0",1791431926,1791432012
"2026-10-08 01:00:26","36",3,0,12,0,"IN_SERVICE",true,true,true,"FIT:3|BATTLE:0|BOOST:0|MUVO:0|EFIT:0",1791431968,1791432012
"2026-10-08 01:00:26","37",3,0,11,0,"IN_SERVICE",true,true,true,"FIT:3|BATTLE:0|BOOST:0|MUVO:0|EFIT:0",1791432005,1791432012
"2026-10-08 01:00:26","38",5,0,26,0,"IN_SERVICE",true,true,true,"FIT:5|BATTLE:0|BOOST:0|MUVO:0|EFIT:0",1791431833,1791432012
"2026-10-08 01:00:26","39",2,0,9,0,"IN_SERVICE",true,true,true,"FIT:1|BATTLE:0|BOOST:0|MUVO:0|EFIT:1",1791431861,1791432012
"2026-10-08 01:00:26","40",8,1,10,0,"IN_SERVICE",true,true,true,"FIT:3|BATTLE:0|BOOST:0|MUVO:0|EFIT:5",1791431870,1791432012
"2026-10-08 01:00:26","41",8,0,11,0,"IN_SERVICE",true,true,true,"FIT:8|BATTLE:0|BOOST:0|MUVO:0|EFIT:0",1791431987,1791432012
"2026-10-08 01:00:26","42",7,0,12,0,"IN_SERVICE",true,true,true,"FIT:7|BATTLE:0|BOOST:0|MUVO:0|EFIT:0",1791431961,1791432012
"2026-10-08 01:00:26","43",3,0,14,0,"IN_SERVICE",true,true,true,"FIT:2|BATTLE:0|BOOST:0|MUVO:0|EFIT:1",1791431906,1791432012
"2026-10-08 01:00:26","44",14,3,2,0,"IN_SERVICE",true,true,true,"FIT:13|BATTLE:0|BOOST:0|MUVO:0|EFIT:1",1791431978,1791432012
"2026-10-08 01:00:26","45",15,1,3,0,"IN_SERVICE",true,true,true,"FIT:15|BATTLE:0|BOOST:0|MUVO:0|EFIT:0",1791431832,1791432012
"2026-10-08 01:00:26","46",1,2,21,0,"IN_SERVICE",true,true,true,"FIT:1|BATTLE:0|BOOST:0|MUVO:0|EFIT:0",1791431865,1791432012
"2026-10-08 01:00:26","47",0,0,15,0,"IN_SERVICE",true,true,true,"FIT:0|BATTLE:0|BOOST:0|MUVO:0|EFIT:0",1791431928,1791432012
"2026-10-08 01:00:26","48",0,0,19,0,"IN_SERVICE",true,true,true,"FIT:0|BATTLE:0|BOOST:0|MUVO:0|EFIT:0",1791431959,1791432012
"2026-10-08 01:00:26","49",1,2,11,0,"IN_SERVICE",true,true,true,"FIT:1|BATTLE:0|BOOST:0|MUVO:0|EFIT:0",1791431983,1791432012
"2026-10-08 01:00:26","50",1,1,20,1,"IN_SERVICE",true,true,true,"FIT:1|BATTLE:0|BOOST:0|MUVO:0|EFIT:0",1791431891,1791432012
"2026-10-08 01:00:26","51",5,0,11,1,"IN_SERVICE",true,true,true,"FIT:5|BATTLE:0|BOOST:0|MUVO:0|EFIT:0",1791431901,1791432012
"2026-10-08 01:00:26","52",3,0,11,1,"IN_SERVICE",true,true,true,"FIT:3|BATTLE:0|BOOST:0|MUVO:0|EFIT:0",1791431976,1791432012
"2026-10-08 01:00:26","53",2,0,9,0,"IN_SERVICE",true,true,true,"FIT:2|BATTLE:0|BOOST:0|MUVO:0|EFIT:0",1791431836,1791432012
"2026-10-08 01:00:26","54",3,1,15,0,"IN_SERVICE",true,true,true,"FIT:2|BATTLE:0|BOOST:0|MUVO:0|EFIT:1",1791431918,1791432012
"2026-10-08 01:00:26","55",3,1,13,0,"IN_SERVICE",true,true,true,"FIT:3|BATTLE:0|BOOST:0|MUVO:0|EFIT:0",1791431986,1791432012
"2026-10-08 01:00:26","56",21,0,2,0,"IN_SERVICE",true,true,true,"FIT:21|BATTLE:0|BOOST:0|MUVO:0|EFIT:0",1791431958,1791432012
"2026-10-08 01:00:26","57",4,0,11,0,"IN_SERVICE",true,true,true,"FIT:4|BATTLE:0|BOOST:0|MUVO:0|EFIT:0",1791431854,1791432012
"2026-10-08 01:00:26","58",15,2,5,1,"IN_SERVICE",true,true,true,"FIT:15|BATTLE:0|BOOST:0|MUVO:0|EFIT:0",1791431900,1791432012
"2026-10-08 01:00:26","59",3,0,8,0,"IN_SERVICE",true,true,true,"FIT:3|BATTLE:0|BOOST:0|MUVO:0|EFIT:0",1791431926,1791432012
"2026-10-08 01:00:26","60",0,3,11,1,"IN_SERVICE",true,true,true,"FIT:0|BATTLE:0|BOOST:0|MUVO:0|EFIT:0",1791431857,1791432012
"2026-10-08 01:00:26","61",15,0,2,0,"IN_SERVICE",true,true,true,"FIT:15|BATTLE:0|BOOST:0|MUVO:0|EFIT:0",1791431850,1791432012
"2026-10-08 01:00:26","62",8,2,5,0,"IN_SERVICE",true,true,true,"FIT:8|BATTLE:0|BOOST:0|MUVO:0|EFIT:0",1791431850,1791432012
"2026-10-08 01:00:26","63",1,0,12,1,"IN_SERVICE",true,true,true,"FIT:1|BATTLE:0|BOOST:0|MUVO:0|EFIT:0",1791431925,1791432012
"2026-10-08 01:00:26","64",0,0,19,0,"IN_SERVICE",true,true,true,"FIT:0|BATTLE:0|BOOST:0|MUVO:0|EFIT:0",1791431972,1791432012
"2026-10-08 01:00:26","65",2,0,19,2,"IN_SERVICE",true,true,true,"FIT:2|BATTLE:0|BOOST:0|MUVO:0|EFIT:0",1791431903,1791432012
"2026-10-08 01:00:26","66",2,0,9,0,"IN_SERVICE",true,true,true,"FIT:2|BATTLE:0|BOOST:0|MUVO:0|EFIT:0",1791431886,1791432012
"2026-10-08 01:00:26","67",14,0,1,0,"IN_SERVICE",true,true,true,"FIT:14|BATTLE:0|BOOST:0|MUVO:0|EFIT:0",1791431903,1791432012
"2026-10-08 01:00:26","68",19,0,4,0,"IN_SERVICE",true,true,true,"FIT:19|BATTLE:0|BOOST:0|MUVO:0|EFIT:0",1791431830,1791432012
"2026-10-08 01:00:26","69",17,0,6,0,"IN_SERVICE",true,true,true,"FIT:15|BATTLE:0|BOOST:0|MUVO:0|EFIT:2",1791431836,1791432012
"2026-10-08 01:00:26","70",20,0,3,0,"IN_SERVICE",true,true,true,"FIT:17|BATTLE:0|BOOST:0|MUVO:0|EFIT:3",1791431892,1791432012
"2026-10-08 01:00:26","71",11,0,8,0,"IN_SERVICE",true,true,true,"FIT:11|BATTLE:0|BOOST:0|MUVO:0|EFIT:0",1791431930,1791432012
"2026-10-08 01:00:26","73",19,0,4,0,"IN_SERVICE",true,true,true,"FIT:14|BATTLE:0|BOOST:0|MUVO:0|EFIT:5",1791431871,1791432012
"2026-10-08 01:00:26","74",14,0,5,0,"IN_SERVICE",true,true,true,"FIT:14|BATTLE:0|BOOST:0|MUVO:0|EFIT:0",1791431917,1791432012
"2026-10-08 01:00:26","75",2,0,13,0,"IN_SERVICE",true,true,true,"FIT:2|BATTLE:0|BOOST:0|MUVO:0|EFIT:0",1791431989,1791432012
"2026-10-08 01:00:26","76",2,1,16,0,"IN_SERVICE",true,true,true,"FIT:1|BATTLE:0|BOOST:0|MUVO:0|EFIT:1",1791432006,1791432012
"2026-10-08 01:00:26","77",3,1,14,0,"IN_SERVICE",true,true,true,"FIT:3|BATTLE:0|BOOST:0|MUVO:0|EFIT:0",1791431887,1791432012
"2026-10-08 01:00:26","78",6,0,5,0,"IN_SERVICE",true,true,true,"FIT:6|BATTLE:0|BOOST:0|MUVO:0|EFIT:0",1791431966,1791432012
"2026-10-08 01:00:26","79",8,0,3,0,"IN_SERVICE",true,true,true,"FIT:6|BATTLE:0|BOOST:0|MUVO:0|EFIT:2",1791431888,1791432012
"2026-10-08 01:00:26","80",17,0,1,0,"IN_SERVICE",true,true,true,"FIT:17|BATTLE:0|BOOST:0|MUVO:0|EFIT:0",1791432001,1791432012
"2026-10-08 01:00:26","81",1,0,13,1,"IN_SERVICE",true,true,true,"FIT:1|BATTLE:0|BOOST:0|MUVO:0|EFIT:0",1791431847,1791432012
"2026-10-08 01:00:26","82",19,2,8,1,"IN_SERVICE",true,true,true,"FIT:19|BATTLE:0|BOOST:0|MUVO:0|EFIT:0",1791431981,1791432012
"2026-10-08 01:00:26","83",13,0,15,3,"IN_SERVICE",true,true,true,"FIT:12|BATTLE:0|BOOST:0|MUVO:0|EFIT:1",1791431975,1791432012
"2026-10-08 01:00:26","84",4,0,11,0,"IN_SERVICE",true,true,true,"FIT:4|BATTLE:0|BOOST:0|MUVO:0|EFIT:0",1791432002,1791432012
"2026-10-08 01:00:26","85",2,0,21,0,"IN_SERVICE",true,true,true,"FIT:2|BATTLE:0|BOOST:0|MUVO:0|EFIT:0",1791431873,1791432012
"2026-10-08 01:00:26","86",9,0,25,1,"IN_SERVICE",true,true,true,"FIT:6|BATTLE:0|BOOST:0|MUVO:0|EFIT:3",1791431951,1791432012
"2026-10-08 01:00:26","87",2,0,16,1,"IN_SERVICE",true,true,true,"FIT:2|BATTLE:0|BOOST:0|MUVO:0|EFIT:0",1791432009,1791432012
"2026-10-08 01:00:26","88",11,0,8,0,"IN_SERVICE",true,true,true,"FIT:0|BATTLE:0|BOOST:0|MUVO:0|EFIT:11",1791431854,1791432012
"2026-10-08 01:00:26","89",6,1,8,1,"IN_SERVICE",true,true,true,"FIT:2|BATTLE:0|BOOST:0|MUVO:0|EFIT:4",1791431926,1791432012
"2026-10-08 01:00:26","90",5,1,6,0,"IN_SERVICE",true,true,true,"FIT:3|BATTLE:0|BOOST:0|MUVO:0|EFIT:2",1791432002,1791432012
"2026-10-08 01:00:26","91",6,0,5,0,"IN_SERVICE",true,true,true,"FIT:2|BATTLE:0|BOOST:0|MUVO:0|EFIT:4",1791431844,1791432012
"2026-10-08 01:00:26","92",5,0,10,0,"IN_SERVICE",true,true,true,"FIT:3|BATTLE:0|BOOST:0|MUVO:0|EFIT:2",1791431920,1791432012
"2026-10-08 01:00:26","93",10,3,2,0,"IN_SERVICE",true,true,true,"FIT:7|BATTLE:0|BOOST:0|MUVO:0|EFIT:3",1791431876,1791432012
"2026-10-08 01:00:26","94",5,0,10,0,"IN_SERVICE",true,true,true,"FIT:4|BATTLE:0|BOOST:0|MUVO:0|EFIT:1",1791431879,1791432012
"2026-10-08 01:00:26","95",11,0,6,0,"IN_SERVICE",true,true,true,"FIT:7|BATTLE:0|BOOST:0|MUVO:0|EFIT:4",1791431843,1791432012
"2026-10-08 01:00:26","96",5,1,13,0,"IN_SERVICE",true,true,true,"FIT:5|BATTLE:0|BOOST:0|MUVO:0|EFIT:0",1791432000,1791432012
"2026-10-08 01:00:26","97",2,0,13,0,"IN_SERVICE",true,true,true,"FIT:2|BATTLE:0|BOOST:0|MUVO:0|EFIT:0",1791431847,1791432012
"2026-10-08 01:00:26","98",0,0,12,2,"IN_SERVICE",true,true,true,"FIT:0|BATTLE:0|BOOST:0|MUVO:0|EFIT:0",1791431912,1791432012
"2026-10-08 01:00:26","99",9,0,2,0,"IN_SERVICE",true,true,true,"FIT:2|BATTLE:0|BOOST:0|MUVO:0|EFIT:7",1791432000,1791432012
"2026-10-08 01:00:26","100",7,3,4,0,"IN_SERVICE",true,true,true,"FIT:5|BATTLE:0|BOOST:0|MUVO:0|EFIT:2",1791431863,1791432012
"2026-10-08 01:00:26","101",6,0,13,0,"IN_SERVICE",true,true,true,"FIT:4|BATTLE:0|BOOST:0|MUVO:0|EFIT:2",1791431953,1791432012
"2026-10-08 01:00:26","102",24,0,3,0,"IN_SERVICE",true,true,true,"FIT:14|BATTLE:0|BOOST:0|MUVO:0|EFIT:10",1791431953,1791432012
"2026-10-08 01:00:26","103",9,0,6,0,"IN_SERVICE",true,true,true,"FIT:6|BATTLE:0|BOOST:0|MUVO:0|EFIT:3",1791431923,1791432012
"2026-10-08 01:00:26","104",11,0,0,0,"IN_SERVICE",true,true,true,"FIT:11|BATTLE:0|BOOST:0|MUVO:0|EFIT:0",1791431833,1791432012
"2026-10-08 01:00:26","105",8,0,8,0,"IN_SERVICE",true,true,true,"FIT:7|BATTLE:0|BOOST:0|MUVO:0|EFIT:1",1791431709,1791432012
"2026-10-08 01:00:26","107",17,0,2,0,"IN_SERVICE",true,true,true,"FIT:9|BATTLE:0|BOOST:0|MUVO:0|EFIT:8",1791431928,1791432012
"2026-10-08 01:00:26","109",35,0,0,0,"IN_SERVICE",true,true,true,"FIT:33|BATTLE:0|BOOST:0|MUVO:0|EFIT:2",1791431979,1791432012
"2026-10-08 01:00:26","111",13,0,5,0,"IN_SERVICE",true,true,true,"FIT:13|BATTLE:0|BOOST:0|MUVO:0|EFIT:0",1791430901,1791432012
"2026-10-08 01:00:26","112",7,1,11,0,"IN_SERVICE",true,true,true,"FIT:6|BATTLE:0|BOOST:0|MUVO:0|EFIT:1",1791431958,1791432012
"2026-10-08 01:00:26","113",12,0,3,0,"IN_SERVICE",true,true,true,"FIT:10|BATTLE:0|BOOST:0|MUVO:0|EFIT:2",1791431831,1791432012
"2026-10-08 01:00:26","114",3,2,16,0,"IN_SERVICE",true,true,true,"FIT:0|BATTLE:0|BOOST:0|MUVO:0|EFIT:3",1791431893,1791432012
"2026-10-08 01:00:26","116",16,1,1,0,"IN_SERVICE",true,true,true,"FIT:15|BATTLE:0|BOOST:0|MUVO:0|EFIT:1",1791431972,1791432012
"2026-10-08 01:00:26","117",23,1,3,0,"IN_SERVICE",true,true,true,"FIT:21|BATTLE:0|BOOST:0|MUVO:0|EFIT:2",1791431851,1791432012
"2026-10-08 01:00:26","118",8,1,6,0,"IN_SERVICE",true,true,true,"FIT:6|BATTLE:0|BOOST:0|MUVO:0|EFIT:2",1791431884,1791432012
"2026-10-08 01:00:26","119",8,0,3,0,"IN_SERVICE",true,true,true,"FIT:7|BATTLE:0|BOOST:0|MUVO:0|EFIT:1",1791431882,1791432012
"2026-10-08 01:00:26","120",13,1,9,0,"IN_SERVICE",true,true,true,"FIT:13|BATTLE:0|BOOST:0|MUVO:0|EFIT:0",1791431961,1791432012
"2026-10-08 01:00:26","121",6,0,17,0,"IN_SERVICE",true,true,true,"FIT:6|BATTLE:0|BOOST:0|MUVO:0|EFIT:0",1791431874,1791432012
"2026-10-08 01:00:26","122",11,0,12,0,"IN_SERVICE",true,true,true,"FIT:11|BATTLE:0|BOOST:0|MUVO:0|EFIT:0",1791431886,1791432012
"2026-10-08 01:00:26","123",5,0,9,0,"IN_SERVICE",true,true,true,"FIT:5|BATTLE:0|BOOST:0|MUVO:0|EFIT:0",1791431926,1791432012
"2026-10-08 01:00:26","124",4,0,11,0,"IN_SERVICE",true,true,true,"FIT:2|BATTLE:0|BOOST:0|MUVO:0|EFIT:2",1791431866,1791432012
"2026-10-08 01:00:26","125",0,0,19,0,"IN_SERVICE",true,true,true,"FIT:0|BATTLE:0|BOOST:0|MUVO:0|EFIT:0",1791431912,1791432012
"2026-10-08 01:00:26","126",5,0,10,0,"IN_SERVICE",true,true,true,"FIT:2|BATTLE:0|BOOST:0|MUVO:0|EFIT:3",1791431832,1791432012
"2026-10-08 01:00:26","127",15,0,0,0,"IN_SERVICE",true,true,true,"FIT:13|BATTLE:0|BOOST:0|MUVO:0|EFIT:2",1791431855,1791432012
"2026-10-08 01:00:26","128",12,0,7,0,"IN_SERVICE",true,true,true,"FIT:8|BATTLE:0|BOOST:0|MUVO:0|EFIT:4",1791431853,1791432012
"2026-10-08 01:00:26","129",0,0,11,0,"IN_SERVICE",true,true,true,"FIT:0|BATTLE:0|BOOST:0|MUVO:0|EFIT:0",1791432003,1791432012
"2026-10-08 01:00:26","131",12,0,11,0,"IN_SERVICE",true,true,true,"FIT:12|BATTLE:0|BOOST:0|MUVO:0|EFIT:0",1791431847,1791432012
"2026-10-08 01:00:26","132",7,0,12,0,"IN_SERVICE",true,true,true,"FIT:7|BATTLE:0|BOOST:0|MUVO:0|EFIT:0",1791431924,1791432012
"2026-10-08 01:00:26","133",0,0,15,0,"IN_SERVICE",true,true,true,"FIT:0|BATTLE:0|BOOST:0|MUVO:0|EFIT:0",1791431916,1791432012
"2026-10-08 01:00:26","134",1,0,22,0,"IN_SERVICE",true,true,true,"FIT:1|BATTLE:0|BOOST:0|MUVO:0|EFIT:0",1791431926,1791432012
"2026-10-08 01:00:26","136",6,0,8,1,"IN_SERVICE",true,true,true,"FIT:2|BATTLE:0|BOOST:0|MUVO:0|EFIT:4",1791431921,1791432012
"2026-10-08 01:00:26","137",11,0,8,0,"IN_SERVICE",true,true,true,"FIT:9|BATTLE:0|BOOST:0|MUVO:0|EFIT:2",1791431873,1791432012
"2026-10-08 01:00:26","138",10,0,4,1,"IN_SERVICE",true,true,true,"FIT:8|BATTLE:0|BOOST:0|MUVO:0|EFIT:2",1791431936,1791432012
"2026-10-08 01:00:26","139",13,0,10,0,"IN_SERVICE",true,true,true,"FIT:13|BATTLE:0|BOOST:0|MUVO:0|EFIT:0",1791431847,1791432012
"2026-10-08 01:00:26","140",18,0,10,1,"IN_SERVICE",true,true,true,"FIT:11|BATTLE:0|BOOST:0|MUVO:0|EFIT:7",1791431931,1791432012
"2026-10-08 01:00:26","141",6,0,9,0,"IN_SERVICE",true,true,true,"FIT:6|BATTLE:0|BOOST:0|MUVO:0|EFIT:0",1791431961,1791432012
"2026-10-08 01:00:26","142",18,0,1,0,"IN_SERVICE",true,true,true,"FIT:17|BATTLE:0|BOOST:0|MUVO:0|EFIT:1",1791431850,1791432012
"2026-10-08 01:00:26","143",2,0,12,1,"IN_SERVICE",true,true,true,"FIT:1|BATTLE:0|BOOST:0|MUVO:0|EFIT:1",1791431932,1791432012
"2026-10-08 01:00:26","145",16,0,3,0,"IN_SERVICE",true,true,true,"FIT:11|BATTLE:0|BOOST:0|MUVO:0|EFIT:5",1791431964,1791432012
"2026-10-08 01:00:26","146",1,1,13,0,"IN_SERVICE",true,true,true,"FIT:0|BATTLE:0|BOOST:0|MUVO:0|EFIT:1",1791431883,1791432012
"2026-10-08 01:00:26","148",6,0,9,0,"IN_SERVICE",true,true,true,"FIT:5|BATTLE:0|BOOST:0|MUVO:0|EFIT:1",1791431964,1791432012
"2026-10-08 01:00:26","149",0,0,15,0,"IN_SERVICE",true,true,true,"FIT:0|BATTLE:0|BOOST:0|MUVO:0|EFIT:0",1791431962,1791432012
"2026-10-08 01:00:26","150",12,1,3,0,"IN_SERVICE",true,true,true,"FIT:11|BATTLE:0|BOOST:0|MUVO:0|EFIT:1",1791431940,1791432012
"2026-10-08 01:00:26","152",6,0,5,0,"IN_SERVICE",true,true,true,"FIT:2|BATTLE:0|BOOST:0|MUVO:0|EFIT:4",1791431987,1791432012
"2026-10-08 01:00:26","153",1,0,18,0,"IN_SERVICE",true,true,true,"FIT:1|BATTLE:0|BOOST:0|MUVO:0|EFIT:0",1791431933,1791432012
"2026-10-08 01:00:26","154",9,1,7,0,"IN_SERVICE",true,true,true,"FIT:8|BATTLE:0|BOOST:0|MUVO:0|EFIT:1",1791431988,1791432012
"2026-10-08 01:00:26","155",14,2,3,0,"IN_SERVICE",true,true,true,"FIT:14|BATTLE:0|BOOST:0|MUVO:0|EFIT:0",1791431864,1791432012
"2026-10-08 01:00:26","157",4,0,15,0,"IN_SERVICE",true,true,true,"FIT:4|BATTLE:0|BOOST:0|MUVO:0|EFIT:0",1791431971,1791432012
"2026-10-08 01:00:26","158",12,1,6,0,"IN_SERVICE",true,true,true,"FIT:12|BATTLE:0|BOOST:0|MUVO:0|EFIT:0",1791431887,1791432012
"2026-10-08 01:00:26","159",2,1,12,0,"IN_SERVICE",true,true,true,"FIT:2|BATTLE:0|BOOST:0|MUVO:0|EFIT:0",1791431929,1791432012
"2026-10-08 01:00:26","160",4,0,9,0,"IN_SERVICE",true,true,true,"FIT:4|BATTLE:0|BOOST:0|MUVO:0|EFIT:0",1791431943,1791432012
"2026-10-08 01:00:26","161",1,0,10,0,"IN_SERVICE",true,true,true,"FIT:1|BATTLE:0|BOOST:0|MUVO:0|EFIT:0",1791431975,1791432012
"2026-10-08 01:00:26","162",1,1,15,0,"IN_SERVICE",true,true,true,"FIT:1|BATTLE:0|BOOST:0|MUVO:0|EFIT:0",1791431911,1791432012
"2026-10-08 01:00:26","163",10,0,7,0,"IN_SERVICE",true,true,true,"FIT:9|BATTLE:0|BOOST:0|MUVO:0|EFIT:1",1791431860,1791432012
"2026-10-08 01:00:26","164",2,0,15,0,"IN_SERVICE",true,true,true,"FIT:2|BATTLE:0|BOOST:0|MUVO:0|EFIT:0",1791431841,1791432012
"2026-10-08 01:00:26","165",0,0,15,0,"IN_SERVICE",true,true,true,"FIT:0|BATTLE:0|BOOST:0|MUVO:0|EFIT:0",1791432006,1791432012
"2026-10-08 01:00:26","166",1,1,9,0,"IN_SERVICE",true,true,true,"FIT:1|BATTLE:0|BOOST:0|MUVO:0|EFIT:0",1791431874,1791432012
"2026-10-08 01:00:26","167",0,1,29,1,"IN_SERVICE",true,true,true,"FIT:0|BATTLE:0|BOOST:0|MUVO:0|EFIT:0",1791431869,1791432012
"2026-10-08 01:00:26","168",0,0,19,0,"IN_SERVICE",true,true,true,"FIT:0|BATTLE:0|BOOST:0|MUVO:0|EFIT:0",1791431913,1791432012
"2026-10-08 01:00:26","169",9,1,5,0,"IN_SERVICE",true,true,true,"FIT:8|BATTLE:0|BOOST:0|MUVO:0|EFIT:1",1791431993,1791432012
"2026-10-08 01:00:26","170",3,1,10,0,"IN_SERVICE",true,true,true,"FIT:3|BATTLE:0|BOOST:0|MUVO:0|EFIT:0",1791431936,1791432012
"2026-10-08 01:00:26","171",0,0,10,1,"IN_SERVICE",true,true,true,"FIT:0|BATTLE:0|BOOST:0|MUVO:0|EFIT:0",1791431945,1791432012
"2026-10-08 01:00:26","172",8,2,1,0,"IN_SERVICE",true,true,true,"FIT:8|BATTLE:0|BOOST:0|MUVO:0|EFIT:0",1791431849,1791432012
"2026-10-08 01:00:26","173",9,0,5,1,"IN_SERVICE",true,true,true,"FIT:9|BATTLE:0|BOOST:0|MUVO:0|EFIT:0",1791432003,1791432012
"2026-10-08 01:00:26","174",11,0,4,0,"IN_SERVICE",true,true,true,"FIT:11|BATTLE:0|BOOST:0|MUVO:0|EFIT:0",1791431863,1791432012
"2026-10-08 01:00:26","175",21,0,1,0,"IN_SERVICE",true,true,true,"FIT:21|BATTLE:0|BOOST:0|MUVO:0|EFIT:0",1791431907,1791432012
"2026-10-08 01:00:26","176",13,0,2,0,"IN_SERVICE",true,true,true,"FIT:13|BATTLE:0|BOOST:0|MUVO:0|EFIT:0",1791431850,1791432012
"2026-10-08 01:00:26","177",7,0,8,0,"IN_SERVICE",true,true,true,"FIT:7|BATTLE:0|BOOST:0|MUVO:0|EFIT:0",1791431936,1791432012
"2026-10-08 01:00:26","178",15,0,3,1,"IN_SERVICE",true,true,true,"FIT:15|BATTLE:0|BOOST:0|MUVO:0|EFIT:0",1791431861,1791432012
"2026-10-08 01:00:26","179",5,0,14,0,"IN_SERVICE",true,true,true,"FIT:5|BATTLE:0|BOOST:0|MUVO:0|EFIT:0",1791431865,1791432012
"2026-10-08 01:00:26","180",9,0,6,0,"IN_SERVICE",true,true,true,"FIT:9|BATTLE:0|BOOST:0|MUVO:0|EFIT:0",1791431911,1791432012
"2026-10-08 01:00:26","181",4,0,11,0,"IN_SERVICE",true,true,true,"FIT:4|BATTLE:0|BOOST:0|MUVO:0|EFIT:0",1791431899,1791432012
"2026-10-08 01:00:26","182",14,0,5,0,"IN_SERVICE",true,true,true,"FIT:14|BATTLE:0|BOOST:0|MUVO:0|EFIT:0",1791431838,1791432012
"2026-10-08 01:00:26","183",1,0,18,0,"IN_SERVICE",true,true,true,"FIT:1|BATTLE:0|BOOST:0|MUVO:0|EFIT:0",1791431896,1791432012
"2026-10-08 01:00:26","184",5,0,14,0,"IN_SERVICE",true,true,true,"FIT:4|BATTLE:0|BOOST:0|MUVO:0|EFIT:1",1791431941,1791432012
"2026-10-08 01:00:26","185",8,1,9,0,"IN_SERVICE",true,true,true,"FIT:8|BATTLE:0|BOOST:0|MUVO:0|EFIT:0",1791431904,1791432012
"2026-10-08 01:00:26","186",7,0,4,0,"IN_SERVICE",true,true,true,"FIT:7|BATTLE:0|BOOST:0|MUVO:0|EFIT:0",1791431985,1791432012
"2026-10-08 01:00:26","187",1,0,16,0,"IN_SERVICE",true,true,true,"FIT:1|BATTLE:0|BOOST:0|MUVO:0|EFIT:0",1791431985,1791432012
"2026-10-08 01:00:26","188",1,0,16,0,"IN_SERVICE",true,true,true,"FIT:1|BATTLE:0|BOOST:0|MUVO:0|EFIT:0",1791431859,1791432012
"2026-10-08 01:00:26","189",10,0,5,0,"IN_SERVICE",true,true,true,"FIT:10|BATTLE:0|BOOST:0|MUVO:0|EFIT:0",1791431844,1791432012
"2026-10-08 01:00:26","190",2,0,28,1,"IN_SERVICE",true,true,true,"FIT:2|BATTLE:0|BOOST:0|MUVO:0|EFIT:0",1791431909,1791432012
"2026-10-08 01:00:26","192",3,0,7,0,"IN_SERVICE",true,true,true,"FIT:3|BATTLE:0|BOOST:0|MUVO:0|EFIT:0",1791431964,1791432012
"2026-10-08 01:00:26","193",0,0,0,0,"IN_SERVICE",true,true,true,"FIT:0|BATTLE:0|BOOST:0|MUVO:0|EFIT:0",1791431973,1791432012
"2026-10-08 01:00:26","194",6,0,11,0,"IN_SERVICE",true,true,true,"FIT:6|BATTLE:0|BOOST:0|MUVO:0|EFIT:0",1791431983,1791432012
"2026-10-08 01:00:26","195",15,0,0,0,"IN_SERVICE",true,true,true,"FIT:15|BATTLE:0|BOOST:0|MUVO:0|EFIT:0",1791431996,1791432012
"2026-10-08 01:00:26","196",7,1,7,0,"IN_SERVICE",true,true,true,"FIT:7|BATTLE:0|BOOST:0|MUVO:0|EFIT:0",1791431933,1791432012
"2026-10-08 01:00:26","197",5,1,8,1,"IN_SERVICE",true,true,true,"FIT:5|BATTLE:0|BOOST:0|MUVO:0|EFIT:0",1791431968,1791432012
"2026-10-08 01:00:26","198",11,0,4,0,"IN_SERVICE",true,true,true,"FIT:10|BATTLE:0|BOOST:0|MUVO:0|EFIT:1",1791431986,1791432012
"2026-10-08 01:00:26","199",11,0,16,0,"IN_SERVICE",true,true,true,"FIT:10|BATTLE:0|BOOST:0|MUVO:0|EFIT:1",1791431911,1791432012
"2026-10-08 01:00:26","200",9,0,6,0,"IN_SERVICE",true,true,true,"FIT:9|BATTLE:0|BOOST:0|MUVO:0|EFIT:0",1791431871,1791432012
"2026-10-08 01:00:26","201",8,1,6,0,"IN_SERVICE",true,true,true,"FIT:8|BATTLE:0|BOOST:0|MUVO:0|EFIT:0",1791431926,1791432012
"2026-10-08 01:00:26","202",2,1,16,0,"IN_SERVICE",true,true,true,"FIT:2|BATTLE:0|BOOST:0|MUVO:0|EFIT:0",1791431999,1791432012
"2026-10-08 01:00:26","203",1,1,17,0,"IN_SERVICE",true,true,true,"FIT:1|BATTLE:0|BOOST:0|MUVO:0|EFIT:0",1791431864,1791432012
"2026-10-08 01:00:26","204",0,0,17,0,"IN_SERVICE",true,true,true,"FIT:0|BATTLE:0|BOOST:0|MUVO:0|EFIT:0",1791431931,1791432012
"2026-10-08 01:00:26","205",0,0,17,0,"IN_SERVICE",true,true,true,"FIT:0|BATTLE:0|BOOST:0|MUVO:0|EFIT:0",1791431924,1791432012
"2026-10-08 01:00:26","206",2,0,13,0,"IN_SERVICE",true,true,true,"FIT:2|BATTLE:0|BOOST:0|MUVO:0|EFIT:0",1791431996,1791432012
"2026-10-08 01:00:26","207",0,0,23,0,"IN_SERVICE",true,true,true,"FIT:0|BATTLE:0|BOOST:0|MUVO:0|EFIT:0",1791431849,1791432012
"2026-10-08 01:00:26","208",1,1,16,0,"IN_SERVICE",true,true,true,"FIT:1|BATTLE:0|BOOST:0|MUVO:0|EFIT:0",1791431895,1791432012
"2026-10-08 01:00:26","209",0,0,19,0,"IN_SERVICE",true,true,true,"FIT:0|BATTLE:0|BOOST:0|MUVO:0|EFIT:0",1791431957,1791432012
"2026-10-08 01:00:26","210",9,0,20,0,"IN_SERVICE",true,true,true,"FIT:9|BATTLE:0|BOOST:0|MUVO:0|EFIT:0",1791431911,1791432012
"2026-10-08 01:00:26","212",0,0,14,1,"IN_SERVICE",true,true,true,"FIT:0|BATTLE:0|BOOST:0|MUVO:0|EFIT:0",1791431987,1791432012
"2026-10-08 01:00:26","213",0,0,19,0,"IN_SERVICE",true,true,true,"FIT:0|BATTLE:0|BOOST:0|MUVO:0|EFIT:0",1791431883,1791432012
"2026-10-08 01:00:26","214",3,0,18,0,"IN_SERVICE",true,true,true,"FIT:3|BATTLE:0|BOOST:0|MUVO:0|EFIT:0",1791431989,1791432012
"2026-10-08 01:00:26","215",0,0,22,1,"IN_SERVICE",true,true,true,"FIT:0|BATTLE:0|BOOST:0|MUVO:0|EFIT:0",1791431872,1791432012
"2026-10-08 01:00:26","217",7,0,8,0,"IN_SERVICE",true,true,true,"FIT:7|BATTLE:0|BOOST:0|MUVO:0|EFIT:0",1791431901,1791432012
"2026-10-08 01:00:26","220",2,0,17,0,"IN_SERVICE",true,true,true,"FIT:1|BATTLE:0|BOOST:0|MUVO:0|EFIT:1",1791431847,1791432012
"2026-10-08 01:00:26","221",15,0,0,0,"IN_SERVICE",true,true,true,"FIT:15|BATTLE:0|BOOST:0|MUVO:0|EFIT:0",1791431913,1791432012
"2026-10-08 01:00:26","222",12,0,3,0,"IN_SERVICE",true,true,true,"FIT:11|BATTLE:0|BOOST:0|MUVO:0|EFIT:1",1791431935,1791432012
"2026-10-08 01:00:26","223",14,0,3,0,"IN_SERVICE",true,true,true,"FIT:14|BATTLE:0|BOOST:0|MUVO:0|EFIT:0",1791431977,1791432012
"2026-10-08 01:00:26","224",0,0,15,0,"IN_SERVICE",true,true,true,"FIT:0|BATTLE:0|BOOST:0|MUVO:0|EFIT:0",1791431899,1791432012
"2026-10-08 01:00:26","225",3,0,8,0,"IN_SERVICE",true,true,true,"FIT:3|BATTLE:0|BOOST:0|MUVO:0|EFIT:0",1791431965,1791432012
"2026-10-08 01:00:26","226",21,0,2,0,"IN_SERVICE",true,true,true,"FIT:21|BATTLE:0|BOOST:0|MUVO:0|EFIT:0",1791431927,1791432012
"2026-10-08 01:00:26","228",4,0,13,2,"IN_SERVICE",true,true,true,"FIT:4|BATTLE:0|BOOST:0|MUVO:0|EFIT:0",1791431892,1791432012
"2026-10-08 01:00:26","229",9,1,6,1,"IN_SERVICE",true,true,true,"FIT:7|BATTLE:0|BOOST:0|MUVO:0|EFIT:2",1791431862,1791432012
"2026-10-08 01:00:26","230",18,0,1,0,"IN_SERVICE",true,true,true,"FIT:18|BATTLE:0|BOOST:0|MUVO:0|EFIT:0",1791431997,1791432012
"2026-10-08 01:00:26","231",8,0,7,0,"IN_SERVICE",true,true,true,"FIT:8|BATTLE:0|BOOST:0|MUVO:0|EFIT:0",1791431991,1791432012
"2026-10-08 01:00:26","232",16,4,9,0,"IN_SERVICE",true,true,true,"FIT:16|BATTLE:0|BOOST:0|MUVO:0|EFIT:0",1791431903,1791432012
"2026-10-08 01:00:26","233",13,1,17,0,"IN_SERVICE",true,true,true,"FIT:13|BATTLE:0|BOOST:0|MUVO:0|EFIT:0",1791431915,1791432012
"2026-10-08 01:00:26","234",4,1,10,0,"IN_SERVICE",true,true,true,"FIT:3|BATTLE:0|BOOST:0|MUVO:0|EFIT:1",1791431972,1791432012
"2026-10-08 01:00:26","235",1,0,13,1,"IN_SERVICE",true,true,true,"FIT:1|BATTLE:0|BOOST:0|MUVO:0|EFIT:0",1791431844,1791432012
"2026-10-08 01:00:26","236",4,1,10,0,"IN_SERVICE",true,true,true,"FIT:4|BATTLE:0|BOOST:0|MUVO:0|EFIT:0",1791431944,1791432012
"2026-10-08 01:00:26","237",1,0,13,0,"IN_SERVICE",true,true,true,"FIT:1|BATTLE:0|BOOST:0|MUVO:0|EFIT:0",1791431900,1791432012
"2026-10-08 01:00:26","238",2,0,12,0,"IN_SERVICE",true,true,true,"FIT:2|BATTLE:0|BOOST:0|MUVO:0|EFIT:0",1791431999,1791432012
"2026-10-08 01:00:26","239",1,0,14,0,"IN_SERVICE",true,true,true,"FIT:1|BATTLE:0|BOOST:0|MUVO:0|EFIT:0",1791431832,1791432012
"2026-10-08 01:00:26","240",3,0,11,0,"IN_SERVICE",true,true,true,"FIT:3|BATTLE:0|BOOST:0|MUVO:0|EFIT:0",1791432002,1791432012
"2026-10-08 01:00:26","241",3,0,12,0,"IN_SERVICE",true,true,true,"FIT:3|BATTLE:0|BOOST:0|MUVO:0|EFIT:0",1791431841,1791432012
"2026-10-08 01:00:26","242",4,1,8,0,"IN_SERVICE",true,true,true,"FIT:4|BATTLE:0|BOOST:0|MUVO:0|EFIT:0",1791431992,1791432012
"2026-10-08 01:00:26","244",1,0,10,0,"IN_SERVICE",true,true,true,"FIT:1|BATTLE:0|BOOST:0|MUVO:0|EFIT:0",1791431896,1791432012
"2026-10-08 01:00:26","246",10,1,4,0,"IN_SERVICE",true,true,true,"FIT:10|BATTLE:0|BOOST:0|MUVO:0|EFIT:0",1791431860,1791432012
"2026-10-08 01:00:26","247",8,0,10,0,"IN_SERVICE",true,true,true,"FIT:8|BATTLE:0|BOOST:0|MUVO:0|EFIT:0",1791431929,1791432012
"2026-10-08 01:00:26","248",5,0,10,0,"IN_SERVICE",true,true,true,"FIT:5|BATTLE:0|BOOST:0|MUVO:0|EFIT:0",1791431865,1791432012
"2026-10-08 01:00:26","250",2,0,9,0,"IN_SERVICE",true,true,true,"FIT:2|BATTLE:0|BOOST:0|MUVO:0|EFIT:0",1791431855,1791432012
"2026-10-08 01:00:26","252",1,1,17,0,"IN_SERVICE",true,true,true,"FIT:1|BATTLE:0|BOOST:0|MUVO:0|EFIT:0",1791431874,1791432012
"2026-10-08 01:00:26","253",7,0,4,0,"IN_SERVICE",true,true,true,"FIT:7|BATTLE:0|BOOST:0|MUVO:0|EFIT:0",1791431831,1791432012
"2026-10-08 01:00:26","254",0,1,10,0,"IN_SERVICE",true,true,true,"FIT:0|BATTLE:0|BOOST:0|MUVO:0|EFIT:0",1791431922,1791432012
"2026-10-08 01:00:26","255",0,0,11,0,"IN_SERVICE",true,true,true,"FIT:0|BATTLE:0|BOOST:0|MUVO:0|EFIT:0",1791432000,1791432012
"2026-10-08 01:00:26","256",12,0,3,0,"IN_SERVICE",true,true,true,"FIT:11|BATTLE:0|BOOST:0|MUVO:0|EFIT:1",1791431964,1791432012
"2026-10-08 01:00:26","257",10,1,13,0,"IN_SERVICE",true,true,true,"FIT:10|BATTLE:0|BOOST:0|MUVO:0|EFIT:0",1791431867,1791432012
"2026-10-08 01:00:26","259",9,2,6,0,"IN_SERVICE",true,true,true,"FIT:9|BATTLE:0|BOOST:0|MUVO:0|EFIT:0",1791431959,1791432012
"2026-10-08 01:00:26","260",2,0,25,0,"IN_SERVICE",true,true,true,"FIT:2|BATTLE:0|BOOST:0|MUVO:0|EFIT:0",1791431843,1791432012
"2026-10-08 01:00:26","261",4,0,11,0,"IN_SERVICE",true,true,true,"FIT:4|BATTLE:0|BOOST:0|MUVO:0|EFIT:0",1791431995,1791432012
"2026-10-08 01:00:26","262",11,0,3,1,"IN_SERVICE",true,true,true,"FIT:11|BATTLE:0|BOOST:0|MUVO:0|EFIT:0",1791431876,1791432012
"2026-10-08 01:00:26","263",1,1,9,0,"IN_SERVICE",true,true,true,"FIT:1|BATTLE:0|BOOST:0|MUVO:0|EFIT:0",1791431996,1791432012
"2026-10-08 01:00:26","271",4,0,7,0,"IN_SERVICE",true,true,true,"FIT:4|BATTLE:0|BOOST:0|MUVO:0|EFIT:0",1791431838,1791432012
"2026-10-08 01:00:26","273",1,0,15,1,"IN_SERVICE",true,true,true,"FIT:1|BATTLE:0|BOOST:0|MUVO:0|EFIT:0",1791431999,1791432012
"2026-10-08 01:00:26","285",2,0,7,2,"IN_SERVICE",true,true,true,"FIT:2|BATTLE:0|BOOST:0|MUVO:0|EFIT:0",1791431857,1791432012
"2026-10-08 01:00:26","287",3,0,8,0,"IN_SERVICE",true,true,true,"FIT:3|BATTLE:0|BOOST:0|MUVO:0|EFIT:0",1791431868,1791432012
"2026-10-08 01:00:26","290",4,0,7,0,"IN_SERVICE",true,true,true,"FIT:4|BATTLE:0|BOOST:0|MUVO:0|EFIT:0",1791431864,1791432012
"2026-10-08 01:00:26","293",4,0,15,0,"IN_SERVICE",true,true,true,"FIT:4|BATTLE:0|BOOST:0|MUVO:0|EFIT:0",1791431864,1791432012
"2026-10-08 01:00:26","295",6,0,13,0,"IN_SERVICE",true,true,true,"FIT:6|BATTLE:0|BOOST:0|MUVO:0|EFIT:0",1791431894,1791432012
"2026-10-08 01:00:26","299",4,0,7,0,"IN_SERVICE",true,true,true,"FIT:4|BATTLE:0|BOOST:0|MUVO:0|EFIT:0",1791431966,1791432012
"2026-10-08 01:00:26","304",6,0,5,0,"IN_SERVICE",true,true,true,"FIT:6|BATTLE:0|BOOST:0|MUVO:0|EFIT:0",1791431905,1791432012
"2026-10-08 01:00:26","313",6,0,5,0,"IN_SERVICE",true,true,true,"FIT:1|BATTLE:0|BOOST:0|MUVO:0|EFIT:5",1791431955,1791432012
"2026-10-08 01:00:26","314",17,0,0,0,"IN_SERVICE",true,true,true,"FIT:17|BATTLE:0|BOOST:0|MUVO:0|EFIT:0",1791431937,1791432012
"2026-10-08 01:00:26","329",9,0,8,0,"IN_SERVICE",true,true,true,"FIT:9|BATTLE:0|BOOST:0|MUVO:0|EFIT:0",1791431931,1791432012
"2026-10-08 01:00:26","330",1,1,10,0,"IN_SERVICE",true,true,true,"FIT:1|BATTLE:0|BOOST:0|MUVO:0|EFIT:0",1791431942,1791432012
"2026-10-08 01:00:26","336",10,0,7,0,"IN_SERVICE",true,true,true,"FIT:10|BATTLE:0|BOOST:0|MUVO:0|EFIT:0",1791431895,1791432012
"2026-10-08 01:00:26","337",14,0,5,0,"IN_SERVICE",true,true,true,"FIT:14|BATTLE:0|BOOST:0|MUVO:0|EFIT:0",1791431857,1791432012
"2026-10-08 01:00:26","338",17,0,6,0,"IN_SERVICE",true,true,true,"FIT:16|BATTLE:0|BOOST:0|MUVO:0|EFIT:1",1791431887,1791432012
"2026-10-08 01:00:26","339",9,2,5,1,"IN_SERVICE",true,true,true,"FIT:9|BATTLE:0|BOOST:0|MUVO:0|EFIT:0",1791431884,1791432012
"2026-10-08 01:00:26","340",14,0,1,0,"IN_SERVICE",true,true,true,"FIT:14|BATTLE:0|BOOST:0|MUVO:0|EFIT:0",1791431839,1791432012
"2026-10-08 01:00:26","342",2,0,9,0,"IN_SERVICE",true,true,true,"FIT:2|BATTLE:0|BOOST:0|MUVO:0|EFIT:0",1791431849,1791432012
"2026-10-08 01:00:26","343",8,0,7,0,"IN_SERVICE",true,true,true,"FIT:8|BATTLE:0|BOOST:0|MUVO:0|EFIT:0",1791431963,1791432012
"2026-10-08 01:00:26","344",1,0,14,0,"IN_SERVICE",true,true,true,"FIT:1|BATTLE:0|BOOST:0|MUVO:0|EFIT:0",1791431917,1791432012
"2026-10-08 01:00:26","345",3,0,24,0,"IN_SERVICE",true,true,true,"FIT:3|BATTLE:0|BOOST:0|MUVO:0|EFIT:0",1791431957,1791432012
"2026-10-08 01:00:26","346",26,0,3,2,"IN_SERVICE",true,true,true,"FIT:25|BATTLE:0|BOOST:0|MUVO:0|EFIT:1",1791431989,1791432012
"2026-10-08 01:00:26","347",7,0,20,0,"IN_SERVICE",true,true,true,"FIT:7|BATTLE:0|BOOST:0|MUVO:0|EFIT:0",1791431954,1791432012
"2026-10-08 01:00:26","349",7,0,8,0,"IN_SERVICE",true,true,true,"FIT:1|BATTLE:0|BOOST:0|MUVO:0|EFIT:6",1791431876,1791432012
"2026-10-08 01:00:26","350",21,0,2,0,"IN_SERVICE",true,true,true,"FIT:21|BATTLE:0|BOOST:0|MUVO:0|EFIT:0",1791431993,1791432012
"2026-10-08 01:00:26","351",3,0,16,0,"IN_SERVICE",true,true,true,"FIT:3|BATTLE:0|BOOST:0|MUVO:0|EFIT:0",1791431921,1791432012
"2026-10-08 01:00:26","352",11,0,0,0,"IN_SERVICE",true,true,true,"FIT:11|BATTLE:0|BOOST:0|MUVO:0|EFIT:0",1791431948,1791432012
"2026-10-08 01:00:26","353",11,0,4,0,"IN_SERVICE",true,true,true,"FIT:11|BATTLE:0|BOOST:0|MUVO:0|EFIT:0",1791431878,1791432012
"2026-10-08 01:00:26","354",8,2,0,1,"IN_SERVICE",true,true,true,"FIT:8|BATTLE:0|BOOST:0|MUVO:0|EFIT:0",1791432005,1791432012
"2026-10-08 01:00:26","355",5,0,6,0,"IN_SERVICE",true,true,true,"FIT:5|BATTLE:0|BOOST:0|MUVO:0|EFIT:0",1791431877,1791432012
"2026-10-08 01:00:26","356",13,1,1,0,"IN_SERVICE",true,true,true,"FIT:13|BATTLE:0|BOOST:0|MUVO:0|EFIT:0",1791431946,1791432012
"2026-10-08 01:00:26","357",8,0,9,0,"IN_SERVICE",true,true,true,"FIT:7|BATTLE:0|BOOST:0|MUVO:0|EFIT:1",1791431904,1791432012
"2026-10-08 01:00:26","358",1,0,14,0,"IN_SERVICE",true,true,true,"FIT:1|BATTLE:0|BOOST:0|MUVO:0|EFIT:0",1791431962,1791432012
"2026-10-08 01:00:26","360",7,1,2,1,"IN_SERVICE",true,true,true,"FIT:7|BATTLE:0|BOOST:0|MUVO:0|EFIT:0",1791431952,1791432012
"2026-10-08 01:00:26","361",12,0,3,2,"IN_SERVICE",true,true,true,"FIT:12|BATTLE:0|BOOST:0|MUVO:0|EFIT:0",1791431969,1791432012
"2026-10-08 01:00:26","362",13,0,10,0,"IN_SERVICE",true,true,true,"FIT:12|BATTLE:0|BOOST:0|MUVO:0|EFIT:1",1791431874,1791432012
"2026-10-08 01:00:26","363",10,0,1,0,"IN_SERVICE",true,true,true,"FIT:10|BATTLE:0|BOOST:0|MUVO:0|EFIT:0",1791431882,1791432012
"2026-10-08 01:00:26","364",16,0,7,0,"IN_SERVICE",true,true,true,"FIT:16|BATTLE:0|BOOST:0|MUVO:0|EFIT:0",1791431896,1791432012
"2026-10-08 01:00:26","365",10,0,1,0,"IN_SERVICE",true,true,true,"FIT:10|BATTLE:0|BOOST:0|MUVO:0|EFIT:0",1791432010,1791432012
"2026-10-08 01:00:26","366",11,1,15,0,"IN_SERVICE",true,true,true,"FIT:11|BATTLE:0|BOOST:0|MUVO:0|EFIT:0",1791431967,1791432012
"2026-10-08 01:00:26","367",2,1,28,0,"IN_SERVICE",true,true,true,"FIT:2|BATTLE:0|BOOST:0|MUVO:0|EFIT:0",1791431957,1791432012
"2026-10-08 01:00:26","370",10,0,7,0,"IN_SERVICE",true,true,true,"FIT:9|BATTLE:0|BOOST:0|MUVO:0|EFIT:1",1791431889,1791432012
"2026-10-08 01:00:26","371",15,0,0,0,"IN_SERVICE",true,true,true,"FIT:15|BATTLE:0|BOOST:0|MUVO:0|EFIT:0",1791431858,1791432012
"2026-10-08 01:00:26","372",7,0,8,0,"IN_SERVICE",true,true,true,"FIT:6|BATTLE:0|BOOST:0|MUVO:0|EFIT:1",1791431908,1791432012
"2026-10-08 01:00:26","373",3,0,11,0,"IN_SERVICE",true,true,true,"FIT:2|BATTLE:0|BOOST:0|MUVO:0|EFIT:1",1791431866,1791432012
"2026-10-08 01:00:26","374",15,1,3,0,"IN_SERVICE",true,true,true,"FIT:15|BATTLE:0|BOOST:0|MUVO:0|EFIT:0",1791431946,1791432012
"2026-10-08 01:00:26","375",2,0,12,1,"IN_SERVICE",true,true,true,"FIT:2|BATTLE:0|BOOST:0|MUVO:0|EFIT:0",1791431948,1791432012
"2026-10-08 01:00:26","376",10,0,1,0,"IN_SERVICE",true,true,true,"FIT:10|BATTLE:0|BOOST:0|MUVO:0|EFIT:0",1791431857,1791432012
"2026-10-08 01:00:26","377",12,0,7,0,"IN_SERVICE",true,true,true,"FIT:12|BATTLE:0|BOOST:0|MUVO:0|EFIT:0",1791431999,1791432012
"2026-10-08 01:00:26","378",15,0,0,0,"IN_SERVICE",true,true,true,"FIT:15|BATTLE:0|BOOST:0|MUVO:0|EFIT:0",1791431967,1791432012
"2026-10-08 01:00:26","379",9,0,8,0,"IN_SERVICE",true,true,true,"FIT:9|BATTLE:0|BOOST:0|MUVO:0|EFIT:0",1791432010,1791432012
"2026-10-08 01:00:26","381",11,0,4,0,"IN_SERVICE",true,true,true,"FIT:11|BATTLE:0|BOOST:0|MUVO:0|EFIT:0",1791431869,1791432012
"2026-10-08 01:00:26","382",10,1,8,0,"IN_SERVICE",true,true,true,"FIT:10|BATTLE:0|BOOST:0|MUVO:0|EFIT:0",1791431915,1791432012
"2026-10-08 01:00:26","383",3,0,8,0,"IN_SERVICE",true,true,true,"FIT:3|BATTLE:0|BOOST:0|MUVO:0|EFIT:0",1791431857,1791432012
"2026-10-08 01:00:26","384",15,0,0,0,"IN_SERVICE",true,true,true,"FIT:15|BATTLE:0|BOOST:0|MUVO:0|EFIT:0",1791431953,1791432012
"2026-10-08 01:00:26","389",0,0,11,0,"IN_SERVICE",true,true,true,"FIT:0|BATTLE:0|BOOST:0|MUVO:0|EFIT:0",1791431920,1791432012
"2026-10-08 01:00:26","391",16,0,1,0,"IN_SERVICE",true,true,true,"FIT:16|BATTLE:0|BOOST:0|MUVO:0|EFIT:0",1791431942,1791432012
"2026-10-08 01:00:26","404",23,0,4,0,"IN_SERVICE",true,true,true,"FIT:20|BATTLE:0|BOOST:0|MUVO:0|EFIT:3",1791431953,1791432012
"2026-10-08 01:00:26","416",0,0,15,0,"IN_SERVICE",true,true,true,"FIT:0|BATTLE:0|BOOST:0|MUVO:0|EFIT:0",1791431971,1791432012
"2026-10-08 01:00:26","417",13,0,1,1,"IN_SERVICE",true,true,true,"FIT:13|BATTLE:0|BOOST:0|MUVO:0|EFIT:0",1791431896,1791432012
"2026-10-08 01:00:26","418",14,0,5,0,"IN_SERVICE",true,true,true,"FIT:5|BATTLE:0|BOOST:0|MUVO:0|EFIT:9",1791431917,1791432012
"2026-10-08 01:00:26","419",3,0,13,3,"IN_SERVICE",true,true,true,"FIT:2|BATTLE:0|BOOST:0|MUVO:0|EFIT:1",1791431926,1791432012
"2026-10-08 01:00:26","421",9,0,13,1,"IN_SERVICE",true,true,true,"FIT:6|BATTLE:0|BOOST:0|MUVO:0|EFIT:3",1791431941,1791432012
"2026-10-08 01:00:26","422",8,1,2,0,"IN_SERVICE",true,true,true,"FIT:8|BATTLE:0|BOOST:0|MUVO:0|EFIT:0",1791431889,1791432012
"2026-10-08 01:00:26","424",17,1,1,0,"IN_SERVICE",true,true,true,"FIT:17|BATTLE:0|BOOST:0|MUVO:0|EFIT:0",1791431874,1791432012
"2026-10-08 01:00:26","425",1,1,25,0,"IN_SERVICE",true,true,true,"FIT:0|BATTLE:0|BOOST:0|MUVO:0|EFIT:1",1791431991,1791432012
"2026-10-08 01:00:26","426",6,0,9,0,"IN_SERVICE",true,true,true,"FIT:3|BATTLE:0|BOOST:0|MUVO:0|EFIT:3",1791431964,1791432012
"2026-10-08 01:00:26","427",8,0,7,0,"IN_SERVICE",true,true,true,"FIT:8|BATTLE:0|BOOST:0|MUVO:0|EFIT:0",1791431835,1791432012
"2026-10-08 01:00:26","429",2,0,13,0,"IN_SERVICE",true,true,true,"FIT:1|BATTLE:0|BOOST:0|MUVO:0|EFIT:1",1791431865,1791432012
"2026-10-08 01:00:26","430",15,0,0,0,"IN_SERVICE",true,true,true,"FIT:2|BATTLE:0|BOOST:0|MUVO:0|EFIT:13",1791431976,1791432012
"2026-10-08 01:00:26","431",7,0,4,0,"IN_SERVICE",true,true,true,"FIT:6|BATTLE:0|BOOST:0|MUVO:0|EFIT:1",1791431950,1791432012
"2026-10-08 01:00:26","432",0,0,11,0,"IN_SERVICE",true,true,true,"FIT:0|BATTLE:0|BOOST:0|MUVO:0|EFIT:0",1791431950,1791432012
"2026-10-08 01:00:26","433",1,0,10,0,"IN_SERVICE",true,true,true,"FIT:0|BATTLE:0|BOOST:0|MUVO:0|EFIT:1",1791431897,1791432012
"2026-10-08 01:00:26","434",6,0,16,1,"IN_SERVICE",true,true,true,"FIT:6|BATTLE:0|BOOST:0|MUVO:0|EFIT:0",1791431934,1791432012
"2026-10-08 01:00:26","435",17,0,2,0,"IN_SERVICE",true,true,true,"FIT:11|BATTLE:0|BOOST:0|MUVO:0|EFIT:6",1791431994,1791432012
"2026-10-08 01:00:26","436",11,0,0,0,"IN_SERVICE",true,true,true,"FIT:8|BATTLE:0|BOOST:0|MUVO:0|EFIT:3",1791431926,1791432012
"2026-10-08 01:00:26","437",11,0,0,0,"IN_SERVICE",true,true,true,"FIT:7|BATTLE:0|BOOST:0|MUVO:0|EFIT:4",1791431973,1791432012
"2026-10-08 01:00:26","438",3,0,7,1,"IN_SERVICE",true,true,true,"FIT:1|BATTLE:0|BOOST:0|MUVO:0|EFIT:2",1791431957,1791432012
"2026-10-08 01:00:26","439",10,0,5,0,"IN_SERVICE",true,true,true,"FIT:10|BATTLE:0|BOOST:0|MUVO:0|EFIT:0",1791431975,1791432012
"2026-10-08 01:00:26","440",1,0,10,0,"IN_SERVICE",true,true,true,"FIT:1|BATTLE:0|BOOST:0|MUVO:0|EFIT:0",1791431994,1791432012
"2026-10-08 01:00:26","442",0,0,11,0,"IN_SERVICE",true,true,true,"FIT:0|BATTLE:0|BOOST:0|MUVO:0|EFIT:0",1791431889,1791432012
"2026-10-08 01:00:26","443",20,0,6,1,"IN_SERVICE",true,true,true,"FIT:20|BATTLE:0|BOOST:0|MUVO:0|EFIT:0",1791431979,1791432012
"2026-10-08 01:00:26","446",14,0,3,0,"IN_SERVICE",true,true,true,"FIT:11|BATTLE:0|BOOST:0|MUVO:0|EFIT:3",1791431907,1791432012
"2026-10-08 01:00:26","448",3,1,6,1,"IN_SERVICE",true,true,true,"FIT:3|BATTLE:0|BOOST:0|MUVO:0|EFIT:0",1791431903,1791432012
"2026-10-08 01:00:26","451",8,1,1,1,"IN_SERVICE",true,true,true,"FIT:8|BATTLE:0|BOOST:0|MUVO:0|EFIT:0",1791431987,1791432012
"2026-10-08 01:00:26","452",9,0,10,0,"IN_SERVICE",true,true,true,"FIT:8|BATTLE:0|BOOST:0|MUVO:0|EFIT:1",1791431947,1791432012
"2026-10-08 01:00:26","454",14,0,1,0,"IN_SERVICE",true,true,true,"FIT:14|BATTLE:0|BOOST:0|MUVO:0|EFIT:0",1791431982,1791432012
"2026-10-08 01:00:26","455",5,0,6,0,"IN_SERVICE",true,true,true,"FIT:4|BATTLE:0|BOOST:0|MUVO:0|EFIT:1",1791431962,1791432012
"2026-10-08 01:00:26","459",15,0,2,0,"IN_SERVICE",true,true,true,"FIT:12|BATTLE:0|BOOST:0|MUVO:0|EFIT:3",1791431988,1791432012
"2026-10-08 01:00:26","460",2,0,21,0,"IN_SERVICE",true,true,true,"FIT:1|BATTLE:0|BOOST:0|MUVO:0|EFIT:1",1791431906,1791432012
"2026-10-08 01:00:26","461",4,0,11,0,"IN_SERVICE",true,true,true,"FIT:4|BATTLE:0|BOOST:0|MUVO:0|EFIT:0",1791431997,1791432012
"2026-10-08 01:00:26","462",3,0,12,0,"IN_SERVICE",true,true,true,"FIT:3|BATTLE:0|BOOST:0|MUVO:0|EFIT:0",1791431856,1791432012
"2026-10-08 01:00:26","463",10,0,5,0,"IN_SERVICE",true,true,true,"FIT:10|BATTLE:0|BOOST:0|MUVO:0|EFIT:0",1791431992,1791432012
"2026-10-08 01:00:26","464",6,0,5,0,"IN_SERVICE",true,true,true,"FIT:3|BATTLE:0|BOOST:0|MUVO:0|EFIT:3",1791431896,1791432012
"2026-10-08 01:00:26","466",17,0,2,0,"IN_SERVICE",true,true,true,"FIT:17|BATTLE:0|BOOST:0|MUVO:0|EFIT:0",1791432002,1791432012
"2026-10-08 01:00:26","467",0,0,15,0,"IN_SERVICE",true,true,true,"FIT:0|BATTLE:0|BOOST:0|MUVO:0|EFIT:0",1791431982,1791432012
"2026-10-08 01:00:26","468",16,0,3,0,"IN_SERVICE",true,true,true,"FIT:14|BATTLE:0|BOOST:0|MUVO:0|EFIT:2",1791431912,1791432012
"2026-10-08 01:00:26","469",16,0,3,0,"IN_SERVICE",true,true,true,"FIT:16|BATTLE:0|BOOST:0|MUVO:0|EFIT:0",1791432011,1791432012
"2026-10-08 01:00:26","470",14,1,4,0,"IN_SERVICE",true,true,true,"FIT:14|BATTLE:0|BOOST:0|MUVO:0|EFIT:0",1791431948,1791432012
"2026-10-08 01:00:26","471",9,1,9,0,"IN_SERVICE",true,true,true,"FIT:6|BATTLE:0|BOOST:0|MUVO:0|EFIT:3",1791431973,1791432012
"2026-10-08 01:00:26","473",10,0,1,0,"IN_SERVICE",true,true,true,"FIT:7|BATTLE:0|BOOST:0|MUVO:0|EFIT:3",1791431938,1791432012
"2026-10-08 01:00:26","474",8,2,5,0,"IN_SERVICE",true,true,true,"FIT:7|BATTLE:0|BOOST:0|MUVO:0|EFIT:1",1791431960,1791432012
"2026-10-08 01:00:26","477",3,0,12,0,"IN_SERVICE",true,true,true,"FIT:1|BATTLE:0|BOOST:0|MUVO:0|EFIT:2",1791431890,1791432012
"2026-10-08 01:00:26","479",16,0,3,0,"IN_SERVICE",true,true,true,"FIT:14|BATTLE:0|BOOST:0|MUVO:0|EFIT:2",1791432005,1791432012
"2026-10-08 01:00:26","487",11,0,0,0,"IN_SERVICE",true,true,true,"FIT:11|BATTLE:0|BOOST:0|MUVO:0|EFIT:0",1791431916,1791432012
"2026-10-08 01:00:26","488",2,0,13,0,"IN_SERVICE",true,true,true,"FIT:2|BATTLE:0|BOOST:0|MUVO:0|EFIT:0",1791431893,1791432012
"2026-10-08 01:00:26","489",1,1,20,1,"IN_SERVICE",true,true,true,"FIT:1|BATTLE:0|BOOST:0|MUVO:0|EFIT:0",1791431850,1791432012
"2026-10-08 01:00:26","490",2,0,9,0,"IN_SERVICE",true,true,true,"FIT:0|BATTLE:0|BOOST:0|MUVO:0|EFIT:2",1791431980,1791432012
"2026-10-08 01:00:26","491",9,0,6,2,"IN_SERVICE",true,true,true,"FIT:8|BATTLE:0|BOOST:0|MUVO:0|EFIT:1",1791431946,1791432012
"2026-10-08 01:00:26","492",2,1,12,0,"IN_SERVICE",true,true,true,"FIT:2|BATTLE:0|BOOST:0|MUVO:0|EFIT:0",1791431973,1791432012
"2026-10-08 01:00:26","493",3,0,14,2,"IN_SERVICE",true,true,true,"FIT:3|BATTLE:0|BOOST:0|MUVO:0|EFIT:0",1791431943,1791432012
"2026-10-08 01:00:26","494",1,1,17,0,"IN_SERVICE",true,true,true,"FIT:1|BATTLE:0|BOOST:0|MUVO:0|EFIT:0",1791431893,1791432012
"2026-10-08 01:00:26","495",19,0,0,0,"IN_SERVICE",true,true,true,"FIT:19|BATTLE:0|BOOST:0|MUVO:0|EFIT:0",1791431911,1791432012
"2026-10-08 01:00:26","497",8,0,7,0,"IN_SERVICE",true,true,true,"FIT:7|BATTLE:0|BOOST:0|MUVO:0|EFIT:1",1791431854,1791432012
"2026-10-08 01:00:26","498",0,0,19,0,"IN_SERVICE",true,true,true,"FIT:0|BATTLE:0|BOOST:0|MUVO:0|EFIT:0",1791431925,1791432012
"2026-10-08 01:00:26","499",1,0,10,0,"IN_SERVICE",true,true,true,"FIT:1|BATTLE:0|BOOST:0|MUVO:0|EFIT:0",1791431862,1791432012
"2026-10-08 01:00:26","500",9,0,2,0,"IN_SERVICE",true,true,true,"FIT:6|BATTLE:0|BOOST:0|MUVO:0|EFIT:3",1791431971,1791432012
"2026-10-08 01:00:26","501",19,0,3,0,"IN_SERVICE",true,true,true,"FIT:19|BATTLE:0|BOOST:0|MUVO:0|EFIT:0",1791431878,1791432012
"2026-10-08 01:00:26","503",21,0,6,0,"IN_SERVICE",true,true,true,"FIT:19|BATTLE:0|BOOST:0|MUVO:0|EFIT:2",1791431871,1791432012
"2026-10-08 01:00:26","504",3,0,8,0,"IN_SERVICE",true,true,true,"FIT:2|BATTLE:0|BOOST:0|MUVO:0|EFIT:1",1791431826,1791432012
"2026-10-08 01:00:26","505",3,0,16,0,"IN_SERVICE",true,true,true,"FIT:3|BATTLE:0|BOOST:0|MUVO:0|EFIT:0",1791432001,1791432012
"2026-10-08 01:00:26","506",11,0,16,0,"IN_SERVICE",true,true,true,"FIT:11|BATTLE:0|BOOST:0|MUVO:0|EFIT:0",1791431833,1791432012
"2026-10-08 01:00:26","508",2,0,17,0,"IN_SERVICE",true,true,true,"FIT:2|BATTLE:0|BOOST:0|MUVO:0|EFIT:0",1791431859,1791432012
"2026-10-08 01:00:26","509",10,0,9,0,"IN_SERVICE",true,true,true,"FIT:10|BATTLE:0|BOOST:0|MUVO:0|EFIT:0",1791431838,1791432012
"2026-10-08 01:00:26","518",4,0,7,0,"IN_SERVICE",true,true,true,"FIT:1|BATTLE:0|BOOST:0|MUVO:0|EFIT:3",1791431849,1791432012
"2026-10-08 01:00:26","519",8,1,6,0,"IN_SERVICE",true,true,true,"FIT:5|BATTLE:0|BOOST:0|MUVO:0|EFIT:3",1791431927,1791432012
"2026-10-08 01:00:26","520",9,0,2,0,"IN_SERVICE",true,true,true,"FIT:5|BATTLE:0|BOOST:0|MUVO:0|EFIT:4",1791431998,1791432012
"2026-10-08 01:00:26","521",12,0,5,0,"IN_SERVICE",true,true,true,"FIT:10|BATTLE:0|BOOST:0|MUVO:0|EFIT:2",1791431900,1791432012
"2026-10-08 01:00:26","522",7,0,12,0,"IN_SERVICE",true,true,true,"FIT:7|BATTLE:0|BOOST:0|MUVO:0|EFIT:0",1791431862,1791432012
"2026-10-08 01:00:26","523",11,0,8,0,"IN_SERVICE",true,true,true,"FIT:10|BATTLE:0|BOOST:0|MUVO:0|EFIT:1",1791431833,1791432012
"2026-10-08 01:00:26","524",8,0,8,0,"IN_SERVICE",true,true,true,"FIT:8|BATTLE:0|BOOST:0|MUVO:0|EFIT:0",1791431899,1791432012
"2026-10-08 01:00:26","525",1,0,18,0,"IN_SERVICE",true,true,true,"FIT:1|BATTLE:0|BOOST:0|MUVO:0|EFIT:0",1791431887,1791432012
"2026-10-08 01:00:26","526",6,0,9,0,"IN_SERVICE",true,true,true,"FIT:6|BATTLE:0|BOOST:0|MUVO:0|EFIT:0",1791431866,1791432012
"2026-10-08 01:00:26","528",8,0,6,1,"IN_SERVICE",true,true,true,"FIT:8|BATTLE:0|BOOST:0|MUVO:0|EFIT:0",1791431919,1791432012
"2026-10-08 01:00:26","529",2,0,13,0,"IN_SERVICE",true,true,true,"FIT:2|BATTLE:0|BOOST:0|MUVO:0|EFIT:0",1791431830,1791432012
"2026-10-08 01:00:26","530",1,0,18,0,"IN_SERVICE",true,true,true,"FIT:1|BATTLE:0|BOOST:0|MUVO:0|EFIT:0",1791431934,1791432012
"2026-10-08 01:00:26","531",1,0,16,0,"IN_SERVICE",true,true,true,"FIT:1|BATTLE:0|BOOST:0|MUVO:0|EFIT:0",1791431875,1791432012
"2026-10-08 01:00:26","536",1,0,10,0,"IN_SERVICE",true,true,true,"FIT:1|BATTLE:0|BOOST:0|MUVO:0|EFIT:0",1791431887,1791432012
"2026-10-08 01:00:26","538",11,0,0,0,"IN_SERVICE",true,true,true,"FIT:11|BATTLE:0|BOOST:0|MUVO:0|EFIT:0",1791431996,1791432012
"2026-10-08 01:00:26","539",11,0,4,0,"IN_SERVICE",true,true,true,"FIT:11|BATTLE:0|BOOST:0|MUVO:0|EFIT:0",1791431927,1791432012
"2026-10-08 01:00:26","540",3,0,12,0,"IN_SERVICE",true,true,true,"FIT:3|BATTLE:0|BOOST:0|MUVO:0|EFIT:0",1791431935,1791432012
"2026-10-08 01:00:26","541",2,0,13,0,"IN_SERVICE",true,true,true,"FIT:2|BATTLE:0|BOOST:0|MUVO:0|EFIT:0",1791431883,1791432012
"2026-10-08 01:00:26","542",8,0,7,0,"IN_SERVICE",true,true,true,"FIT:8|BATTLE:0|BOOST:0|MUVO:0|EFIT:0",1791431917,1791432012
"2026-10-08 01:00:26","543",1,0,14,0,"IN_SERVICE",true,true,true,"FIT:1|BATTLE:0|BOOST:0|MUVO:0|EFIT:0",1791431995,1791432012
"2026-10-08 01:00:26","548",14,0,1,0,"IN_SERVICE",true,true,true,"FIT:14|BATTLE:0|BOOST:0|MUVO:0|EFIT:0",1791431962,1791432012
"2026-10-08 01:00:26","549",2,0,13,0,"IN_SERVICE",true,true,true,"FIT:2|BATTLE:0|BOOST:0|MUVO:0|EFIT:0",1791431995,1791432012
"2026-10-08 01:00:26","551",12,1,2,0,"IN_SERVICE",true,true,true,"FIT:12|BATTLE:0|BOOST:0|MUVO:0|EFIT:0",1791431893,1791432012
"2026-10-08 01:00:26","555",11,0,4,0,"IN_SERVICE",true,true,true,"FIT:10|BATTLE:0|BOOST:0|MUVO:0|EFIT:1",1791431979,1791432012
"2026-10-08 01:00:26","559",21,0,6,0,"IN_SERVICE",true,true,true,"FIT:18|BATTLE:0|BOOST:0|MUVO:0|EFIT:3",1791431964,1791432012
"2026-10-08 01:00:26","565",1,0,14,0,"IN_SERVICE",true,true,true,"FIT:1|BATTLE:0|BOOST:0|MUVO:0|EFIT:0",1791431999,1791432012
"2026-10-08 01:00:26","566",17,0,0,0,"IN_SERVICE",true,true,true,"FIT:16|BATTLE:0|BOOST:0|MUVO:0|EFIT:1",1791431836,1791432012
"2026-10-08 01:00:26","567",1,0,16,0,"IN_SERVICE",true,true,true,"FIT:1|BATTLE:0|BOOST:0|MUVO:0|EFIT:0",1791431940,1791432012
"2026-10-08 01:00:26","570",0,0,11,0,"IN_SERVICE",true,true,true,"FIT:0|BATTLE:0|BOOST:0|MUVO:0|EFIT:0",1791431886,1791432012
"2026-10-08 01:00:26","572",12,0,11,0,"IN_SERVICE",true,true,true,"FIT:12|BATTLE:0|BOOST:0|MUVO:0|EFIT:0",1791431978,1791432012
"2026-10-08 01:00:26","576",10,0,13,0,"IN_SERVICE",true,true,true,"FIT:9|BATTLE:0|BOOST:0|MUVO:0|EFIT:1",1791431999,1791432012
"2026-10-08 01:00:26","577",6,0,9,0,"IN_SERVICE",true,true,true,"FIT:4|BATTLE:0|BOOST:0|MUVO:0|EFIT:2",1791431862,1791432012
"2026-10-08 01:00:26","590",10,0,0,0,"IN_SERVICE",true,true,true,"FIT:10|BATTLE:0|BOOST:0|MUVO:0|EFIT:0",1791431993,1791432012
"2026-10-08 01:00:26","593",12,0,3,0,"IN_SERVICE",true,true,true,"FIT:12|BATTLE:0|BOOST:0|MUVO:0|EFIT:0",1791431842,1791432012
"2026-10-08 01:00:26","594",10,0,9,0,"IN_SERVICE",true,true,true,"FIT:9|BATTLE:0|BOOST:0|MUVO:0|EFIT:1",1791432009,1791432012
"2026-10-08 01:00:26","595",1,0,13,1,"IN_SERVICE",true,true,true,"FIT:0|BATTLE:0|BOOST:0|MUVO:0|EFIT:1",1791431979,1791432012
"2026-10-08 01:00:26","597",11,0,7,1,"IN_SERVICE",true,true,true,"FIT:10|BATTLE:0|BOOST:0|MUVO:0|EFIT:1",1791431835,1791432012
"2026-10-08 01:00:26","598",0,0,9,0,"IN_SERVICE",true,true,true,"FIT:0|BATTLE:0|BOOST:0|MUVO:0|EFIT:0",1791431937,1791432012
"2026-10-08 01:15:17","1",6,0,11,0,"IN_SERVICE",true,true,true,"FIT:6|BATTLE:0|BOOST:0|MUVO:0|EFIT:0",1791432770,1791432902
"2026-10-08 01:15:17","2",11,0,7,1,"IN_SERVICE",true,true,true,"FIT:10|BATTLE:0|BOOST:0|MUVO:0|EFIT:1",1791432827,1791432902
"2026-10-08 01:15:17","3",7,2,10,0,"IN_SERVICE",true,true,true,"FIT:5|BATTLE:0|BOOST:0|MUVO:0|EFIT:2",1791432845,1791432902
"2026-10-08 01:15:17","4",0,0,16,1,"IN_SERVICE",true,true,true,"FIT:0|BATTLE:0|BOOST:0|MUVO:0|EFIT:0",1791432724,1791432902
"2026-10-08 01:15:17","5",4,0,19,0,"IN_SERVICE",true,true,true,"FIT:4|BATTLE:0|BOOST:0|MUVO:0|EFIT:0",1791432874,1791432902
"2026-10-08 01:15:17","6",10,0,8,1,"IN_SERVICE",true,true,true,"FIT:10|BATTLE:0|BOOST:0|MUVO:0|EFIT:0",1791432807,1791432902
"2026-10-08 01:15:17","7",1,0,18,0,"IN_SERVICE",true,true,true,"FIT:1|BATTLE:0|BOOST:0|MUVO:0|EFIT:0",1791432747,1791432902
"2026-10-08 01:15:17","8",3,0,20,0,"IN_SERVICE",true,true,true,"FIT:2|BATTLE:0|BOOST:0|MUVO:0|EFIT:1",1791432745,1791432902
"2026-10-08 01:15:17","9",10,0,13,0,"IN_SERVICE",true,true,true,"FIT:10|BATTLE:0|BOOST:0|MUVO:0|EFIT:0",1791432847,1791432902
"2026-10-08 01:15:17","10",16,0,3,0,"IN_SERVICE",true,true,true,"FIT:16|BATTLE:0|BOOST:0|MUVO:0|EFIT:0",1791432736,1791432902
"2026-10-08 01:15:17","11",8,0,9,0,"IN_SERVICE",true,true,true,"FIT:7|BATTLE:0|BOOST:0|MUVO:0|EFIT:1",1791432819,1791432902
"2026-10-08 01:15:17","12",15,0,4,0,"IN_SERVICE",true,true,true,"FIT:14|BATTLE:0|BOOST:0|MUVO:0|EFIT:1",1791432754,1791432902
"2026-10-08 01:15:17","14",14,0,9,0,"IN_SERVICE",true,true,true,"FIT:11|BATTLE:0|BOOST:0|MUVO:0|EFIT:3",1791432801,1791432902
"2026-10-08 01:15:17","15",12,0,3,0,"IN_SERVICE",true,true,true,"FIT:7|BATTLE:0|BOOST:0|MUVO:0|EFIT:5",1791432802,1791432902
"2026-10-08 01:15:17","16",19,0,4,0,"IN_SERVICE",true,true,true,"FIT:7|BATTLE:0|BOOST:0|MUVO:0|EFIT:12",1791432896,1791432902
"2026-10-08 01:15:17","17",17,0,2,0,"IN_SERVICE",true,true,true,"FIT:12|BATTLE:0|BOOST:0|MUVO:0|EFIT:5",1791432753,1791432902
"2026-10-08 01:15:17","18",13,0,2,0,"IN_SERVICE",true,true,true,"FIT:11|BATTLE:0|BOOST:0|MUVO:0|EFIT:2",1791432823,1791432902
"2026-10-08 01:15:17","19",3,0,8,0,"IN_SERVICE",true,true,true,"FIT:3|BATTLE:0|BOOST:0|MUVO:0|EFIT:0",1791432817,1791432902
"2026-10-08 01:15:17","20",1,0,21,1,"IN_SERVICE",true,true,true,"FIT:0|BATTLE:0|BOOST:0|MUVO:0|EFIT:1",1791432870,1791432902
"2026-10-08 01:15:17","21",8,1,8,0,"IN_SERVICE",true,true,true,"FIT:7|BATTLE:0|BOOST:0|MUVO:0|EFIT:1",1791432731,1791432902
"2026-10-08 01:15:17","22",7,0,8,0,"IN_SERVICE",true,true,true,"FIT:7|BATTLE:0|BOOST:0|MUVO:0|EFIT:0",1791432841,1791432902
"2026-10-08 01:15:17","23",7,1,12,0,"IN_SERVICE",true,true,true,"FIT:6|BATTLE:0|BOOST:0|MUVO:0|EFIT:1",1791432856,1791432902
"2026-10-08 01:15:17","24",0,1,22,0,"IN_SERVICE",true,true,true,"FIT:0|BATTLE:0|BOOST:0|MUVO:0|EFIT:0",1791432858,1791432902
"2026-10-08 01:15:17","25",1,0,18,0,"IN_SERVICE",true,true,true,"FIT:1|BATTLE:0|BOOST:0|MUVO:0|EFIT:0",1791432888,1791432902
"2026-10-08 01:15:17","26",2,0,21,0,"IN_SERVICE",true,true,true,"FIT:1|BATTLE:0|BOOST:0|MUVO:0|EFIT:1",1791432874,1791432902
"2026-10-08 01:15:17","27",10,5,16,0,"IN_SERVICE",true,true,true,"FIT:6|BATTLE:0|BOOST:0|MUVO:0|EFIT:4",1791432845,1791432902
"2026-10-08 01:15:17","28",24,2,2,1,"IN_SERVICE",true,true,true,"FIT:24|BATTLE:0|BOOST:0|MUVO:0|EFIT:0",1791432752,1791432902
"2026-10-08 01:15:17","30",7,0,10,0,"IN_SERVICE",true,true,true,"FIT:6|BATTLE:0|BOOST:0|MUVO:0|EFIT:1",1791432730,1791432902
"2026-10-08 01:15:17","31",2,1,28,0,"IN_SERVICE",true,true,true,"FIT:2|BATTLE:0|BOOST:0|MUVO:0|EFIT:0",1791432775,1791432902
"2026-10-08 01:15:17","32",26,0,1,0,"IN_SERVICE",true,true,true,"FIT:25|BATTLE:0|BOOST:0|MUVO:0|EFIT:1",1791432864,1791432902
"2026-10-08 01:15:17","33",4,2,7,0,"IN_SERVICE",true,true,true,"FIT:4|BATTLE:0|BOOST:0|MUVO:0|EFIT:0",1791432768,1791432902
"2026-10-08 01:15:17","34",1,0,30,0,"IN_SERVICE",true,true,true,"FIT:1|BATTLE:0|BOOST:0|MUVO:0|EFIT:0",1791432886,1791432902
"2026-10-08 01:15:17","35",2,0,33,0,"IN_SERVICE",true,true,true,"FIT:2|BATTLE:0|BOOST:0|MUVO:0|EFIT:0",1791432835,1791432902
"2026-10-08 01:15:17","36",3,0,12,0,"IN_SERVICE",true,true,true,"FIT:3|BATTLE:0|BOOST:0|MUVO:0|EFIT:0",1791432885,1791432902
"2026-10-08 01:15:17","37",3,0,11,0,"IN_SERVICE",true,true,true,"FIT:3|BATTLE:0|BOOST:0|MUVO:0|EFIT:0",1791432730,1791432902
"2026-10-08 01:15:17","38",5,0,26,0,"IN_SERVICE",true,true,true,"FIT:5|BATTLE:0|BOOST:0|MUVO:0|EFIT:0",1791432738,1791432902
"2026-10-08 01:15:17","39",2,0,9,0,"IN_SERVICE",true,true,true,"FIT:1|BATTLE:0|BOOST:0|MUVO:0|EFIT:1",1791432775,1791432902
"2026-10-08 01:15:17","40",8,1,10,0,"IN_SERVICE",true,true,true,"FIT:3|BATTLE:0|BOOST:0|MUVO:0|EFIT:5",1791432785,1791432902
"2026-10-08 01:15:17","41",8,0,11,0,"IN_SERVICE",true,true,true,"FIT:8|BATTLE:0|BOOST:0|MUVO:0|EFIT:0",1791432897,1791432902
"2026-10-08 01:15:17","42",7,0,12,0,"IN_SERVICE",true,true,true,"FIT:7|BATTLE:0|BOOST:0|MUVO:0|EFIT:0",1791432866,1791432902
"2026-10-08 01:15:17","43",3,0,14,0,"IN_SERVICE",true,true,true,"FIT:2|BATTLE:0|BOOST:0|MUVO:0|EFIT:1",1791432821,1791432902
"2026-10-08 01:15:17","44",14,3,2,0,"IN_SERVICE",true,true,true,"FIT:13|BATTLE:0|BOOST:0|MUVO:0|EFIT:1",1791432882,1791432902
"2026-10-08 01:15:17","45",15,1,3,0,"IN_SERVICE",true,true,true,"FIT:15|BATTLE:0|BOOST:0|MUVO:0|EFIT:0",1791432737,1791432902
"2026-10-08 01:15:17","46",1,2,21,0,"IN_SERVICE",true,true,true,"FIT:1|BATTLE:0|BOOST:0|MUVO:0|EFIT:0",1791432784,1791432902
"2026-10-08 01:15:17","47",0,0,15,0,"IN_SERVICE",true,true,true,"FIT:0|BATTLE:0|BOOST:0|MUVO:0|EFIT:0",1791432834,1791432902
"2026-10-08 01:15:17","48",0,0,19,0,"IN_SERVICE",true,true,true,"FIT:0|BATTLE:0|BOOST:0|MUVO:0|EFIT:0",1791432870,1791432902
"2026-10-08 01:15:17","49",1,2,11,0,"IN_SERVICE",true,true,true,"FIT:1|BATTLE:0|BOOST:0|MUVO:0|EFIT:0",1791432888,1791432902
"2026-10-08 01:15:17","50",1,1,20,1,"IN_SERVICE",true,true,true,"FIT:1|BATTLE:0|BOOST:0|MUVO:0|EFIT:0",1791432805,1791432902
"2026-10-08 01:15:17","51",5,0,11,1,"IN_SERVICE",true,true,true,"FIT:5|BATTLE:0|BOOST:0|MUVO:0|EFIT:0",1791432814,1791432902
"2026-10-08 01:15:17","52",3,0,11,1,"IN_SERVICE",true,true,true,"FIT:3|BATTLE:0|BOOST:0|MUVO:0|EFIT:0",1791432887,1791432902
"2026-10-08 01:15:17","53",2,0,9,0,"IN_SERVICE",true,true,true,"FIT:2|BATTLE:0|BOOST:0|MUVO:0|EFIT:0",1791432742,1791432902
"2026-10-08 01:15:17","54",3,1,15,0,"IN_SERVICE",true,true,true,"FIT:2|BATTLE:0|BOOST:0|MUVO:0|EFIT:1",1791432828,1791432902
"2026-10-08 01:15:17","55",3,1,13,0,"IN_SERVICE",true,true,true,"FIT:3|BATTLE:0|BOOST:0|MUVO:0|EFIT:0",1791432892,1791432902
"2026-10-08 01:15:17","56",21,0,2,0,"IN_SERVICE",true,true,true,"FIT:21|BATTLE:0|BOOST:0|MUVO:0|EFIT:0",1791432874,1791432902
"2026-10-08 01:15:17","57",4,0,11,0,"IN_SERVICE",true,true,true,"FIT:4|BATTLE:0|BOOST:0|MUVO:0|EFIT:0",1791432760,1791432902
"2026-10-08 01:15:17","58",15,2,5,1,"IN_SERVICE",true,true,true,"FIT:15|BATTLE:0|BOOST:0|MUVO:0|EFIT:0",1791432821,1791432902
"2026-10-08 01:15:17","59",3,0,8,0,"IN_SERVICE",true,true,true,"FIT:3|BATTLE:0|BOOST:0|MUVO:0|EFIT:0",1791432842,1791432902
"2026-10-08 01:15:17","60",0,3,11,1,"IN_SERVICE",true,true,true,"FIT:0|BATTLE:0|BOOST:0|MUVO:0|EFIT:0",1791432774,1791432902
"2026-10-08 01:15:17","61",15,0,2,0,"IN_SERVICE",true,true,true,"FIT:15|BATTLE:0|BOOST:0|MUVO:0|EFIT:0",1791432767,1791432902
"2026-10-08 01:15:17","62",7,2,6,0,"IN_SERVICE",true,true,true,"FIT:7|BATTLE:0|BOOST:0|MUVO:0|EFIT:0",1791432755,1791432902
"2026-10-08 01:15:17","63",1,0,12,1,"IN_SERVICE",true,true,true,"FIT:1|BATTLE:0|BOOST:0|MUVO:0|EFIT:0",1791432843,1791432902
"2026-10-08 01:15:17","64",5,0,14,0,"IN_SERVICE",true,true,true,"FIT:5|BATTLE:0|BOOST:0|MUVO:0|EFIT:0",1791432876,1791432902
"2026-10-08 01:15:17","65",2,0,19,2,"IN_SERVICE",true,true,true,"FIT:2|BATTLE:0|BOOST:0|MUVO:0|EFIT:0",1791432813,1791432902
"2026-10-08 01:15:17","66",2,0,9,0,"IN_SERVICE",true,true,true,"FIT:2|BATTLE:0|BOOST:0|MUVO:0|EFIT:0",1791432790,1791432902
"2026-10-08 01:15:17","67",14,0,1,0,"IN_SERVICE",true,true,true,"FIT:14|BATTLE:0|BOOST:0|MUVO:0|EFIT:0",1791432819,1791432902
"2026-10-08 01:15:17","68",19,0,4,0,"IN_SERVICE",true,true,true,"FIT:19|BATTLE:0|BOOST:0|MUVO:0|EFIT:0",1791432738,1791432902
"2026-10-08 01:15:17","69",17,0,6,0,"IN_SERVICE",true,true,true,"FIT:15|BATTLE:0|BOOST:0|MUVO:0|EFIT:2",1791432741,1791432902
"2026-10-08 01:15:17","70",20,0,3,0,"IN_SERVICE",true,true,true,"FIT:17|BATTLE:0|BOOST:0|MUVO:0|EFIT:3",1791432801,1791432902
"2026-10-08 01:15:17","71",11,0,8,0,"IN_SERVICE",true,true,true,"FIT:11|BATTLE:0|BOOST:0|MUVO:0|EFIT:0",1791432848,1791432902
"2026-10-08 01:15:17","73",19,0,4,0,"IN_SERVICE",true,true,true,"FIT:14|BATTLE:0|BOOST:0|MUVO:0|EFIT:5",1791432788,1791432902
"2026-10-08 01:15:17","74",14,0,5,0,"IN_SERVICE",true,true,true,"FIT:14|BATTLE:0|BOOST:0|MUVO:0|EFIT:0",1791432831,1791432902
"2026-10-08 01:15:17","75",2,0,13,0,"IN_SERVICE",true,true,true,"FIT:2|BATTLE:0|BOOST:0|MUVO:0|EFIT:0",1791432898,1791432902
"2026-10-08 01:15:17","76",2,0,17,0,"IN_SERVICE",true,true,true,"FIT:1|BATTLE:0|BOOST:0|MUVO:0|EFIT:1",1791432730,1791432902
"2026-10-08 01:15:17","77",3,1,14,0,"IN_SERVICE",true,true,true,"FIT:3|BATTLE:0|BOOST:0|MUVO:0|EFIT:0",1791432797,1791432902
"2026-10-08 01:15:17","78",6,0,5,0,"IN_SERVICE",true,true,true,"FIT:6|BATTLE:0|BOOST:0|MUVO:0|EFIT:0",1791432881,1791432902
"2026-10-08 01:15:17","79",8,0,3,0,"IN_SERVICE",true,true,true,"FIT:6|BATTLE:0|BOOST:0|MUVO:0|EFIT:2",1791432804,1791432902
"2026-10-08 01:15:17","80",17,0,1,0,"IN_SERVICE",true,true,true,"FIT:17|BATTLE:0|BOOST:0|MUVO:0|EFIT:0",1791432734,1791432902
"2026-10-08 01:15:17","81",1,0,13,1,"IN_SERVICE",true,true,true,"FIT:1|BATTLE:0|BOOST:0|MUVO:0|EFIT:0",1791432761,1791432902
"2026-10-08 01:15:17","82",19,2,8,1,"IN_SERVICE",true,true,true,"FIT:19|BATTLE:0|BOOST:0|MUVO:0|EFIT:0",1791432886,1791432902
"2026-10-08 01:15:17","83",13,0,15,3,"IN_SERVICE",true,true,true,"FIT:12|BATTLE:0|BOOST:0|MUVO:0|EFIT:1",1791432891,1791432902
"2026-10-08 01:15:17","84",4,0,11,0,"IN_SERVICE",true,true,true,"FIT:4|BATTLE:0|BOOST:0|MUVO:0|EFIT:0",1791432736,1791432902
"2026-10-08 01:15:17","85",2,0,21,0,"IN_SERVICE",true,true,true,"FIT:2|BATTLE:0|BOOST:0|MUVO:0|EFIT:0",1791432790,1791432902
"2026-10-08 01:15:17","86",9,0,25,1,"IN_SERVICE",true,true,true,"FIT:6|BATTLE:0|BOOST:0|MUVO:0|EFIT:3",1791432865,1791432902
"2026-10-08 01:15:17","87",2,0,16,1,"IN_SERVICE",true,true,true,"FIT:2|BATTLE:0|BOOST:0|MUVO:0|EFIT:0",1791432736,1791432902
"2026-10-08 01:15:17","88",11,0,8,0,"IN_SERVICE",true,true,true,"FIT:0|BATTLE:0|BOOST:0|MUVO:0|EFIT:11",1791432761,1791432902
"2026-10-08 01:15:17","89",5,1,9,1,"IN_SERVICE",true,true,true,"FIT:2|BATTLE:0|BOOST:0|MUVO:0|EFIT:3",1791432831,1791432902
"2026-10-08 01:15:17","90",5,1,6,0,"IN_SERVICE",true,true,true,"FIT:3|BATTLE:0|BOOST:0|MUVO:0|EFIT:2",1791432736,1791432902
"2026-10-08 01:15:17","91",6,0,5,0,"IN_SERVICE",true,true,true,"FIT:2|BATTLE:0|BOOST:0|MUVO:0|EFIT:4",1791432753,1791432902
"2026-10-08 01:15:17","92",5,0,10,0,"IN_SERVICE",true,true,true,"FIT:3|BATTLE:0|BOOST:0|MUVO:0|EFIT:2",1791432833,1791432902
"2026-10-08 01:15:17","93",10,0,5,0,"IN_SERVICE",true,true,true,"FIT:7|BATTLE:0|BOOST:0|MUVO:0|EFIT:3",1791432786,1791432902
"2026-10-08 01:15:17","94",5,0,10,0,"IN_SERVICE",true,true,true,"FIT:4|BATTLE:0|BOOST:0|MUVO:0|EFIT:1",1791432784,1791432902
"2026-10-08 01:15:17","95",11,0,6,0,"IN_SERVICE",true,true,true,"FIT:7|BATTLE:0|BOOST:0|MUVO:0|EFIT:4",1791432749,1791432902
"2026-10-08 01:15:17","96",5,1,13,0,"IN_SERVICE",true,true,true,"FIT:5|BATTLE:0|BOOST:0|MUVO:0|EFIT:0",1791432730,1791432902
"2026-10-08 01:15:17","97",2,0,13,0,"IN_SERVICE",true,true,true,"FIT:2|BATTLE:0|BOOST:0|MUVO:0|EFIT:0",1791432757,1791432902
"2026-10-08 01:15:17","98",0,0,12,2,"IN_SERVICE",true,true,true,"FIT:0|BATTLE:0|BOOST:0|MUVO:0|EFIT:0",1791432825,1791432902
"2026-10-08 01:15:17","99",9,0,2,0,"IN_SERVICE",true,true,true,"FIT:2|BATTLE:0|BOOST:0|MUVO:0|EFIT:7",1791432724,1791432902
"2026-10-08 01:15:17","100",7,3,4,0,"IN_SERVICE",true,true,true,"FIT:5|BATTLE:0|BOOST:0|MUVO:0|EFIT:2",1791432768,1791432902
"2026-10-08 01:15:17","101",7,0,12,0,"IN_SERVICE",true,true,true,"FIT:5|BATTLE:0|BOOST:0|MUVO:0|EFIT:2",1791432859,1791432902
"2026-10-08 01:15:17","102",24,0,3,0,"IN_SERVICE",true,true,true,"FIT:14|BATTLE:0|BOOST:0|MUVO:0|EFIT:10",1791432868,1791432902
"2026-10-08 01:15:17","103",9,0,6,0,"IN_SERVICE",true,true,true,"FIT:6|BATTLE:0|BOOST:0|MUVO:0|EFIT:3",1791432828,1791432902
"2026-10-08 01:15:17","104",11,0,0,0,"IN_SERVICE",true,true,true,"FIT:11|BATTLE:0|BOOST:0|MUVO:0|EFIT:0",1791432740,1791432902
"2026-10-08 01:15:17","105",8,0,8,0,"IN_SERVICE",true,true,true,"FIT:7|BATTLE:0|BOOST:0|MUVO:0|EFIT:1",1791432823,1791432902
"2026-10-08 01:15:17","107",17,0,2,0,"IN_SERVICE",true,true,true,"FIT:9|BATTLE:0|BOOST:0|MUVO:0|EFIT:8",1791432833,1791432902
"2026-10-08 01:15:17","109",34,0,1,0,"IN_SERVICE",true,true,true,"FIT:32|BATTLE:0|BOOST:0|MUVO:0|EFIT:2",1791432883,1791432902
"2026-10-08 01:15:17","111",13,0,5,0,"IN_SERVICE",true,true,true,"FIT:13|BATTLE:0|BOOST:0|MUVO:0|EFIT:0",1791430901,1791432902
"2026-10-08 01:15:17","112",7,1,11,0,"IN_SERVICE",true,true,true,"FIT:6|BATTLE:0|BOOST:0|MUVO:0|EFIT:1",1791432863,1791432902
"2026-10-08 01:15:17","113",12,0,3,0,"IN_SERVICE",true,true,true,"FIT:10|BATTLE:0|BOOST:0|MUVO:0|EFIT:2",1791432740,1791432902
"2026-10-08 01:15:17","114",3,0,18,0,"IN_SERVICE",true,true,true,"FIT:0|BATTLE:0|BOOST:0|MUVO:0|EFIT:3",1791432798,1791432902
"2026-10-08 01:15:17","116",16,1,1,0,"IN_SERVICE",true,true,true,"FIT:15|BATTLE:0|BOOST:0|MUVO:0|EFIT:1",1791432886,1791432902
"2026-10-08 01:15:17","117",22,0,5,0,"IN_SERVICE",true,true,true,"FIT:20|BATTLE:0|BOOST:0|MUVO:0|EFIT:2",1791432756,1791432902
"2026-10-08 01:15:17","118",8,1,6,0,"IN_SERVICE",true,true,true,"FIT:6|BATTLE:0|BOOST:0|MUVO:0|EFIT:2",1791432788,1791432902
"2026-10-08 01:15:17","119",8,0,3,0,"IN_SERVICE",true,true,true,"FIT:7|BATTLE:0|BOOST:0|MUVO:0|EFIT:1",1791432799,1791432902
"2026-10-08 01:15:17","120",13,0,10,0,"IN_SERVICE",true,true,true,"FIT:13|BATTLE:0|BOOST:0|MUVO:0|EFIT:0",1791432876,1791432902
"2026-10-08 01:15:17","121",6,0,17,0,"IN_SERVICE",true,true,true,"FIT:6|BATTLE:0|BOOST:0|MUVO:0|EFIT:0",1791432781,1791432902
"2026-10-08 01:15:17","122",11,0,12,0,"IN_SERVICE",true,true,true,"FIT:11|BATTLE:0|BOOST:0|MUVO:0|EFIT:0",1791432800,1791432902
"2026-10-08 01:15:17","123",5,0,9,0,"IN_SERVICE",true,true,true,"FIT:5|BATTLE:0|BOOST:0|MUVO:0|EFIT:0",1791432843,1791432902
"2026-10-08 01:15:17","124",4,0,11,0,"IN_SERVICE",true,true,true,"FIT:2|BATTLE:0|BOOST:0|MUVO:0|EFIT:2",1791432771,1791432902
"2026-10-08 01:15:17","125",0,0,19,0,"IN_SERVICE",true,true,true,"FIT:0|BATTLE:0|BOOST:0|MUVO:0|EFIT:0",1791432822,1791432902
"2026-10-08 01:15:17","126",5,0,10,0,"IN_SERVICE",true,true,true,"FIT:2|BATTLE:0|BOOST:0|MUVO:0|EFIT:3",1791432742,1791432902
"2026-10-08 01:15:17","127",15,0,0,0,"IN_SERVICE",true,true,true,"FIT:13|BATTLE:0|BOOST:0|MUVO:0|EFIT:2",1791432760,1791432902
"2026-10-08 01:15:17","128",12,0,7,0,"IN_SERVICE",true,true,true,"FIT:8|BATTLE:0|BOOST:0|MUVO:0|EFIT:4",1791432757,1791432902
"2026-10-08 01:15:17","129",0,0,11,0,"IN_SERVICE",true,true,true,"FIT:0|BATTLE:0|BOOST:0|MUVO:0|EFIT:0",1791432727,1791432902
"2026-10-08 01:15:17","131",12,0,11,0,"IN_SERVICE",true,true,true,"FIT:12|BATTLE:0|BOOST:0|MUVO:0|EFIT:0",1791432752,1791432902
"2026-10-08 01:15:17","132",7,0,12,0,"IN_SERVICE",true,true,true,"FIT:7|BATTLE:0|BOOST:0|MUVO:0|EFIT:0",1791432845,1791432902
"2026-10-08 01:15:17","133",0,0,15,0,"IN_SERVICE",true,true,true,"FIT:0|BATTLE:0|BOOST:0|MUVO:0|EFIT:0",1791432825,1791432902
"2026-10-08 01:15:17","134",1,0,22,0,"IN_SERVICE",true,true,true,"FIT:1|BATTLE:0|BOOST:0|MUVO:0|EFIT:0",1791432832,1791432902
"2026-10-08 01:15:17","136",6,0,8,1,"IN_SERVICE",true,true,true,"FIT:2|BATTLE:0|BOOST:0|MUVO:0|EFIT:4",1791432825,1791432902
"2026-10-08 01:15:17","137",11,0,8,0,"IN_SERVICE",true,true,true,"FIT:9|BATTLE:0|BOOST:0|MUVO:0|EFIT:2",1791432778,1791432902
"2026-10-08 01:15:17","138",10,0,4,1,"IN_SERVICE",true,true,true,"FIT:8|BATTLE:0|BOOST:0|MUVO:0|EFIT:2",1791432848,1791432902
"2026-10-08 01:15:17","139",13,0,10,0,"IN_SERVICE",true,true,true,"FIT:13|BATTLE:0|BOOST:0|MUVO:0|EFIT:0",1791432752,1791432902
"2026-10-08 01:15:17","140",18,0,10,1,"IN_SERVICE",true,true,true,"FIT:11|BATTLE:0|BOOST:0|MUVO:0|EFIT:7",1791432836,1791432902
"2026-10-08 01:15:17","141",6,0,9,0,"IN_SERVICE",true,true,true,"FIT:6|BATTLE:0|BOOST:0|MUVO:0|EFIT:0",1791432880,1791432902
"2026-10-08 01:15:17","142",18,0,1,0,"IN_SERVICE",true,true,true,"FIT:17|BATTLE:0|BOOST:0|MUVO:0|EFIT:1",1791432766,1791432902
"2026-10-08 01:15:17","143",2,0,12,1,"IN_SERVICE",true,true,true,"FIT:1|BATTLE:0|BOOST:0|MUVO:0|EFIT:1",1791432837,1791432902
"2026-10-08 01:15:17","145",16,0,3,0,"IN_SERVICE",true,true,true,"FIT:11|BATTLE:0|BOOST:0|MUVO:0|EFIT:5",1791432873,1791432902
"2026-10-08 01:15:17","146",1,1,13,0,"IN_SERVICE",true,true,true,"FIT:0|BATTLE:0|BOOST:0|MUVO:0|EFIT:1",1791432797,1791432902
"2026-10-08 01:15:17","148",6,0,9,0,"IN_SERVICE",true,true,true,"FIT:5|BATTLE:0|BOOST:0|MUVO:0|EFIT:1",1791432882,1791432902
"2026-10-08 01:15:17","149",0,0,15,0,"IN_SERVICE",true,true,true,"FIT:0|BATTLE:0|BOOST:0|MUVO:0|EFIT:0",1791432877,1791432902
"2026-10-08 01:15:17","150",12,1,3,0,"IN_SERVICE",true,true,true,"FIT:11|BATTLE:0|BOOST:0|MUVO:0|EFIT:1",1791432843,1791432902
"2026-10-08 01:15:17","152",6,0,5,0,"IN_SERVICE",true,true,true,"FIT:2|BATTLE:0|BOOST:0|MUVO:0|EFIT:4",1791432721,1791432902
"2026-10-08 01:15:17","153",1,0,18,0,"IN_SERVICE",true,true,true,"FIT:1|BATTLE:0|BOOST:0|MUVO:0|EFIT:0",1791432868,1791432902
"2026-10-08 01:15:17","154",9,1,7,0,"IN_SERVICE",true,true,true,"FIT:8|BATTLE:0|BOOST:0|MUVO:0|EFIT:1",1791432719,1791432902
"2026-10-08 01:15:17","155",14,2,3,0,"IN_SERVICE",true,true,true,"FIT:14|BATTLE:0|BOOST:0|MUVO:0|EFIT:0",1791432772,1791432902
"2026-10-08 01:15:17","157",4,0,15,0,"IN_SERVICE",true,true,true,"FIT:4|BATTLE:0|BOOST:0|MUVO:0|EFIT:0",1791432876,1791432902
"2026-10-08 01:15:17","158",12,1,6,0,"IN_SERVICE",true,true,true,"FIT:12|BATTLE:0|BOOST:0|MUVO:0|EFIT:0",1791432808,1791432902
"2026-10-08 01:15:17","159",2,1,12,0,"IN_SERVICE",true,true,true,"FIT:2|BATTLE:0|BOOST:0|MUVO:0|EFIT:0",1791432838,1791432902
"2026-10-08 01:15:17","160",4,0,9,0,"IN_SERVICE",true,true,true,"FIT:4|BATTLE:0|BOOST:0|MUVO:0|EFIT:0",1791432853,1791432902
"2026-10-08 01:15:17","161",1,0,10,0,"IN_SERVICE",true,true,true,"FIT:1|BATTLE:0|BOOST:0|MUVO:0|EFIT:0",1791432881,1791432902
"2026-10-08 01:15:17","162",1,1,15,0,"IN_SERVICE",true,true,true,"FIT:1|BATTLE:0|BOOST:0|MUVO:0|EFIT:0",1791432833,1791432902
"2026-10-08 01:15:17","163",10,0,7,0,"IN_SERVICE",true,true,true,"FIT:9|BATTLE:0|BOOST:0|MUVO:0|EFIT:1",1791432765,1791432902
"2026-10-08 01:15:17","164",2,0,15,0,"IN_SERVICE",true,true,true,"FIT:2|BATTLE:0|BOOST:0|MUVO:0|EFIT:0",1791432757,1791432902
"2026-10-08 01:15:17","165",0,0,15,0,"IN_SERVICE",true,true,true,"FIT:0|BATTLE:0|BOOST:0|MUVO:0|EFIT:0",1791432730,1791432902
"2026-10-08 01:15:17","166",1,1,9,0,"IN_SERVICE",true,true,true,"FIT:1|BATTLE:0|BOOST:0|MUVO:0|EFIT:0",1791432780,1791432902
"2026-10-08 01:15:17","167",0,1,29,1,"IN_SERVICE",true,true,true,"FIT:0|BATTLE:0|BOOST:0|MUVO:0|EFIT:0",1791432774,1791432902
"2026-10-08 01:15:17","168",0,0,19,0,"IN_SERVICE",true,true,true,"FIT:0|BATTLE:0|BOOST:0|MUVO:0|EFIT:0",1791432830,1791432902
"2026-10-08 01:15:17","169",8,1,6,0,"IN_SERVICE",true,true,true,"FIT:7|BATTLE:0|BOOST:0|MUVO:0|EFIT:1",1791432899,1791432902
"2026-10-08 01:15:17","170",3,1,10,0,"IN_SERVICE",true,true,true,"FIT:3|BATTLE:0|BOOST:0|MUVO:0|EFIT:0",1791432841,1791432902
"2026-10-08 01:15:17","171",0,0,10,1,"IN_SERVICE",true,true,true,"FIT:0|BATTLE:0|BOOST:0|MUVO:0|EFIT:0",1791432862,1791432902
"2026-10-08 01:15:17","172",8,2,1,0,"IN_SERVICE",true,true,true,"FIT:8|BATTLE:0|BOOST:0|MUVO:0|EFIT:0",1791432754,1791432902
"2026-10-08 01:15:17","173",9,0,5,1,"IN_SERVICE",true,true,true,"FIT:9|BATTLE:0|BOOST:0|MUVO:0|EFIT:0",1791432736,1791432902
"2026-10-08 01:15:17","174",11,0,4,0,"IN_SERVICE",true,true,true,"FIT:11|BATTLE:0|BOOST:0|MUVO:0|EFIT:0",1791432777,1791432902
"2026-10-08 01:15:17","175",21,0,1,0,"IN_SERVICE",true,true,true,"FIT:21|BATTLE:0|BOOST:0|MUVO:0|EFIT:0",1791432816,1791432902
"2026-10-08 01:15:17","176",13,0,2,0,"IN_SERVICE",true,true,true,"FIT:13|BATTLE:0|BOOST:0|MUVO:0|EFIT:0",1791432765,1791432902
"2026-10-08 01:15:17","177",7,0,8,0,"IN_SERVICE",true,true,true,"FIT:7|BATTLE:0|BOOST:0|MUVO:0|EFIT:0",1791432852,1791432902
"2026-10-08 01:15:17","178",15,0,3,1,"IN_SERVICE",true,true,true,"FIT:15|BATTLE:0|BOOST:0|MUVO:0|EFIT:0",1791432777,1791432902
"2026-10-08 01:15:17","179",5,0,14,0,"IN_SERVICE",true,true,true,"FIT:5|BATTLE:0|BOOST:0|MUVO:0|EFIT:0",1791432781,1791432902
"2026-10-08 01:15:17","180",9,0,6,0,"IN_SERVICE",true,true,true,"FIT:9|BATTLE:0|BOOST:0|MUVO:0|EFIT:0",1791432826,1791432902
"2026-10-08 01:15:17","181",4,0,11,0,"IN_SERVICE",true,true,true,"FIT:4|BATTLE:0|BOOST:0|MUVO:0|EFIT:0",1791432811,1791432902
"2026-10-08 01:15:17","182",14,0,5,0,"IN_SERVICE",true,true,true,"FIT:14|BATTLE:0|BOOST:0|MUVO:0|EFIT:0",1791432753,1791432902
"2026-10-08 01:15:17","183",1,0,18,0,"IN_SERVICE",true,true,true,"FIT:1|BATTLE:0|BOOST:0|MUVO:0|EFIT:0",1791432804,1791432902
"2026-10-08 01:15:17","184",5,0,14,0,"IN_SERVICE",true,true,true,"FIT:4|BATTLE:0|BOOST:0|MUVO:0|EFIT:1",1791432849,1791432902
"2026-10-08 01:15:17","185",7,1,10,0,"IN_SERVICE",true,true,true,"FIT:7|BATTLE:0|BOOST:0|MUVO:0|EFIT:0",1791432834,1791432902
"2026-10-08 01:15:17","186",7,0,4,0,"IN_SERVICE",true,true,true,"FIT:7|BATTLE:0|BOOST:0|MUVO:0|EFIT:0",1791432720,1791432902
"2026-10-08 01:15:17","187",1,0,16,0,"IN_SERVICE",true,true,true,"FIT:1|BATTLE:0|BOOST:0|MUVO:0|EFIT:0",1791432724,1791432902
"2026-10-08 01:15:17","188",1,0,16,0,"IN_SERVICE",true,true,true,"FIT:1|BATTLE:0|BOOST:0|MUVO:0|EFIT:0",1791432773,1791432902
"2026-10-08 01:15:17","189",10,0,5,0,"IN_SERVICE",true,true,true,"FIT:10|BATTLE:0|BOOST:0|MUVO:0|EFIT:0",1791432749,1791432902
"2026-10-08 01:15:17","190",2,0,28,1,"IN_SERVICE",true,true,true,"FIT:2|BATTLE:0|BOOST:0|MUVO:0|EFIT:0",1791432825,1791432902
"2026-10-08 01:15:17","192",3,0,7,0,"IN_SERVICE",true,true,true,"FIT:3|BATTLE:0|BOOST:0|MUVO:0|EFIT:0",1791432870,1791432902
"2026-10-08 01:15:17","193",0,0,0,0,"IN_SERVICE",true,true,true,"FIT:0|BATTLE:0|BOOST:0|MUVO:0|EFIT:0",1791432878,1791432902
"2026-10-08 01:15:17","194",6,0,11,0,"IN_SERVICE",true,true,true,"FIT:6|BATTLE:0|BOOST:0|MUVO:0|EFIT:0",1791432893,1791432902
"2026-10-08 01:15:17","195",15,0,0,0,"IN_SERVICE",true,true,true,"FIT:15|BATTLE:0|BOOST:0|MUVO:0|EFIT:0",1791432729,1791432902
"2026-10-08 01:15:17","196",7,1,7,0,"IN_SERVICE",true,true,true,"FIT:7|BATTLE:0|BOOST:0|MUVO:0|EFIT:0",1791432844,1791432902
"2026-10-08 01:15:17","197",5,1,8,1,"IN_SERVICE",true,true,true,"FIT:5|BATTLE:0|BOOST:0|MUVO:0|EFIT:0",1791432872,1791432902
"2026-10-08 01:15:17","198",11,0,4,0,"IN_SERVICE",true,true,true,"FIT:10|BATTLE:0|BOOST:0|MUVO:0|EFIT:1",1791432901,1791432902
"2026-10-08 01:15:17","199",11,0,16,0,"IN_SERVICE",true,true,true,"FIT:10|BATTLE:0|BOOST:0|MUVO:0|EFIT:1",1791432820,1791432902
"2026-10-08 01:15:17","200",9,0,6,0,"IN_SERVICE",true,true,true,"FIT:9|BATTLE:0|BOOST:0|MUVO:0|EFIT:0",1791432793,1791432902
"2026-10-08 01:15:17","201",8,1,6,0,"IN_SERVICE",true,true,true,"FIT:8|BATTLE:0|BOOST:0|MUVO:0|EFIT:0",1791432843,1791432902
"2026-10-08 01:15:17","202",2,1,16,0,"IN_SERVICE",true,true,true,"FIT:2|BATTLE:0|BOOST:0|MUVO:0|EFIT:0",1791432731,1791432902
"2026-10-08 01:15:17","203",1,1,17,0,"IN_SERVICE",true,true,true,"FIT:1|BATTLE:0|BOOST:0|MUVO:0|EFIT:0",1791432779,1791432902
"2026-10-08 01:15:17","204",0,0,17,0,"IN_SERVICE",true,true,true,"FIT:0|BATTLE:0|BOOST:0|MUVO:0|EFIT:0",1791432841,1791432902
"2026-10-08 01:15:17","205",0,0,17,0,"IN_SERVICE",true,true,true,"FIT:0|BATTLE:0|BOOST:0|MUVO:0|EFIT:0",1791432841,1791432902
"2026-10-08 01:15:17","206",2,0,13,0,"IN_SERVICE",true,true,true,"FIT:2|BATTLE:0|BOOST:0|MUVO:0|EFIT:0",1791432729,1791432902
"2026-10-08 01:15:17","207",0,0,23,0,"IN_SERVICE",true,true,true,"FIT:0|BATTLE:0|BOOST:0|MUVO:0|EFIT:0",1791432754,1791432902
"2026-10-08 01:15:17","208",1,1,16,0,"IN_SERVICE",true,true,true,"FIT:1|BATTLE:0|BOOST:0|MUVO:0|EFIT:0",1791432799,1791432902
"2026-10-08 01:15:17","209",0,0,19,0,"IN_SERVICE",true,true,true,"FIT:0|BATTLE:0|BOOST:0|MUVO:0|EFIT:0",1791432862,1791432902
"2026-10-08 01:15:17","210",9,0,20,0,"IN_SERVICE",true,true,true,"FIT:9|BATTLE:0|BOOST:0|MUVO:0|EFIT:0",1791432817,1791432902
"2026-10-08 01:15:17","212",0,0,14,1,"IN_SERVICE",true,true,true,"FIT:0|BATTLE:0|BOOST:0|MUVO:0|EFIT:0",1791432721,1791432902
"2026-10-08 01:15:17","213",0,0,19,0,"IN_SERVICE",true,true,true,"FIT:0|BATTLE:0|BOOST:0|MUVO:0|EFIT:0",1791432788,1791432902
"2026-10-08 01:15:17","214",3,0,18,0,"IN_SERVICE",true,true,true,"FIT:3|BATTLE:0|BOOST:0|MUVO:0|EFIT:0",1791432894,1791432902
"2026-10-08 01:15:17","215",0,0,22,1,"IN_SERVICE",true,true,true,"FIT:0|BATTLE:0|BOOST:0|MUVO:0|EFIT:0",1791432791,1791432902
"2026-10-08 01:15:17","217",7,0,8,0,"IN_SERVICE",true,true,true,"FIT:7|BATTLE:0|BOOST:0|MUVO:0|EFIT:0",1791432815,1791432902
"2026-10-08 01:15:17","220",2,0,17,0,"IN_SERVICE",true,true,true,"FIT:1|BATTLE:0|BOOST:0|MUVO:0|EFIT:1",1791432763,1791432902
"2026-10-08 01:15:17","221",15,0,0,0,"IN_SERVICE",true,true,true,"FIT:15|BATTLE:0|BOOST:0|MUVO:0|EFIT:0",1791432818,1791432902
"2026-10-08 01:15:17","222",12,0,3,0,"IN_SERVICE",true,true,true,"FIT:11|BATTLE:0|BOOST:0|MUVO:0|EFIT:1",1791432852,1791432902
"2026-10-08 01:15:17","223",14,0,3,0,"IN_SERVICE",true,true,true,"FIT:14|BATTLE:0|BOOST:0|MUVO:0|EFIT:0",1791432896,1791432902
"2026-10-08 01:15:17","224",0,0,15,0,"IN_SERVICE",true,true,true,"FIT:0|BATTLE:0|BOOST:0|MUVO:0|EFIT:0",1791432808,1791432902
"2026-10-08 01:15:17","225",3,0,8,0,"IN_SERVICE",true,true,true,"FIT:3|BATTLE:0|BOOST:0|MUVO:0|EFIT:0",1791432872,1791432902
"2026-10-08 01:15:17","226",21,0,2,0,"IN_SERVICE",true,true,true,"FIT:21|BATTLE:0|BOOST:0|MUVO:0|EFIT:0",1791432835,1791432902
"2026-10-08 01:15:17","228",4,0,13,2,"IN_SERVICE",true,true,true,"FIT:4|BATTLE:0|BOOST:0|MUVO:0|EFIT:0",1791432808,1791432902
"2026-10-08 01:15:17","229",9,1,6,1,"IN_SERVICE",true,true,true,"FIT:7|BATTLE:0|BOOST:0|MUVO:0|EFIT:2",1791432773,1791432902
"2026-10-08 01:15:17","230",18,0,1,0,"IN_SERVICE",true,true,true,"FIT:18|BATTLE:0|BOOST:0|MUVO:0|EFIT:0",1791432728,1791432902
"2026-10-08 01:15:17","231",8,0,7,0,"IN_SERVICE",true,true,true,"FIT:8|BATTLE:0|BOOST:0|MUVO:0|EFIT:0",1791432724,1791432902
"2026-10-08 01:15:17","232",16,4,9,0,"IN_SERVICE",true,true,true,"FIT:16|BATTLE:0|BOOST:0|MUVO:0|EFIT:0",1791432818,1791432902
"2026-10-08 01:15:17","233",13,1,17,0,"IN_SERVICE",true,true,true,"FIT:13|BATTLE:0|BOOST:0|MUVO:0|EFIT:0",1791432820,1791432902
"2026-10-08 01:15:17","234",4,1,10,0,"IN_SERVICE",true,true,true,"FIT:3|BATTLE:0|BOOST:0|MUVO:0|EFIT:1",1791432889,1791432902
"2026-10-08 01:15:17","235",1,0,13,1,"IN_SERVICE",true,true,true,"FIT:1|BATTLE:0|BOOST:0|MUVO:0|EFIT:0",1791432765,1791432902
"2026-10-08 01:15:17","236",4,1,10,0,"IN_SERVICE",true,true,true,"FIT:4|BATTLE:0|BOOST:0|MUVO:0|EFIT:0",1791432859,1791432902
"2026-10-08 01:15:17","237",1,0,13,0,"IN_SERVICE",true,true,true,"FIT:1|BATTLE:0|BOOST:0|MUVO:0|EFIT:0",1791432818,1791432902
"2026-10-08 01:15:17","238",2,0,12,0,"IN_SERVICE",true,true,true,"FIT:2|BATTLE:0|BOOST:0|MUVO:0|EFIT:0",1791432729,1791432902
"2026-10-08 01:15:17","239",1,0,14,0,"IN_SERVICE",true,true,true,"FIT:1|BATTLE:0|BOOST:0|MUVO:0|EFIT:0",1791432737,1791432902
"2026-10-08 01:15:17","240",3,0,11,0,"IN_SERVICE",true,true,true,"FIT:3|BATTLE:0|BOOST:0|MUVO:0|EFIT:0",1791432735,1791432902
"2026-10-08 01:15:17","241",3,0,12,0,"IN_SERVICE",true,true,true,"FIT:3|BATTLE:0|BOOST:0|MUVO:0|EFIT:0",1791432755,1791432902
"2026-10-08 01:15:17","242",4,1,8,0,"IN_SERVICE",true,true,true,"FIT:4|BATTLE:0|BOOST:0|MUVO:0|EFIT:0",1791432898,1791432902
"2026-10-08 01:15:17","244",1,0,10,0,"IN_SERVICE",true,true,true,"FIT:1|BATTLE:0|BOOST:0|MUVO:0|EFIT:0",1791432814,1791432902
"2026-10-08 01:15:17","246",10,1,4,0,"IN_SERVICE",true,true,true,"FIT:10|BATTLE:0|BOOST:0|MUVO:0|EFIT:0",1791432777,1791432902
"2026-10-08 01:15:17","247",8,0,10,0,"IN_SERVICE",true,true,true,"FIT:8|BATTLE:0|BOOST:0|MUVO:0|EFIT:0",1791432897,1791432902
"2026-10-08 01:15:17","248",5,0,10,0,"IN_SERVICE",true,true,true,"FIT:5|BATTLE:0|BOOST:0|MUVO:0|EFIT:0",1791432770,1791432902
"2026-10-08 01:15:17","250",2,0,9,0,"IN_SERVICE",true,true,true,"FIT:2|BATTLE:0|BOOST:0|MUVO:0|EFIT:0",1791432771,1791432902
"2026-10-08 01:15:17","252",1,1,17,0,"IN_SERVICE",true,true,true,"FIT:1|BATTLE:0|BOOST:0|MUVO:0|EFIT:0",1791432798,1791432902
"2026-10-08 01:15:17","253",7,0,4,0,"IN_SERVICE",true,true,true,"FIT:7|BATTLE:0|BOOST:0|MUVO:0|EFIT:0",1791432746,1791432902
"2026-10-08 01:15:17","254",0,1,10,0,"IN_SERVICE",true,true,true,"FIT:0|BATTLE:0|BOOST:0|MUVO:0|EFIT:0",1791432826,1791432902
"2026-10-08 01:15:17","255",0,0,11,0,"IN_SERVICE",true,true,true,"FIT:0|BATTLE:0|BOOST:0|MUVO:0|EFIT:0",1791432736,1791432902
"2026-10-08 01:15:17","256",12,0,3,0,"IN_SERVICE",true,true,true,"FIT:11|BATTLE:0|BOOST:0|MUVO:0|EFIT:1",1791432882,1791432902
"2026-10-08 01:15:17","257",10,1,13,0,"IN_SERVICE",true,true,true,"FIT:10|BATTLE:0|BOOST:0|MUVO:0|EFIT:0",1791432782,1791432902
"2026-10-08 01:15:17","259",9,2,6,0,"IN_SERVICE",true,true,true,"FIT:9|BATTLE:0|BOOST:0|MUVO:0|EFIT:0",1791432866,1791432902
"2026-10-08 01:15:17","260",2,0,25,0,"IN_SERVICE",true,true,true,"FIT:2|BATTLE:0|BOOST:0|MUVO:0|EFIT:0",1791432758,1791432902
"2026-10-08 01:15:17","261",4,0,11,0,"IN_SERVICE",true,true,true,"FIT:4|BATTLE:0|BOOST:0|MUVO:0|EFIT:0",1791432729,1791432902
"2026-10-08 01:15:17","262",11,0,3,1,"IN_SERVICE",true,true,true,"FIT:11|BATTLE:0|BOOST:0|MUVO:0|EFIT:0",1791432792,1791432902
"2026-10-08 01:15:17","263",1,1,9,0,"IN_SERVICE",true,true,true,"FIT:1|BATTLE:0|BOOST:0|MUVO:0|EFIT:0",1791432730,1791432902
"2026-10-08 01:15:17","271",4,0,7,0,"IN_SERVICE",true,true,true,"FIT:4|BATTLE:0|BOOST:0|MUVO:0|EFIT:0",1791432759,1791432902
"2026-10-08 01:15:17","273",1,0,15,1,"IN_SERVICE",true,true,true,"FIT:1|BATTLE:0|BOOST:0|MUVO:0|EFIT:0",1791432724,1791432902
"2026-10-08 01:15:17","285",2,0,7,2,"IN_SERVICE",true,true,true,"FIT:2|BATTLE:0|BOOST:0|MUVO:0|EFIT:0",1791432771,1791432902
"2026-10-08 01:15:17","287",3,0,8,0,"IN_SERVICE",true,true,true,"FIT:3|BATTLE:0|BOOST:0|MUVO:0|EFIT:0",1791432781,1791432902
"2026-10-08 01:15:17","290",4,0,7,0,"IN_SERVICE",true,true,true,"FIT:4|BATTLE:0|BOOST:0|MUVO:0|EFIT:0",1791432782,1791432902
"2026-10-08 01:15:17","293",4,0,15,0,"IN_SERVICE",true,true,true,"FIT:4|BATTLE:0|BOOST:0|MUVO:0|EFIT:0",1791432781,1791432902
"2026-10-08 01:15:17","295",6,0,13,0,"IN_SERVICE",true,true,true,"FIT:6|BATTLE:0|BOOST:0|MUVO:0|EFIT:0",1791432811,1791432902
"2026-10-08 01:15:17","299",4,0,7,0,"IN_SERVICE",true,true,true,"FIT:4|BATTLE:0|BOOST:0|MUVO:0|EFIT:0",1791432881,1791432902
"2026-10-08 01:15:17","304",6,0,5,0,"IN_SERVICE",true,true,true,"FIT:6|BATTLE:0|BOOST:0|MUVO:0|EFIT:0",1791432822,1791432902
"2026-10-08 01:15:17","313",6,0,5,0,"IN_SERVICE",true,true,true,"FIT:1|BATTLE:0|BOOST:0|MUVO:0|EFIT:5",1791432861,1791432902
"2026-10-08 01:15:17","314",17,0,0,0,"IN_SERVICE",true,true,true,"FIT:17|BATTLE:0|BOOST:0|MUVO:0|EFIT:0",1791432843,1791432902
"2026-10-08 01:15:17","329",9,0,8,0,"IN_SERVICE",true,true,true,"FIT:9|BATTLE:0|BOOST:0|MUVO:0|EFIT:0",1791432836,1791432902
"2026-10-08 01:15:17","330",1,1,10,0,"IN_SERVICE",true,true,true,"FIT:1|BATTLE:0|BOOST:0|MUVO:0|EFIT:0",1791432853,1791432902
"2026-10-08 01:15:17","336",10,0,7,0,"IN_SERVICE",true,true,true,"FIT:10|BATTLE:0|BOOST:0|MUVO:0|EFIT:0",1791432814,1791432902
"2026-10-08 01:15:17","337",14,0,5,0,"IN_SERVICE",true,true,true,"FIT:14|BATTLE:0|BOOST:0|MUVO:0|EFIT:0",1791432762,1791432902
"2026-10-08 01:15:17","338",17,0,6,0,"IN_SERVICE",true,true,true,"FIT:16|BATTLE:0|BOOST:0|MUVO:0|EFIT:1",1791432792,1791432902
"2026-10-08 01:15:17","339",9,2,5,1,"IN_SERVICE",true,true,true,"FIT:9|BATTLE:0|BOOST:0|MUVO:0|EFIT:0",1791432793,1791432902
"2026-10-08 01:15:17","340",14,0,1,0,"IN_SERVICE",true,true,true,"FIT:14|BATTLE:0|BOOST:0|MUVO:0|EFIT:0",1791432751,1791432902
"2026-10-08 01:15:17","342",2,0,9,0,"IN_SERVICE",true,true,true,"FIT:2|BATTLE:0|BOOST:0|MUVO:0|EFIT:0",1791432771,1791432902
"2026-10-08 01:15:17","343",8,0,7,0,"IN_SERVICE",true,true,true,"FIT:8|BATTLE:0|BOOST:0|MUVO:0|EFIT:0",1791432868,1791432902
"2026-10-08 01:15:17","344",1,0,14,0,"IN_SERVICE",true,true,true,"FIT:1|BATTLE:0|BOOST:0|MUVO:0|EFIT:0",1791432822,1791432902
"2026-10-08 01:15:17","345",3,0,24,0,"IN_SERVICE",true,true,true,"FIT:3|BATTLE:0|BOOST:0|MUVO:0|EFIT:0",1791432865,1791432902
"2026-10-08 01:15:17","346",27,0,2,2,"IN_SERVICE",true,true,true,"FIT:26|BATTLE:0|BOOST:0|MUVO:0|EFIT:1",1791432722,1791432902
"2026-10-08 01:15:17","347",7,0,20,0,"IN_SERVICE",true,true,true,"FIT:7|BATTLE:0|BOOST:0|MUVO:0|EFIT:0",1791432867,1791432902
"2026-10-08 01:15:17","349",7,0,8,0,"IN_SERVICE",true,true,true,"FIT:1|BATTLE:0|BOOST:0|MUVO:0|EFIT:6",1791432790,1791432902
"2026-10-08 01:15:17","350",22,0,1,0,"IN_SERVICE",true,true,true,"FIT:22|BATTLE:0|BOOST:0|MUVO:0|EFIT:0",1791432898,1791432902
"2026-10-08 01:15:17","351",3,0,16,0,"IN_SERVICE",true,true,true,"FIT:3|BATTLE:0|BOOST:0|MUVO:0|EFIT:0",1791432825,1791432902
"2026-10-08 01:15:17","352",11,0,0,0,"IN_SERVICE",true,true,true,"FIT:11|BATTLE:0|BOOST:0|MUVO:0|EFIT:0",1791432863,1791432902
"2026-10-08 01:15:17","353",11,0,4,0,"IN_SERVICE",true,true,true,"FIT:11|BATTLE:0|BOOST:0|MUVO:0|EFIT:0",1791432791,1791432902
"2026-10-08 01:15:17","354",8,2,0,1,"IN_SERVICE",true,true,true,"FIT:8|BATTLE:0|BOOST:0|MUVO:0|EFIT:0",1791432738,1791432902
"2026-10-08 01:15:17","355",5,0,6,0,"IN_SERVICE",true,true,true,"FIT:5|BATTLE:0|BOOST:0|MUVO:0|EFIT:0",1791432787,1791432902
"2026-10-08 01:15:17","356",13,1,1,0,"IN_SERVICE",true,true,true,"FIT:13|BATTLE:0|BOOST:0|MUVO:0|EFIT:0",1791432861,1791432902
"2026-10-08 01:15:17","357",8,0,9,0,"IN_SERVICE",true,true,true,"FIT:7|BATTLE:0|BOOST:0|MUVO:0|EFIT:1",1791432811,1791432902
"2026-10-08 01:15:17","358",1,0,14,0,"IN_SERVICE",true,true,true,"FIT:1|BATTLE:0|BOOST:0|MUVO:0|EFIT:0",1791432876,1791432902
"2026-10-08 01:15:17","360",7,1,2,1,"IN_SERVICE",true,true,true,"FIT:7|BATTLE:0|BOOST:0|MUVO:0|EFIT:0",1791432862,1791432902
"2026-10-08 01:15:17","361",12,0,3,2,"IN_SERVICE",true,true,true,"FIT:12|BATTLE:0|BOOST:0|MUVO:0|EFIT:0",1791432874,1791432902
"2026-10-08 01:15:17","362",13,0,10,0,"IN_SERVICE",true,true,true,"FIT:12|BATTLE:0|BOOST:0|MUVO:0|EFIT:1",1791432780,1791432902
"2026-10-08 01:15:17","363",10,0,1,0,"IN_SERVICE",true,true,true,"FIT:10|BATTLE:0|BOOST:0|MUVO:0|EFIT:0",1791432800,1791432902
"2026-10-08 01:15:17","364",16,0,7,0,"IN_SERVICE",true,true,true,"FIT:16|BATTLE:0|BOOST:0|MUVO:0|EFIT:0",1791432806,1791432902
"2026-10-08 01:15:17","365",10,0,1,0,"IN_SERVICE",true,true,true,"FIT:10|BATTLE:0|BOOST:0|MUVO:0|EFIT:0",1791432741,1791432902
"2026-10-08 01:15:17","366",11,1,15,0,"IN_SERVICE",true,true,true,"FIT:11|BATTLE:0|BOOST:0|MUVO:0|EFIT:0",1791432870,1791432902
"2026-10-08 01:15:17","367",2,1,28,0,"IN_SERVICE",true,true,true,"FIT:2|BATTLE:0|BOOST:0|MUVO:0|EFIT:0",1791432865,1791432902
"2026-10-08 01:15:17","370",10,0,7,0,"IN_SERVICE",true,true,true,"FIT:9|BATTLE:0|BOOST:0|MUVO:0|EFIT:1",1791432796,1791432902
"2026-10-08 01:15:17","371",15,0,0,0,"IN_SERVICE",true,true,true,"FIT:15|BATTLE:0|BOOST:0|MUVO:0|EFIT:0",1791432768,1791432902
"2026-10-08 01:15:17","372",7,0,8,0,"IN_SERVICE",true,true,true,"FIT:6|BATTLE:0|BOOST:0|MUVO:0|EFIT:1",1791432826,1791432902
"2026-10-08 01:15:17","373",3,0,11,0,"IN_SERVICE",true,true,true,"FIT:2|BATTLE:0|BOOST:0|MUVO:0|EFIT:1",1791432776,1791432902
"2026-10-08 01:15:17","374",15,0,4,0,"IN_SERVICE",true,true,true,"FIT:15|BATTLE:0|BOOST:0|MUVO:0|EFIT:0",1791432853,1791432902
"2026-10-08 01:15:17","375",2,0,12,1,"IN_SERVICE",true,true,true,"FIT:2|BATTLE:0|BOOST:0|MUVO:0|EFIT:0",1791432867,1791432902
"2026-10-08 01:15:17","376",10,0,1,0,"IN_SERVICE",true,true,true,"FIT:10|BATTLE:0|BOOST:0|MUVO:0|EFIT:0",1791432766,1791432902
"2026-10-08 01:15:17","377",12,0,7,0,"IN_SERVICE",true,true,true,"FIT:12|BATTLE:0|BOOST:0|MUVO:0|EFIT:0",1791432734,1791432902
"2026-10-08 01:15:17","378",15,0,0,0,"IN_SERVICE",true,true,true,"FIT:15|BATTLE:0|BOOST:0|MUVO:0|EFIT:0",1791432882,1791432902
"2026-10-08 01:15:17","379",9,0,8,0,"IN_SERVICE",true,true,true,"FIT:9|BATTLE:0|BOOST:0|MUVO:0|EFIT:0",1791432736,1791432902
"2026-10-08 01:15:17","381",11,0,4,0,"IN_SERVICE",true,true,true,"FIT:11|BATTLE:0|BOOST:0|MUVO:0|EFIT:0",1791432780,1791432902
"2026-10-08 01:15:17","382",10,1,8,0,"IN_SERVICE",true,true,true,"FIT:10|BATTLE:0|BOOST:0|MUVO:0|EFIT:0",1791432825,1791432902
"2026-10-08 01:15:17","383",3,0,8,0,"IN_SERVICE",true,true,true,"FIT:3|BATTLE:0|BOOST:0|MUVO:0|EFIT:0",1791432772,1791432902
"2026-10-08 01:15:17","384",15,0,0,0,"IN_SERVICE",true,true,true,"FIT:15|BATTLE:0|BOOST:0|MUVO:0|EFIT:0",1791432869,1791432902
"2026-10-08 01:15:17","389",0,0,11,0,"IN_SERVICE",true,true,true,"FIT:0|BATTLE:0|BOOST:0|MUVO:0|EFIT:0",1791432843,1791432902
"2026-10-08 01:15:17","391",16,0,1,0,"IN_SERVICE",true,true,true,"FIT:16|BATTLE:0|BOOST:0|MUVO:0|EFIT:0",1791432859,1791432902
"2026-10-08 01:15:17","404",23,0,4,0,"IN_SERVICE",true,true,true,"FIT:20|BATTLE:0|BOOST:0|MUVO:0|EFIT:3",1791432858,1791432902
"2026-10-08 01:15:17","416",0,0,15,0,"IN_SERVICE",true,true,true,"FIT:0|BATTLE:0|BOOST:0|MUVO:0|EFIT:0",1791432886,1791432902
"2026-10-08 01:15:17","417",13,0,1,1,"IN_SERVICE",true,true,true,"FIT:13|BATTLE:0|BOOST:0|MUVO:0|EFIT:0",1791432816,1791432902
"2026-10-08 01:15:17","418",14,0,5,0,"IN_SERVICE",true,true,true,"FIT:5|BATTLE:0|BOOST:0|MUVO:0|EFIT:9",1791432822,1791432902
"2026-10-08 01:15:17","419",3,0,13,3,"IN_SERVICE",true,true,true,"FIT:2|BATTLE:0|BOOST:0|MUVO:0|EFIT:1",1791432841,1791432902
"2026-10-08 01:15:17","421",9,0,13,1,"IN_SERVICE",true,true,true,"FIT:6|BATTLE:0|BOOST:0|MUVO:0|EFIT:3",1791432846,1791432902
"2026-10-08 01:15:17","422",8,1,2,0,"IN_SERVICE",true,true,true,"FIT:8|BATTLE:0|BOOST:0|MUVO:0|EFIT:0",1791432805,1791432902
"2026-10-08 01:15:17","424",17,1,1,0,"IN_SERVICE",true,true,true,"FIT:17|BATTLE:0|BOOST:0|MUVO:0|EFIT:0",1791432790,1791432902
"2026-10-08 01:15:17","425",1,0,26,0,"IN_SERVICE",true,true,true,"FIT:0|BATTLE:0|BOOST:0|MUVO:0|EFIT:1",1791432726,1791432902
"2026-10-08 01:15:17","426",6,0,9,0,"IN_SERVICE",true,true,true,"FIT:3|BATTLE:0|BOOST:0|MUVO:0|EFIT:3",1791432880,1791432902
"2026-10-08 01:15:17","427",8,0,7,0,"IN_SERVICE",true,true,true,"FIT:8|BATTLE:0|BOOST:0|MUVO:0|EFIT:0",1791432743,1791432902
"2026-10-08 01:15:17","429",2,0,13,0,"IN_SERVICE",true,true,true,"FIT:1|BATTLE:0|BOOST:0|MUVO:0|EFIT:1",1791432770,1791432902
"2026-10-08 01:15:17","430",15,0,0,0,"IN_SERVICE",true,true,true,"FIT:2|BATTLE:0|BOOST:0|MUVO:0|EFIT:13",1791432892,1791432902
"2026-10-08 01:15:17","431",7,0,4,0,"IN_SERVICE",true,true,true,"FIT:6|BATTLE:0|BOOST:0|MUVO:0|EFIT:1",1791432855,1791432902
"2026-10-08 01:15:17","432",0,0,11,0,"IN_SERVICE",true,true,true,"FIT:0|BATTLE:0|BOOST:0|MUVO:0|EFIT:0",1791432861,1791432902
"2026-10-08 01:15:17","433",1,0,10,0,"IN_SERVICE",true,true,true,"FIT:0|BATTLE:0|BOOST:0|MUVO:0|EFIT:1",1791432811,1791432902
"2026-10-08 01:15:17","434",6,0,16,1,"IN_SERVICE",true,true,true,"FIT:6|BATTLE:0|BOOST:0|MUVO:0|EFIT:0",1791432850,1791432902
"2026-10-08 01:15:17","435",17,0,2,0,"IN_SERVICE",true,true,true,"FIT:11|BATTLE:0|BOOST:0|MUVO:0|EFIT:6",1791432899,1791432902
"2026-10-08 01:15:17","436",11,0,0,0,"IN_SERVICE",true,true,true,"FIT:8|BATTLE:0|BOOST:0|MUVO:0|EFIT:3",1791432842,1791432902
"2026-10-08 01:15:17","437",11,0,0,0,"IN_SERVICE",true,true,true,"FIT:7|BATTLE:0|BOOST:0|MUVO:0|EFIT:4",1791432889,1791432902
"2026-10-08 01:15:17","438",3,0,7,1,"IN_SERVICE",true,true,true,"FIT:1|BATTLE:0|BOOST:0|MUVO:0|EFIT:2",1791432879,1791432902
"2026-10-08 01:15:17","439",10,0,5,0,"IN_SERVICE",true,true,true,"FIT:10|BATTLE:0|BOOST:0|MUVO:0|EFIT:0",1791432889,1791432902
"2026-10-08 01:15:17","440",1,0,10,0,"IN_SERVICE",true,true,true,"FIT:1|BATTLE:0|BOOST:0|MUVO:0|EFIT:0",1791432722,1791432902
"2026-10-08 01:15:17","442",0,0,11,0,"IN_SERVICE",true,true,true,"FIT:0|BATTLE:0|BOOST:0|MUVO:0|EFIT:0",1791432807,1791432902
"2026-10-08 01:15:17","443",20,0,6,1,"IN_SERVICE",true,true,true,"FIT:20|BATTLE:0|BOOST:0|MUVO:0|EFIT:0",1791432884,1791432902
"2026-10-08 01:15:17","446",14,0,3,0,"IN_SERVICE",true,true,true,"FIT:11|BATTLE:0|BOOST:0|MUVO:0|EFIT:3",1791432828,1791432902
"2026-10-08 01:15:17","448",5,1,4,1,"IN_SERVICE",true,true,true,"FIT:5|BATTLE:0|BOOST:0|MUVO:0|EFIT:0",1791432817,1791432902
"2026-10-08 01:15:17","451",8,1,1,1,"IN_SERVICE",true,true,true,"FIT:8|BATTLE:0|BOOST:0|MUVO:0|EFIT:0",1791432719,1791432902
"2026-10-08 01:15:17","452",9,0,10,0,"IN_SERVICE",true,true,true,"FIT:8|BATTLE:0|BOOST:0|MUVO:0|EFIT:1",1791432866,1791432902
"2026-10-08 01:15:17","454",14,0,1,0,"IN_SERVICE",true,true,true,"FIT:14|BATTLE:0|BOOST:0|MUVO:0|EFIT:0",1791432897,1791432902
"2026-10-08 01:15:17","455",5,0,6,0,"IN_SERVICE",true,true,true,"FIT:4|BATTLE:0|BOOST:0|MUVO:0|EFIT:1",1791432867,1791432902
"2026-10-08 01:15:17","459",15,0,2,0,"IN_SERVICE",true,true,true,"FIT:12|BATTLE:0|BOOST:0|MUVO:0|EFIT:3",1791432721,1791432902
"2026-10-08 01:15:17","460",2,0,21,0,"IN_SERVICE",true,true,true,"FIT:1|BATTLE:0|BOOST:0|MUVO:0|EFIT:1",1791432822,1791432902
"2026-10-08 01:15:17","461",4,0,11,0,"IN_SERVICE",true,true,true,"FIT:4|BATTLE:0|BOOST:0|MUVO:0|EFIT:0",1791432725,1791432902
"2026-10-08 01:15:17","462",3,0,12,0,"IN_SERVICE",true,true,true,"FIT:3|BATTLE:0|BOOST:0|MUVO:0|EFIT:0",1791432769,1791432902
"2026-10-08 01:15:17","463",10,0,5,0,"IN_SERVICE",true,true,true,"FIT:10|BATTLE:0|BOOST:0|MUVO:0|EFIT:0",1791432724,1791432902
"2026-10-08 01:15:17","464",6,0,5,0,"IN_SERVICE",true,true,true,"FIT:3|BATTLE:0|BOOST:0|MUVO:0|EFIT:3",1791432801,1791432902
"2026-10-08 01:15:17","466",17,0,2,0,"IN_SERVICE",true,true,true,"FIT:17|BATTLE:0|BOOST:0|MUVO:0|EFIT:0",1791432726,1791432902
"2026-10-08 01:15:17","467",0,0,15,0,"IN_SERVICE",true,true,true,"FIT:0|BATTLE:0|BOOST:0|MUVO:0|EFIT:0",1791432899,1791432902
"2026-10-08 01:15:17","468",16,0,3,0,"IN_SERVICE",true,true,true,"FIT:14|BATTLE:0|BOOST:0|MUVO:0|EFIT:2",1791432817,1791432902
"2026-10-08 01:15:17","469",16,0,3,0,"IN_SERVICE",true,true,true,"FIT:16|BATTLE:0|BOOST:0|MUVO:0|EFIT:0",1791432743,1791432902
"2026-10-08 01:15:17","470",14,1,4,0,"IN_SERVICE",true,true,true,"FIT:14|BATTLE:0|BOOST:0|MUVO:0|EFIT:0",1791432865,1791432902
"2026-10-08 01:15:17","471",9,1,9,0,"IN_SERVICE",true,true,true,"FIT:6|BATTLE:0|BOOST:0|MUVO:0|EFIT:3",1791432889,1791432902
"2026-10-08 01:15:17","473",10,0,1,0,"IN_SERVICE",true,true,true,"FIT:7|BATTLE:0|BOOST:0|MUVO:0|EFIT:3",1791432853,1791432902
"2026-10-08 01:15:17","474",8,2,5,0,"IN_SERVICE",true,true,true,"FIT:7|BATTLE:0|BOOST:0|MUVO:0|EFIT:1",1791432865,1791432902
"2026-10-08 01:15:17","477",3,0,12,0,"IN_SERVICE",true,true,true,"FIT:1|BATTLE:0|BOOST:0|MUVO:0|EFIT:2",1791432803,1791432902
"2026-10-08 01:15:17","479",16,0,3,0,"IN_SERVICE",true,true,true,"FIT:14|BATTLE:0|BOOST:0|MUVO:0|EFIT:2",1791432734,1791432902
"2026-10-08 01:15:17","487",11,0,0,0,"IN_SERVICE",true,true,true,"FIT:11|BATTLE:0|BOOST:0|MUVO:0|EFIT:0",1791432821,1791432902
"2026-10-08 01:15:17","488",2,0,13,0,"IN_SERVICE",true,true,true,"FIT:2|BATTLE:0|BOOST:0|MUVO:0|EFIT:0",1791432798,1791432902
"2026-10-08 01:15:17","489",1,1,20,1,"IN_SERVICE",true,true,true,"FIT:1|BATTLE:0|BOOST:0|MUVO:0|EFIT:0",1791432777,1791432902
"2026-10-08 01:15:17","490",2,0,9,0,"IN_SERVICE",true,true,true,"FIT:0|BATTLE:0|BOOST:0|MUVO:0|EFIT:2",1791432895,1791432902
"2026-10-08 01:15:17","491",9,0,6,2,"IN_SERVICE",true,true,true,"FIT:8|BATTLE:0|BOOST:0|MUVO:0|EFIT:1",1791432850,1791432902
"2026-10-08 01:15:17","492",2,1,12,0,"IN_SERVICE",true,true,true,"FIT:2|BATTLE:0|BOOST:0|MUVO:0|EFIT:0",1791432878,1791432902
"2026-10-08 01:15:17","493",3,0,14,2,"IN_SERVICE",true,true,true,"FIT:3|BATTLE:0|BOOST:0|MUVO:0|EFIT:0",1791432856,1791432902
"2026-10-08 01:15:17","494",1,1,17,0,"IN_SERVICE",true,true,true,"FIT:1|BATTLE:0|BOOST:0|MUVO:0|EFIT:0",1791432808,1791432902
"2026-10-08 01:15:17","495",19,0,0,0,"IN_SERVICE",true,true,true,"FIT:19|BATTLE:0|BOOST:0|MUVO:0|EFIT:0",1791432827,1791432902
"2026-10-08 01:15:17","497",8,0,7,0,"IN_SERVICE",true,true,true,"FIT:7|BATTLE:0|BOOST:0|MUVO:0|EFIT:1",1791432764,1791432902
"2026-10-08 01:15:17","498",0,0,19,0,"IN_SERVICE",true,true,true,"FIT:0|BATTLE:0|BOOST:0|MUVO:0|EFIT:0",1791432830,1791432902
"2026-10-08 01:15:17","499",1,0,10,0,"IN_SERVICE",true,true,true,"FIT:1|BATTLE:0|BOOST:0|MUVO:0|EFIT:0",1791432767,1791432902
"2026-10-08 01:15:17","500",9,0,2,0,"IN_SERVICE",true,true,true,"FIT:6|BATTLE:0|BOOST:0|MUVO:0|EFIT:3",1791432876,1791432902
"2026-10-08 01:15:17","501",19,0,3,0,"IN_SERVICE",true,true,true,"FIT:19|BATTLE:0|BOOST:0|MUVO:0|EFIT:0",1791432783,1791432902
"2026-10-08 01:15:17","503",21,0,6,0,"IN_SERVICE",true,true,true,"FIT:19|BATTLE:0|BOOST:0|MUVO:0|EFIT:2",1791432779,1791432902
"2026-10-08 01:15:17","504",3,0,8,0,"IN_SERVICE",true,true,true,"FIT:2|BATTLE:0|BOOST:0|MUVO:0|EFIT:1",1791432742,1791432902
"2026-10-08 01:15:17","505",3,0,16,0,"IN_SERVICE",true,true,true,"FIT:3|BATTLE:0|BOOST:0|MUVO:0|EFIT:0",1791432732,1791432902
"2026-10-08 01:15:17","506",11,0,16,0,"IN_SERVICE",true,true,true,"FIT:11|BATTLE:0|BOOST:0|MUVO:0|EFIT:0",1791432748,1791432902
"2026-10-08 01:15:17","508",2,0,17,0,"IN_SERVICE",true,true,true,"FIT:2|BATTLE:0|BOOST:0|MUVO:0|EFIT:0",1791432787,1791432902
"2026-10-08 01:15:17","509",10,0,9,0,"IN_SERVICE",true,true,true,"FIT:10|BATTLE:0|BOOST:0|MUVO:0|EFIT:0",1791432754,1791432902
"2026-10-08 01:15:17","518",4,0,7,0,"IN_SERVICE",true,true,true,"FIT:1|BATTLE:0|BOOST:0|MUVO:0|EFIT:3",1791432758,1791432902
"2026-10-08 01:15:17","519",8,1,6,0,"IN_SERVICE",true,true,true,"FIT:5|BATTLE:0|BOOST:0|MUVO:0|EFIT:3",1791432836,1791432902
"2026-10-08 01:15:17","520",9,0,2,0,"IN_SERVICE",true,true,true,"FIT:5|BATTLE:0|BOOST:0|MUVO:0|EFIT:4",1791432730,1791432902
"2026-10-08 01:15:17","521",12,0,5,0,"IN_SERVICE",true,true,true,"FIT:10|BATTLE:0|BOOST:0|MUVO:0|EFIT:2",1791432810,1791432902
"2026-10-08 01:15:17","522",7,0,12,0,"IN_SERVICE",true,true,true,"FIT:7|BATTLE:0|BOOST:0|MUVO:0|EFIT:0",1791432776,1791432902
"2026-10-08 01:15:17","523",11,0,8,0,"IN_SERVICE",true,true,true,"FIT:10|BATTLE:0|BOOST:0|MUVO:0|EFIT:1",1791432753,1791432902
"2026-10-08 01:15:17","524",8,0,8,0,"IN_SERVICE",true,true,true,"FIT:8|BATTLE:0|BOOST:0|MUVO:0|EFIT:0",1791432804,1791432902
"2026-10-08 01:15:17","525",1,0,18,0,"IN_SERVICE",true,true,true,"FIT:1|BATTLE:0|BOOST:0|MUVO:0|EFIT:0",1791432797,1791432902
"2026-10-08 01:15:17","526",6,0,9,0,"IN_SERVICE",true,true,true,"FIT:6|BATTLE:0|BOOST:0|MUVO:0|EFIT:0",1791432785,1791432902
"2026-10-08 01:15:17","528",8,0,6,1,"IN_SERVICE",true,true,true,"FIT:8|BATTLE:0|BOOST:0|MUVO:0|EFIT:0",1791432823,1791432902
"2026-10-08 01:15:17","529",2,0,13,0,"IN_SERVICE",true,true,true,"FIT:2|BATTLE:0|BOOST:0|MUVO:0|EFIT:0",1791432747,1791432902
"2026-10-08 01:15:17","530",1,0,18,0,"IN_SERVICE",true,true,true,"FIT:1|BATTLE:0|BOOST:0|MUVO:0|EFIT:0",1791432858,1791432902
"2026-10-08 01:15:17","531",1,0,16,0,"IN_SERVICE",true,true,true,"FIT:1|BATTLE:0|BOOST:0|MUVO:0|EFIT:0",1791432796,1791432902
"2026-10-08 01:15:17","536",1,0,10,0,"IN_SERVICE",true,true,true,"FIT:1|BATTLE:0|BOOST:0|MUVO:0|EFIT:0",1791432797,1791432902
"2026-10-08 01:15:17","538",11,0,0,0,"IN_SERVICE",true,true,true,"FIT:11|BATTLE:0|BOOST:0|MUVO:0|EFIT:0",1791432733,1791432902
"2026-10-08 01:15:17","539",11,0,4,0,"IN_SERVICE",true,true,true,"FIT:11|BATTLE:0|BOOST:0|MUVO:0|EFIT:0",1791432836,1791432902
"2026-10-08 01:15:17","540",3,0,12,0,"IN_SERVICE",true,true,true,"FIT:3|BATTLE:0|BOOST:0|MUVO:0|EFIT:0",1791432845,1791432902
"2026-10-08 01:15:17","541",2,0,13,0,"IN_SERVICE",true,true,true,"FIT:2|BATTLE:0|BOOST:0|MUVO:0|EFIT:0",1791432807,1791432902
"2026-10-08 01:15:17","542",8,0,7,0,"IN_SERVICE",true,true,true,"FIT:8|BATTLE:0|BOOST:0|MUVO:0|EFIT:0",1791432823,1791432902
"2026-10-08 01:15:17","543",1,0,14,0,"IN_SERVICE",true,true,true,"FIT:1|BATTLE:0|BOOST:0|MUVO:0|EFIT:0",1791432737,1791432902
"2026-10-08 01:15:17","548",14,0,1,0,"IN_SERVICE",true,true,true,"FIT:14|BATTLE:0|BOOST:0|MUVO:0|EFIT:0",1791432883,1791432902
"2026-10-08 01:15:17","549",2,0,13,0,"IN_SERVICE",true,true,true,"FIT:2|BATTLE:0|BOOST:0|MUVO:0|EFIT:0",1791432735,1791432902
"2026-10-08 01:15:17","551",12,1,2,0,"IN_SERVICE",true,true,true,"FIT:12|BATTLE:0|BOOST:0|MUVO:0|EFIT:0",1791432804,1791432902
"2026-10-08 01:15:17","555",11,0,4,0,"IN_SERVICE",true,true,true,"FIT:10|BATTLE:0|BOOST:0|MUVO:0|EFIT:1",1791432892,1791432902
"2026-10-08 01:15:17","559",21,0,6,0,"IN_SERVICE",true,true,true,"FIT:18|BATTLE:0|BOOST:0|MUVO:0|EFIT:3",1791432883,1791432902
"2026-10-08 01:15:17","565",1,0,14,0,"IN_SERVICE",true,true,true,"FIT:1|BATTLE:0|BOOST:0|MUVO:0|EFIT:0",1791432729,1791432902
"2026-10-08 01:15:17","566",17,0,0,0,"IN_SERVICE",true,true,true,"FIT:16|BATTLE:0|BOOST:0|MUVO:0|EFIT:1",1791432754,1791432902
"2026-10-08 01:15:17","567",1,0,16,0,"IN_SERVICE",true,true,true,"FIT:1|BATTLE:0|BOOST:0|MUVO:0|EFIT:0",1791432854,1791432902
"2026-10-08 01:15:17","570",0,0,11,0,"IN_SERVICE",true,true,true,"FIT:0|BATTLE:0|BOOST:0|MUVO:0|EFIT:0",1791432795,1791432902
"2026-10-08 01:15:17","572",12,0,11,0,"IN_SERVICE",true,true,true,"FIT:12|BATTLE:0|BOOST:0|MUVO:0|EFIT:0",1791432888,1791432902
"2026-10-08 01:15:17","576",10,0,13,0,"IN_SERVICE",true,true,true,"FIT:9|BATTLE:0|BOOST:0|MUVO:0|EFIT:1",1791432727,1791432902
"2026-10-08 01:15:17","577",6,0,9,0,"IN_SERVICE",true,true,true,"FIT:4|BATTLE:0|BOOST:0|MUVO:0|EFIT:2",1791432767,1791432902
"2026-10-08 01:15:17","590",10,0,0,0,"IN_SERVICE",true,true,true,"FIT:10|BATTLE:0|BOOST:0|MUVO:0|EFIT:0",1791432727,1791432902
"2026-10-08 01:15:17","593",12,0,3,0,"IN_SERVICE",true,true,true,"FIT:12|BATTLE:0|BOOST:0|MUVO:0|EFIT:0",1791432756,1791432902
"2026-10-08 01:15:17","594",10,0,9,0,"IN_SERVICE",true,true,true,"FIT:9|BATTLE:0|BOOST:0|MUVO:0|EFIT:1",1791432738,1791432902
"2026-10-08 01:15:17","595",1,0,13,1,"IN_SERVICE",true,true,true,"FIT:0|BATTLE:0|BOOST:0|MUVO:0|EFIT:1",1791432892,1791432902
"2026-10-08 01:15:17","597",11,0,7,1,"IN_SERVICE",true,true,true,"FIT:10|BATTLE:0|BOOST:0|MUVO:0|EFIT:1",1791432753,1791432902
"2026-10-08 01:15:17","598",0,0,9,0,"IN_SERVICE",true,true,true,"FIT:0|BATTLE:0|BOOST:0|MUVO:0|EFIT:0",1791432846,1791432902
